model_type,feature_variant,config_name,target_mode,feature_count,validation_MAE,validation_RMSE,validation_R2,validation_median_AE
ridge,trusted_recommended_features_without_listing_dates_without_oem_number,log_ridge_alpha_0_001_minfreq_5,log,65,90.62500212275852,244.95479666519952,0.8506121523579382,15.99330506630308
ridge,trusted_recommended_features_without_oem_number,log_ridge_alpha_0_001_minfreq_5,log,66,90.67316520682081,244.88769907025923,0.8506939812717433,16.080484797878647
ridge,trusted_recommended_features_without_listing_dates_without_oem_number,log_ridge_alpha_0_003_minfreq_5,log,65,90.94523681276397,245.45941777436536,0.8499960230934461,15.86552397709849
ridge,trusted_recommended_features_without_oem_number,log_ridge_alpha_0_003_minfreq_5,log,66,90.9860626441148,245.3143932507223,0.8501732241067217,16.11500354581772
ridge,trusted_extended_traficom_stack_without_oem_number,log_ridge_alpha_0_001_minfreq_5,log,61,91.17831182473088,245.0175117078802,0.8505356479194895,16.041989325940804
ridge,trusted_manual_all_features_set_without_oem_number,log_ridge_alpha_0_001_minfreq_5,log,62,91.1950216107492,244.94649788385314,0.8506222743567711,15.972532964253006
ridge,trusted_extended_traficom_stack_without_oem_number,log_ridge_alpha_0_003_minfreq_5,log,61,91.44831457722161,245.56500461550954,0.8498669438936515,16.063414795664855
ridge,trusted_manual_all_features_set_without_oem_number,log_ridge_alpha_0_003_minfreq_5,log,62,91.52535330266217,245.55213517790258,0.8498826796648976,15.963157429799054
ridge,trusted_recommended_features_without_listing_dates_without_oem_number,log_ridge_alpha_0_01_minfreq_5,log,65,92.04696177715049,247.57381477473245,0.8474006123303333,15.889386402028038
ridge,trusted_recommended_features_without_oem_number,log_ridge_alpha_0_01_minfreq_5,log,66,92.08907343426311,247.49794681074573,0.8474941248929191,16.04862575254559
ridge,trusted_extended_traficom_stack_without_oem_number,log_ridge_alpha_0_01_minfreq_5,log,61,92.56054600854435,248.10837968018654,0.8467409113398494,15.79726980676287
ridge,trusted_manual_all_features_set_without_oem_number,log_ridge_alpha_0_01_minfreq_5,log,62,92.57633168264876,248.00837575972383,0.8468644333340594,15.828905962885159
ridge,trusted_recommended_features_without_listing_dates,log_ridge_alpha_0_001_minfreq_5,log,66,92.67347390269194,246.19614729444794,0.8490942185790211,15.695202796798426
ridge,trusted_recommended_features,log_ridge_alpha_0_001_minfreq_5,log,67,92.80798348128141,246.19328578002256,0.8490977264857504,15.76679282556853
ridge,trusted_recommended_features_without_listing_dates,log_ridge_alpha_0_003_minfreq_5,log,66,93.15718403395653,247.0107202749983,0.8480939825606864,15.69945691762328
ridge,trusted_recommended_features,log_ridge_alpha_0_003_minfreq_5,log,67,93.29114467089477,247.00590997149916,0.848099898959225,15.772528246128449
ridge,trusted_manual_all_features_set,log_ridge_alpha_0_001_minfreq_5,log,63,93.66845734978851,247.5816526726083,0.8473909499405489,14.71460762102727
ridge,trusted_extended_traficom_stack,log_ridge_alpha_0_001_minfreq_5,log,62,93.87043391358834,248.15211247468937,0.8466868781875485,14.787162458949112
ridge,trusted_extended_traficom_stack,log_ridge_alpha_0_003_minfreq_5,log,62,94.22795067470328,248.85674275618956,0.845814973919764,14.745788848623071
ridge,trusted_manual_all_features_set,log_ridge_alpha_0_003_minfreq_5,log,63,94.29755709644887,248.78685170090904,0.8459015670401934,14.69364446201726
ridge,trusted_recommended_features_without_listing_dates_without_oem_number,log_ridge_alpha_0_001_minfreq_2,log,65,94.31250471430499,251.34698527430203,0.8427137584485322,15.841515563503634
ridge,trusted_recommended_features_without_listing_dates,log_ridge_alpha_0_01_minfreq_5,log,66,94.77313503526267,250.11443591002845,0.8442525692387204,15.650415465988075
ridge,trusted_recommended_features_without_oem_number,log_ridge_alpha_0_001_minfreq_2,log,66,94.79953584869473,252.19449864783735,0.8416512676218384,15.776691926263013
ridge,trusted_manual_all_features_set_without_oem_number,log_ridge_alpha_0_001_minfreq_2,log,62,94.865476345864,251.85658077498243,0.8420753293565271,15.920973053842175
ridge,trusted_recommended_features,log_ridge_alpha_0_01_minfreq_5,log,67,94.90544856396943,250.12885278246318,0.8442346138132644,15.763469023552243
ridge,trusted_extended_traficom_stack_without_oem_number,log_ridge_alpha_0_001_minfreq_2,log,61,95.18190712818085,252.56893684303674,0.8411807115252526,15.90055844793119
ridge,trusted_recommended_features_without_listing_dates_without_oem_number,log_ridge_alpha_0_003_minfreq_2,log,65,95.43450044527516,253.58748913148733,0.8398971654665998,15.83830587710301
ridge,trusted_recommended_features_without_oem_number,log_ridge_alpha_0_003_minfreq_2,log,66,95.45614173819946,253.5141834762468,0.8399897153544416,15.78379895609001
ridge,trusted_extended_traficom_stack_without_oem_number,log_ridge_alpha_0_003_minfreq_2,log,61,95.5462320447172,253.32349234666594,0.8402303414675302,15.883738746395622
ridge,trusted_manual_all_features_set_without_oem_number,log_ridge_alpha_0_003_minfreq_2,log,62,95.60179950055776,253.34696820881678,0.8402007279150111,15.896730155523926
ridge,trusted_extended_traficom_stack,log_ridge_alpha_0_01_minfreq_5,log,62,95.68234893091251,252.0421267300824,0.8418425534056958,14.747502679791339
ridge,trusted_manual_all_features_set,log_ridge_alpha_0_01_minfreq_5,log,63,95.71394480422279,251.87029702444912,0.8420581275573343,14.811266793116552
ridge,trusted_recommended_features_without_listing_dates_without_oem_number,log_ridge_alpha_0_01_minfreq_2,log,65,95.74509922056887,254.26145230144556,0.8390450193099401,15.940110026987782
ridge,trusted_recommended_features_without_oem_number,log_ridge_alpha_0_01_minfreq_2,log,66,95.76146965549427,254.1796772040419,0.8391485347466516,15.84800378391742
ridge,trusted_recommended_features_without_listing_dates_without_oem_number,log_ridge_alpha_0_03_minfreq_5,log,65,96.29587595093021,256.48867258584875,0.8362128772839634,15.906912942724702
ridge,trusted_recommended_features_without_oem_number,log_ridge_alpha_0_03_minfreq_5,log,66,96.38139676867065,256.4973890027939,0.8362017449318359,16.00380679576338
ridge,trusted_manual_all_features_set_without_oem_number,log_ridge_alpha_0_01_minfreq_2,log,62,96.65999476635557,255.7287288012208,0.8371820008840533,15.886634166726552
ridge,trusted_recommended_features,log_ridge_alpha_0_001_minfreq_2,log,67,96.69150968550872,253.9517439354072,0.8394368895188419,16.723940048308307
ridge,trusted_extended_traficom_stack,log_ridge_alpha_0_001_minfreq_2,log,62,96.81947098648166,254.44323049428823,0.8388147951532846,15.671642053925297
ridge,trusted_extended_traficom_stack_without_oem_number,log_ridge_alpha_0_03_minfreq_5,log,61,96.95937711910148,257.3735619217988,0.8350807922838062,16.084657154504953
ridge,trusted_recommended_features_without_listing_dates,log_ridge_alpha_0_003_minfreq_2,log,66,96.99115302759841,254.99496972382897,0.8381150035208174,16.65764354745187
ridge,trusted_recommended_features,log_ridge_alpha_0_003_minfreq_2,log,67,97.03159272260206,254.79583120899852,0.8383677532110745,16.71061596632319
ridge,trusted_manual_all_features_set_without_oem_number,log_ridge_alpha_0_03_minfreq_5,log,62,97.03291832354923,257.3897019856653,0.8350601072531659,15.97554628671351
ridge,trusted_extended_traficom_stack_without_oem_number,log_ridge_alpha_0_01_minfreq_2,log,61,97.04104027142915,256.70879532446315,0.8359316271188867,15.80962806298551
ridge,trusted_manual_all_features_set,log_ridge_alpha_0_003_minfreq_2,log,63,97.28460319038473,255.3729178270244,0.8376347629080283,15.756520575147782
ridge,trusted_recommended_features_without_listing_dates,log_ridge_alpha_0_001_minfreq_10,log,66,97.52527781471295,255.22615266603415,0.8378213348658554,19.5884402516431
ridge,trusted_manual_all_features_set,log_ridge_alpha_0_001_minfreq_2,log,63,97.68730494403772,256.3047338841429,0.8364477101739869,15.634003702731889
ridge,trusted_recommended_features_without_listing_dates,log_ridge_alpha_0_001_minfreq_2,log,66,97.75032432727305,256.77909679751565,0.8358417523045315,16.754389321969825
ridge,trusted_recommended_features,log_ridge_alpha_0_01_minfreq_2,log,67,97.79414747862532,256.77743765976004,0.8358438736630855,16.60745341823673
ridge,trusted_recommended_features_without_oem_number,log_ridge_alpha_0_001_minfreq_10,log,66,97.85426642957708,255.60330456902057,0.8373416725386339,19.65274806350068
ridge,trusted_recommended_features_without_listing_dates_without_oem_number,log_ridge_alpha_0_003_minfreq_10,log,65,97.9237978928053,255.9326958974009,0.8369221727571405,19.966335253153794
ridge,trusted_recommended_features_without_listing_dates_without_oem_number,log_ridge_alpha_0_001_minfreq_10,log,65,97.92666263483251,255.8923187885652,0.8369736245011005,19.695101678128196
ridge,trusted_recommended_features_without_oem_number,log_ridge_alpha_0_003_minfreq_10,log,66,97.93848958000977,255.80097271138877,0.8370899950273939,19.767711553999504
ridge,trusted_recommended_features,log_ridge_alpha_0_001_minfreq_10,log,67,97.9731258305862,255.76954654171428,0.8371300208562227,19.712710928870194
ridge,trusted_extended_traficom_stack,log_ridge_alpha_0_003_minfreq_2,log,62,97.99227438279304,257.39172192081236,0.8350575184223678,15.623714921679024
ridge,trusted_manual_all_features_set_without_oem_number,log_ridge_alpha_0_001_minfreq_10,log,62,98.06212296423256,255.61862836631468,0.8373221687379435,20.247083089330488
ridge,trusted_extended_traficom_stack_without_oem_number,log_ridge_alpha_0_001_minfreq_10,log,61,98.0709230478841,255.75288226460157,0.8371512432580732,20.434598429623293
ridge,trusted_manual_all_features_set,log_ridge_alpha_0_01_minfreq_2,log,63,98.08290325889452,257.5746241061729,0.8348230193568684,15.639192664033189
ridge,trusted_recommended_features_without_listing_dates,log_ridge_alpha_0_003_minfreq_10,log,66,98.30502246273355,256.58491340782183,0.8360899403566305,19.658093265843206
ridge,trusted_recommended_features_without_listing_dates,log_ridge_alpha_0_01_minfreq_2,log,66,98.32137017607137,258.5058578531345,0.8336265005914713,16.56124723977352
ridge,trusted_extended_traficom_stack_without_oem_number,log_ridge_alpha_0_003_minfreq_10,log,61,98.40775786188895,256.3752775530225,0.8363576676205965,20.43521577581268
ridge,trusted_manual_all_features_set_without_oem_number,log_ridge_alpha_0_003_minfreq_10,log,62,98.4515271246919,256.3224390721046,0.8364251134469939,20.272723883881298
ridge,trusted_manual_all_features_set,log_ridge_alpha_0_001_minfreq_10,log,63,98.51699965831843,257.1245402708174,0.8353997728752667,19.83693375933187
ridge,trusted_extended_traficom_stack,log_ridge_alpha_0_01_minfreq_2,log,62,98.55502486177936,259.08577428131434,0.8328791987849863,15.53163187655241
ridge,trusted_recommended_features,log_ridge_alpha_0_003_minfreq_10,log,67,98.62403537000615,256.8932617122771,0.8356957491541779,19.81639655073691
ridge,trusted_recommended_features_without_listing_dates,log_ridge_alpha_0_01_minfreq_10,log,66,98.77918697819004,257.8563162641958,0.8344615357428914,19.46853178339336
ridge,trusted_extended_traficom_stack,log_ridge_alpha_0_001_minfreq_10,log,62,98.82490868449625,257.78237026595855,0.8345564657565374,19.81807028064742
ridge,trusted_extended_traficom_stack,log_ridge_alpha_0_003_minfreq_10,log,62,98.88842009467359,258.0588186000987,0.8342014289588582,19.770845109442305
ridge,trusted_recommended_features_without_listing_dates,log_ridge_alpha_0_03_minfreq_5,log,66,98.96482043755832,260.63667975931804,0.8308724168440454,15.719837207595276
ridge,trusted_recommended_features,log_ridge_alpha_0_03_minfreq_5,log,67,99.06213054377403,260.6931373243305,0.8307991380890886,15.835711534875085
ridge,trusted_recommended_features_without_listing_dates_without_oem_number,log_ridge_alpha_0_03_minfreq_2,log,65,99.1841665153656,262.68661991763094,0.8282015352935768,16.09603897436952
ridge,trusted_recommended_features_without_oem_number,log_ridge_alpha_0_01_minfreq_10,log,66,99.19210917120695,258.2364480644218,0.833973102351659,19.832330224588524
ridge,trusted_recommended_features_without_oem_number,log_ridge_alpha_0_03_minfreq_2,log,66,99.24069424912908,262.7074133313487,0.8281743362079232,15.892647813804984
ridge,trusted_manual_all_features_set,log_ridge_alpha_0_003_minfreq_10,log,63,99.24285574663492,258.49791251839025,0.8336367276156614,19.916551699204803
ridge,trusted_recommended_features_without_listing_dates_without_oem_number,log_ridge_alpha_0_01_minfreq_10,log,65,99.40801409001803,258.7818663926092,0.8332710345932457,19.82696256377355
ridge,trusted_extended_traficom_stack,log_ridge_alpha_0_03_minfreq_5,log,62,99.67057525035246,262.74361200379957,0.8281269809440326,14.886396603807754
ridge,trusted_manual_all_features_set,log_ridge_alpha_0_03_minfreq_5,log,63,99.75957683640017,262.7710330478824,0.8280911042692212,14.997892827239639
ridge,trusted_manual_all_features_set_without_oem_number,log_ridge_alpha_0_03_minfreq_2,log,62,99.85372899433789,264.22217389629924,0.8261871436640911,15.868341593714263
ridge,trusted_recommended_features,log_ridge_alpha_0_01_minfreq_10,log,67,99.86616158694771,259.5886037501656,0.8322298786195704,19.813401755199138
ridge,trusted_extended_traficom_stack_without_oem_number,log_ridge_alpha_0_01_minfreq_10,log,61,99.99820520863086,259.5223692466977,0.8323154813993583,20.463112847154434
ridge,trusted_manual_all_features_set,log_ridge_alpha_0_01_minfreq_10,log,63,100.25096335037097,260.9463607323536,0.8304702730617397,19.858747774939474
ridge,trusted_extended_traficom_stack_without_oem_number,log_ridge_alpha_0_03_minfreq_2,log,61,100.28333703498214,265.6259649414254,0.8243353301268114,15.87014343342561
ridge,trusted_manual_all_features_set_without_oem_number,log_ridge_alpha_0_01_minfreq_10,log,62,100.33132387923652,260.0657353317126,0.8316125788777047,20.197949261333747
ridge,trusted_extended_traficom_stack,log_ridge_alpha_0_01_minfreq_10,log,62,100.42277057938746,261.44640840267385,0.8298199158822738,19.80052046560082
ridge,trusted_recommended_features,log_ridge_alpha_0_03_minfreq_2,log,67,101.39388731954821,267.60803873917473,0.8217039655124871,16.466385705896414
ridge,trusted_extended_traficom_stack,log_ridge_alpha_0_03_minfreq_2,log,62,101.55756494058984,268.59690829366906,0.8203838461646902,15.321794041811216
ridge,trusted_manual_all_features_set,log_ridge_alpha_0_03_minfreq_2,log,63,101.57556193965567,268.3694595759401,0.8206879164290204,15.373785324036305
ridge,trusted_recommended_features_without_listing_dates,log_ridge_alpha_0_03_minfreq_2,log,66,101.77281533660745,269.2328450421478,0.8195323119160236,16.352470771488527
ridge,trusted_recommended_features,log_ridge_alpha_0_03_minfreq_10,log,67,102.02862424935115,265.804095992211,0.8240996466584785,19.617389778212527
ridge,trusted_recommended_features_without_listing_dates_without_oem_number,log_ridge_alpha_0_03_minfreq_10,log,65,102.61645420545756,266.49438002400683,0.8231848460947226,20.080891468938816
ridge,trusted_recommended_features_without_oem_number,log_ridge_alpha_0_03_minfreq_10,log,66,102.69928660172114,266.4783481089763,0.8232061193407699,19.823149841269014
ridge,trusted_manual_all_features_set_without_oem_number,log_ridge_alpha_0_03_minfreq_10,log,62,102.8143361372185,266.74647176411213,0.8228501694523577,20.29830042732288
ridge,trusted_recommended_features_without_listing_dates,log_ridge_alpha_0_03_minfreq_10,log,66,102.82216158159777,267.81094456190516,0.8214334876978513,19.591345149254664
ridge,trusted_manual_all_features_set,log_ridge_alpha_0_03_minfreq_10,log,63,102.86290526439572,268.43886512403975,0.8205951572696675,19.753726648954284
ridge,trusted_extended_traficom_stack_without_oem_number,log_ridge_alpha_0_03_minfreq_10,log,61,103.13893694352798,267.58870491314343,0.8217297272198447,20.474607710717926
ridge,trusted_extended_traficom_stack,log_ridge_alpha_0_03_minfreq_10,log,62,103.3980839880015,269.8779100382057,0.8186664974343631,19.76921982714947
ridge,trusted_recommended_features_without_listing_dates_without_oem_number,log_ridge_alpha_0_1_minfreq_2,log,65,105.49467541281031,283.76737967449424,0.7995212648889326,16.271150803906494
ridge,trusted_recommended_features_without_oem_number,log_ridge_alpha_0_1_minfreq_2,log,66,105.5894644548266,283.9425338404486,0.7992736992746409,16.236463121648683
ridge,trusted_manual_all_features_set_without_oem_number,log_ridge_alpha_0_1_minfreq_2,log,62,105.78415164976857,284.29005565759866,0.7987820543206612,16.313725081435052
ridge,trusted_extended_traficom_stack_without_oem_number,log_ridge_alpha_0_1_minfreq_2,log,61,106.99457417926133,289.3104059778178,0.7916125870051454,16.6429919439272
ridge,trusted_recommended_features_without_oem_number,log_ridge_alpha_0_1_minfreq_5,log,66,108.68909419554315,299.0250545938501,0.7773828951478107,16.027228981645465
ridge,trusted_recommended_features_without_listing_dates_without_oem_number,log_ridge_alpha_0_1_minfreq_5,log,65,108.80280143217267,299.80237065453167,0.7762240038630018,16.188117079039984
ridge,trusted_recommended_features_without_listing_dates,log_ridge_alpha_0_1_minfreq_2,log,66,108.96270920152314,297.9272556223834,0.7790144655959879,16.87761057892017
ridge,trusted_extended_traficom_stack,log_ridge_alpha_0_1_minfreq_2,log,62,109.1814399374322,299.102483881365,0.7772675916624991,16.076116936006258
ridge,trusted_extended_traficom_stack_without_oem_number,log_ridge_alpha_0_1_minfreq_5,log,61,109.40197679754807,301.841347890247,0.7731698202851368,15.769735875486873
ridge,trusted_manual_all_features_set_without_oem_number,log_ridge_alpha_0_1_minfreq_5,log,62,109.48939293894504,301.98610447830976,0.7729522024098388,15.84281027209483
ridge,trusted_recommended_features_without_listing_dates,log_ridge_alpha_0_1_minfreq_5,log,66,109.51221694866106,301.3845726633217,0.7738558231203521,16.20985415427488
ridge,trusted_recommended_features,log_ridge_alpha_0_1_minfreq_2,log,67,109.85464429961948,301.87537154292176,0.7731186806631507,16.79910810147983
ridge,trusted_recommended_features,log_ridge_alpha_0_1_minfreq_5,log,67,109.89577585478652,302.581593523619,0.7720558844689456,16.1532888332751
ridge,trusted_extended_traficom_stack,log_ridge_alpha_0_1_minfreq_5,log,62,110.17028670673572,304.778707245526,0.7687335579584398,14.972236056107732
ridge,trusted_manual_all_features_set,log_ridge_alpha_0_1_minfreq_2,log,63,110.43852522658541,304.8061085762188,0.768691971765098,15.431761568425202
ridge,trusted_recommended_features_without_listing_dates,log_ridge_alpha_0_1_minfreq_10,log,66,110.47862558895758,296.67493352099956,0.7808683639666915,19.484825469542272
ridge,trusted_manual_all_features_set,log_ridge_alpha_0_1_minfreq_5,log,63,110.48038554687416,305.65789133531797,0.767397381678708,15.084543336850942
ridge,trusted_recommended_features,log_ridge_alpha_0_1_minfreq_10,log,67,110.71644822103259,297.3846410116568,0.7798186940209025,19.53761221309253
ridge,trusted_recommended_features_without_listing_dates_without_oem_number,log_ridge_alpha_0_1_minfreq_10,log,65,110.96128246897212,296.3361330928921,0.7813685713781671,19.92896828300404
ridge,trusted_manual_all_features_set,log_ridge_alpha_0_1_minfreq_10,log,63,111.34796167557835,300.4504532193019,0.7752554853569,19.720516425395047
ridge,trusted_recommended_features_without_oem_number,log_ridge_alpha_0_1_minfreq_10,log,66,111.38738029525337,297.9763993573809,0.778941555514546,19.709666855046436
ridge,trusted_extended_traficom_stack,log_ridge_alpha_0_1_minfreq_10,log,62,111.57657040875782,301.8705906735762,0.7731258669490005,19.635314716892054
ridge,trusted_extended_traficom_stack_without_oem_number,log_ridge_alpha_0_1_minfreq_10,log,61,111.72012968561206,299.6114549054547,0.7765089166134961,20.572270025290067
ridge,trusted_manual_all_features_set_without_oem_number,log_ridge_alpha_0_1_minfreq_10,log,62,111.75088718555557,299.55908429428024,0.7765870400730945,20.553762152672505
ridge,trusted_recommended_features_without_listing_dates,log_ridge_alpha_0_3_minfreq_2,log,66,122.85889513630666,372.5858384896672,0.6543822317324393,16.598376235067377
ridge,trusted_extended_traficom_stack,log_ridge_alpha_0_3_minfreq_2,log,62,123.0014809198308,374.0151489559747,0.6517254339039651,15.47691772301333
ridge,trusted_recommended_features,log_ridge_alpha_0_3_minfreq_2,log,67,123.0028078123882,372.8338567002331,0.6539219456887857,16.677273569655014
ridge,trusted_manual_all_features_set,log_ridge_alpha_0_3_minfreq_2,log,63,123.01531468255877,373.63773892368073,0.6524279508897332,15.649922804894146
ridge,trusted_recommended_features_without_oem_number,log_ridge_alpha_0_3_minfreq_2,log,66,123.4038546464138,373.1812851259539,0.653276653564541,16.246615582783505
ridge,trusted_recommended_features_without_listing_dates_without_oem_number,log_ridge_alpha_0_3_minfreq_2,log,65,123.4550968850413,373.55614553577425,0.6525797368661126,16.27592352684853
ridge,trusted_manual_all_features_set_without_oem_number,log_ridge_alpha_0_3_minfreq_2,log,62,123.47366492931393,373.4806350527932,0.6527201774436706,16.07713693184938
ridge,trusted_extended_traficom_stack_without_oem_number,log_ridge_alpha_0_3_minfreq_2,log,61,123.54177147809561,373.8877552800175,0.6519626457988872,16.119629410967676
ridge,trusted_recommended_features_without_listing_dates_without_oem_number,log_ridge_alpha_0_3_minfreq_5,log,65,123.92238140037877,379.47707942331306,0.6414791043949013,16.219597246595043
ridge,trusted_recommended_features_without_listing_dates,log_ridge_alpha_0_3_minfreq_10,log,66,123.92355625167035,367.2765486267442,0.6641620494358546,19.682304063127717
ridge,trusted_recommended_features_without_oem_number,log_ridge_alpha_0_3_minfreq_5,log,66,124.00349636929883,379.61157999117813,0.6412249134971836,16.28914361135878
ridge,trusted_recommended_features,log_ridge_alpha_0_3_minfreq_5,log,67,124.02952532131803,380.2930849945346,0.6399355613941561,16.87086630651101
ridge,trusted_recommended_features_without_listing_dates,log_ridge_alpha_0_3_minfreq_5,log,66,124.0377736364912,380.61961293863243,0.6393169775698448,16.826732114201434
ridge,trusted_extended_traficom_stack,log_ridge_alpha_0_3_minfreq_5,log,62,124.1090937262909,381.67787910735717,0.637308519464094,15.826187440664306
ridge,trusted_recommended_features,log_ridge_alpha_0_3_minfreq_10,log,67,124.19661990351729,368.2250216613935,0.6624252408142726,19.576521343405773
ridge,trusted_extended_traficom_stack,log_ridge_alpha_0_3_minfreq_10,log,62,124.21472546622591,369.4574898668176,0.6601616986656418,19.379443306786314
ridge,trusted_extended_traficom_stack_without_oem_number,log_ridge_alpha_0_3_minfreq_5,log,61,124.22358675131699,380.871424735857,0.638839575560362,15.780906274324451
ridge,trusted_manual_all_features_set_without_oem_number,log_ridge_alpha_0_3_minfreq_5,log,62,124.30506487759143,380.9913774549211,0.6386120499749819,15.934653986768097
ridge,trusted_manual_all_features_set,log_ridge_alpha_0_3_minfreq_10,log,63,124.3515548779533,369.707359144385,0.6597018684127596,19.70951037469476
ridge,trusted_manual_all_features_set,log_ridge_alpha_0_3_minfreq_5,log,63,124.38599519169324,382.73347770329093,0.635299568629365,15.875036555972123
ridge,trusted_recommended_features_without_listing_dates_without_oem_number,log_ridge_alpha_0_3_minfreq_10,log,65,124.85150233277142,369.09913087579486,0.6608206380633095,19.756345432584375
ridge,trusted_recommended_features_without_oem_number,log_ridge_alpha_0_3_minfreq_10,log,66,124.92021363171443,369.17524494053833,0.6606807353671471,19.686241470909636
ridge,trusted_extended_traficom_stack_without_oem_number,log_ridge_alpha_0_3_minfreq_10,log,61,125.07741829305549,370.31735515494074,0.6585779970831178,21.242950424528907
ridge,trusted_manual_all_features_set_without_oem_number,log_ridge_alpha_0_3_minfreq_10,log,62,125.15082783266523,370.5736783523068,0.658105188203334,20.86100636020538
ridge,trusted_recommended_features_without_listing_dates,log_ridge_alpha_1_minfreq_2,log,66,135.53482086894243,459.0411017931647,0.4753779739294792,17.42548637694466
ridge,trusted_extended_traficom_stack,log_ridge_alpha_1_minfreq_2,log,62,135.6063629315705,459.654110924875,0.4739758649486314,17.70656219037951
ridge,trusted_manual_all_features_set,log_ridge_alpha_1_minfreq_2,log,63,135.67775090040695,459.759078549598,0.4737355894577445,17.789901564754445
ridge,trusted_recommended_features,log_ridge_alpha_1_minfreq_2,log,67,135.68309265516612,459.5024449313186,0.4743229381465406,17.53393187833455
ridge,trusted_recommended_features_without_listing_dates,log_ridge_alpha_1_minfreq_5,log,66,135.69523199883403,461.04066006545565,0.47079756913145543,17.62134233283524
ridge,trusted_extended_traficom_stack,log_ridge_alpha_1_minfreq_5,log,62,135.75624521354464,461.4450892692673,0.46986871921146567,17.424290440748166
ridge,trusted_recommended_features,log_ridge_alpha_1_minfreq_5,log,67,135.7737638302165,461.16561477507605,0.47051067340690556,17.74769412210284
ridge,trusted_recommended_features_without_listing_dates,log_ridge_alpha_1_minfreq_10,log,66,135.80931962965965,451.12159666620056,0.4933236758875176,19.774575306634603
ridge,trusted_recommended_features,log_ridge_alpha_1_minfreq_10,log,67,135.95615178125274,451.7609511022577,0.4918864788445563,20.15456871522906
ridge,trusted_extended_traficom_stack,log_ridge_alpha_1_minfreq_10,log,62,135.98684594626994,452.63814739921804,0.48991132793011305,19.26421837516324
ridge,trusted_manual_all_features_set,log_ridge_alpha_1_minfreq_10,log,63,136.01143055831105,452.41096861370465,0.49042322576864317,19.46689917351776
ridge,trusted_manual_all_features_set,log_ridge_alpha_1_minfreq_5,log,63,136.01271648858733,462.76554785826954,0.4668303599649566,18.041184337306618
ridge,trusted_recommended_features_without_oem_number,log_ridge_alpha_1_minfreq_5,log,66,137.04024341717036,464.8737340426599,0.4619614530944307,16.64502595894065
ridge,trusted_extended_traficom_stack_without_oem_number,log_ridge_alpha_1_minfreq_5,log,61,137.0936029012382,465.2482949462219,0.4610940803960658,16.22074340971946
ridge,trusted_recommended_features_without_listing_dates_without_oem_number,log_ridge_alpha_1_minfreq_5,log,65,137.10149364811326,465.4397114313732,0.4606505464868018,16.65293486226153
ridge,trusted_recommended_features_without_listing_dates_without_oem_number,log_ridge_alpha_1_minfreq_10,log,65,137.15085069000042,455.21746608450417,0.4840813734839592,19.911657856555685
ridge,trusted_recommended_features_without_listing_dates_without_oem_number,log_ridge_alpha_1_minfreq_2,log,65,137.16961852166423,463.1783390329646,0.4658787511721725,16.75847867617864
ridge,trusted_manual_all_features_set_without_oem_number,log_ridge_alpha_1_minfreq_5,log,62,137.17862304885602,465.9364823797631,0.459498620179151,16.314653223403283
ridge,trusted_extended_traficom_stack_without_oem_number,log_ridge_alpha_1_minfreq_2,log,61,137.19830017028963,463.3722330555729,0.4654314738047679,16.02617720644603
ridge,trusted_manual_all_features_set_without_oem_number,log_ridge_alpha_1_minfreq_2,log,62,137.21341389968532,463.43702993045446,0.4652819577599552,16.130538837165375
ridge,trusted_extended_traficom_stack_without_oem_number,log_ridge_alpha_1_minfreq_10,log,61,137.22524440153913,455.7686416704074,0.48283127249041813,20.22577910448132
ridge,trusted_recommended_features_without_oem_number,log_ridge_alpha_1_minfreq_10,log,66,137.25017950475737,455.8035598303369,0.4827520249492113,20.0220984762798
ridge,trusted_manual_all_features_set_without_oem_number,log_ridge_alpha_1_minfreq_10,log,62,137.31829570686054,456.3313576804071,0.48155343654472993,20.179404577594113
ridge,trusted_recommended_features_without_oem_number,log_ridge_alpha_1_minfreq_2,log,66,137.31961658974066,464.08742950717715,0.4637800301716024,16.77639422753206
ridge,trusted_recommended_features_without_listing_dates,log_ridge_alpha_3_minfreq_5,log,66,139.6178687230769,496.00917565332145,0.38747644440902385,17.41941638901909
ridge,trusted_recommended_features,log_ridge_alpha_3_minfreq_5,log,67,139.65822851351828,496.1246629524765,0.3871911798222898,17.619577646255408
ridge,trusted_extended_traficom_stack,log_ridge_alpha_3_minfreq_5,log,62,139.71423553791027,496.4730719355012,0.3863301741800518,17.449264945913058
ridge,trusted_manual_all_features_set,log_ridge_alpha_3_minfreq_5,log,63,139.74779061044526,496.3994070740894,0.3865122688453355,17.43181072748888
ridge,trusted_recommended_features_without_listing_dates,log_ridge_alpha_3_minfreq_2,log,66,139.85031274822867,496.85145203440186,0.3853944177545755,17.9182720763895
ridge,trusted_extended_traficom_stack,log_ridge_alpha_3_minfreq_2,log,62,139.9528870809755,497.26260624768474,0.3843768007999475,18.1654270835673
ridge,trusted_manual_all_features_set,log_ridge_alpha_3_minfreq_2,log,63,139.95333238557728,497.0514130531316,0.38489961437537645,18.362427676748432
ridge,trusted_recommended_features,log_ridge_alpha_3_minfreq_2,log,67,139.9549267461308,497.3909191787411,0.38405905075130853,18.067555984336195
ridge,trusted_recommended_features_without_listing_dates,log_ridge_alpha_3_minfreq_10,log,66,140.06403681291388,491.95712761178703,0.39744334419951344,19.165757728880408
ridge,trusted_recommended_features,log_ridge_alpha_3_minfreq_10,log,67,140.13038769524186,491.77516774143794,0.3978889962629436,19.16021766658629
ridge,trusted_extended_traficom_stack,log_ridge_alpha_3_minfreq_10,log,62,140.15559934391126,492.67180812199126,0.39569136919031234,19.447734515484854
ridge,trusted_manual_all_features_set,log_ridge_alpha_3_minfreq_10,log,63,140.20171499372913,492.74321336929273,0.3955161858997611,19.531311501806186
ridge,trusted_recommended_features_without_oem_number,log_ridge_alpha_3_minfreq_5,log,66,141.72298645576436,501.3861657458505,0.3741243330617555,17.58954344377348
ridge,trusted_recommended_features_without_listing_dates_without_oem_number,log_ridge_alpha_3_minfreq_5,log,65,141.7387496206705,501.33010316181486,0.37426429003653294,17.752693087244978
ridge,trusted_manual_all_features_set_without_oem_number,log_ridge_alpha_3_minfreq_5,log,62,141.77158999953997,501.30902364118924,0.37431690978314536,18.096606427213025
ridge,trusted_extended_traficom_stack_without_oem_number,log_ridge_alpha_3_minfreq_5,log,61,141.78664657051158,501.2669472281137,0.3744219363998017,18.273936212219837
ridge,trusted_manual_all_features_set_without_oem_number,log_ridge_alpha_3_minfreq_10,log,62,142.09543879575028,497.617071819596,0.38349881398594887,18.34230911378932
ridge,trusted_extended_traficom_stack_without_oem_number,log_ridge_alpha_3_minfreq_10,log,61,142.10160634947073,497.41809799429643,0.3839917354780217,18.255487811495193
ridge,trusted_recommended_features_without_listing_dates_without_oem_number,log_ridge_alpha_3_minfreq_10,log,65,142.14811896732613,497.24232348239013,0.384427020889078,18.170463294403902
ridge,trusted_recommended_features_without_oem_number,log_ridge_alpha_3_minfreq_10,log,66,142.1544999173467,497.44710408668897,0.3839198904298492,18.475419695126874
ridge,trusted_manual_all_features_set_without_oem_number,log_ridge_alpha_3_minfreq_2,log,62,142.15654222924175,502.12850971117126,0.37226963898851384,18.134670997182894
ridge,trusted_recommended_features_without_oem_number,log_ridge_alpha_3_minfreq_2,log,66,142.19042090262673,502.8819298043545,0.37038446627478805,17.80919721929631
ridge,trusted_extended_traficom_stack_without_oem_number,log_ridge_alpha_3_minfreq_2,log,61,142.24380458707967,502.8905248977235,0.3703629437255578,18.26881670899087
ridge,trusted_recommended_features_without_listing_dates_without_oem_number,log_ridge_alpha_3_minfreq_2,log,65,142.37991094224532,503.4350703974518,0.3689986242903336,17.857910328724508
ridge,trusted_recommended_features,log_ridge_alpha_10_minfreq_5,log,67,142.99610054211195,516.0861735218003,0.3368865729661822,20.144017184325897
ridge,trusted_recommended_features_without_listing_dates,log_ridge_alpha_10_minfreq_5,log,66,143.00764946800723,515.9470914816725,0.33724393476222614,19.937718189523366
ridge,trusted_recommended_features,log_ridge_alpha_10_minfreq_2,log,67,143.00883909473478,516.0976962687607,0.3368569617348899,19.952894871306622
ridge,trusted_recommended_features_without_listing_dates,log_ridge_alpha_10_minfreq_2,log,66,143.0136464964795,515.8628335559473,0.3374603828922793,19.819507475004446
ridge,trusted_manual_all_features_set,log_ridge_alpha_10_minfreq_5,log,63,143.16631317343345,516.3202448316085,0.33628492527431997,20.484328203087756
ridge,trusted_extended_traficom_stack,log_ridge_alpha_10_minfreq_5,log,62,143.1775077910154,516.1059818441788,0.336835668999807,20.01918674619668
ridge,trusted_manual_all_features_set,log_ridge_alpha_10_minfreq_2,log,63,143.17802654803063,516.3243457458589,0.33627438201383564,20.211091108207086
ridge,trusted_extended_traficom_stack,log_ridge_alpha_10_minfreq_2,log,62,143.19207629232207,516.202228028679,0.33658830512415605,19.726007466097528
ridge,trusted_recommended_features,log_ridge_alpha_10_minfreq_10,log,67,143.92119998500996,514.3597976190634,0.34131555547018466,21.76064446759196
ridge,trusted_recommended_features_without_listing_dates,log_ridge_alpha_10_minfreq_10,log,66,143.92693318114942,514.2232059075274,0.34166534520832537,21.422533476693488
ridge,trusted_manual_all_features_set,log_ridge_alpha_10_minfreq_10,log,63,144.1095602194536,514.6696262463607,0.34052178907322994,22.085451255973453
ridge,trusted_extended_traficom_stack,log_ridge_alpha_10_minfreq_10,log,62,144.12183948142092,514.4869313128497,0.3409899027425032,21.77869525768247
ridge,trusted_manual_all_features_set_without_oem_number,log_ridge_alpha_10_minfreq_5,log,62,146.40991485165355,522.4826904765667,0.32034707863543066,22.04818680474709
ridge,trusted_extended_traficom_stack_without_oem_number,log_ridge_alpha_10_minfreq_5,log,61,146.42905419134638,522.3597442946525,0.32066690128919995,21.75607491276338
ridge,trusted_recommended_features_without_oem_number,log_ridge_alpha_10_minfreq_5,log,66,146.45389019636394,522.4915988559984,0.32032390214429884,21.97954339198843
ridge,trusted_recommended_features_without_listing_dates_without_oem_number,log_ridge_alpha_10_minfreq_5,log,65,146.46621030308924,522.4221653405507,0.3205045334320309,21.859002209998437
ridge,trusted_manual_all_features_set_without_oem_number,log_ridge_alpha_10_minfreq_2,log,62,146.50473266900707,522.559237418138,0.3201479173448212,21.780552278332387
ridge,trusted_extended_traficom_stack_without_oem_number,log_ridge_alpha_10_minfreq_2,log,61,146.51710485440094,522.5027686820977,0.32029484160061583,21.415395957126037
ridge,trusted_recommended_features_without_oem_number,log_ridge_alpha_10_minfreq_2,log,66,146.53205804006495,522.5752375851049,0.3201062841190031,21.88626971282153
ridge,trusted_recommended_features_without_listing_dates_without_oem_number,log_ridge_alpha_10_minfreq_2,log,65,146.54729976912517,522.5093615660055,0.3202776885987897,21.848582518768907
ridge,trusted_manual_all_features_set_without_oem_number,log_ridge_alpha_10_minfreq_10,log,62,147.02886129040942,520.3972375880173,0.32576182434592393,21.27569814046074
ridge,trusted_extended_traficom_stack_without_oem_number,log_ridge_alpha_10_minfreq_10,log,61,147.02950458739096,520.3720422773573,0.3258271099694232,20.890560348521234
ridge,trusted_recommended_features_without_listing_dates_without_oem_number,log_ridge_alpha_10_minfreq_10,log,65,147.0379494762285,520.342236112653,0.32590433907119887,21.11757546318438
ridge,trusted_recommended_features_without_oem_number,log_ridge_alpha_10_minfreq_10,log,66,147.03999681265702,520.3844753340491,0.32579489405767126,21.68008617282146
ridge,trusted_recommended_features_without_listing_dates,log_ridge_alpha_30_minfreq_5,log,66,154.17410639741448,539.1960426668855,0.27616968839117895,28.80497217514583
ridge,trusted_recommended_features_without_listing_dates,log_ridge_alpha_30_minfreq_2,log,66,154.1899233868046,539.2056212832547,0.2761439710123176,28.881570238718435
ridge,trusted_recommended_features,log_ridge_alpha_30_minfreq_5,log,67,154.2067549755785,539.4192001617781,0.27557041995381926,28.804238877881858
ridge,trusted_recommended_features,log_ridge_alpha_30_minfreq_2,log,67,154.22222218348602,539.4275898933683,0.27554788528321295,28.853150442051238
ridge,trusted_extended_traficom_stack,log_ridge_alpha_30_minfreq_5,log,62,154.26028219414124,539.3116035131441,0.27585939157771067,28.624597760151314
ridge,trusted_extended_traficom_stack,log_ridge_alpha_30_minfreq_2,log,62,154.27695913537784,539.3201778011378,0.2758363657817102,28.703558155253457
ridge,trusted_manual_all_features_set,log_ridge_alpha_30_minfreq_5,log,63,154.30135780262248,539.5187028197003,0.27530313500382897,28.705691553709343
ridge,trusted_manual_all_features_set,log_ridge_alpha_30_minfreq_2,log,63,154.31680407909153,539.5264821615393,0.27528223598676826,28.716447444849706
ridge,trusted_recommended_features_without_listing_dates,log_ridge_alpha_30_minfreq_10,log,66,154.66308726479087,539.1167323235287,0.2763826091249708,29.53787479717556
ridge,trusted_recommended_features,log_ridge_alpha_30_minfreq_10,log,67,154.71308062548044,539.3431064749263,0.2757747902450407,29.4511372570669
ridge,trusted_extended_traficom_stack,log_ridge_alpha_30_minfreq_10,log,62,154.76061013259093,539.2305005889042,0.27607717107494656,29.468081555107858
ridge,trusted_manual_all_features_set,log_ridge_alpha_30_minfreq_10,log,63,154.80356945482427,539.4410868107306,0.27551163206653084,29.58261642137616
ridge,trusted_manual_all_features_set_without_oem_number,log_ridge_alpha_30_minfreq_5,log,62,157.48919568769685,545.5784182342704,0.25893254945742195,28.458716090952066
ridge,trusted_extended_traficom_stack_without_oem_number,log_ridge_alpha_30_minfreq_5,log,61,157.5277003292334,545.4295172424764,0.259337003214163,28.554764980995884
ridge,trusted_manual_all_features_set_without_oem_number,log_ridge_alpha_30_minfreq_2,log,62,157.5302677774756,545.6083936767565,0.2588511150229167,28.406825204185317
ridge,trusted_recommended_features_without_oem_number,log_ridge_alpha_30_minfreq_5,log,66,157.5534007935585,545.5941988551936,0.2588896787233391,28.588338432728776
ridge,trusted_recommended_features_without_listing_dates_without_oem_number,log_ridge_alpha_30_minfreq_5,log,65,157.57093007173557,545.4345099330568,0.2593234435589733,28.66625006179973
ridge,trusted_extended_traficom_stack_without_oem_number,log_ridge_alpha_30_minfreq_2,log,61,157.57958601364265,545.456360017806,0.2592640994236194,28.54316762065975
ridge,trusted_recommended_features_without_oem_number,log_ridge_alpha_30_minfreq_2,log,66,157.59218969535775,545.6259929057865,0.25880330102484705,28.51421372588987
ridge,trusted_recommended_features_without_listing_dates_without_oem_number,log_ridge_alpha_30_minfreq_2,log,65,157.60903578632866,545.4658423245863,0.259238345040246,28.57980088890173
ridge,trusted_recommended_features_without_oem_number,log_ridge_alpha_30_minfreq_10,log,66,157.68000478076593,544.5235504409741,0.26179546496213946,28.782289867686245
ridge,trusted_manual_all_features_set_without_oem_number,log_ridge_alpha_30_minfreq_10,log,62,157.6857743123929,544.5008511066619,0.2618570101505965,28.63357871555401
ridge,trusted_recommended_features_without_listing_dates_without_oem_number,log_ridge_alpha_30_minfreq_10,log,65,157.72065579654372,544.3641630392858,0.26222756117713464,29.056254200273344
ridge,trusted_extended_traficom_stack_without_oem_number,log_ridge_alpha_30_minfreq_10,log,61,157.73266607997277,544.3531404254217,0.2622574385971862,28.7633958587235
