brand,model_family_clean,model_firstreg_total_2014_2026,model_firstreg_recent_share,model_firstreg_old_share,model_firstreg_weighted_year,model_firstreg_peak_year,model_firstreg_peak_count,model_firstreg_year_span
alfa romeo,4c,3,0.0,1.0,2014.0,2014,3,0
alfa romeo,giulia,248,0.14516129032258066,0.6975806451612904,2018.100806451613,2017,86,9
alfa romeo,giulietta,164,0.0,1.0,2015.4329268292684,2016,52,4
alfa romeo,junior,50,1.0,0.0,2024.9,2025,45,1
alfa romeo,mito,2,0.0,1.0,2014.0,2014,2,0
alfa romeo,stelvio,111,0.36036036036036034,0.34234234234234234,2019.5585585585586,2021,26,8
alfa romeo,tonale,139,1.0,0.0,2023.611510791367,2024,51,3
aston martin,db9,1,0.0,1.0,2015.0,2015,1,0
audi,a1,855,0.20818713450292398,0.5076023391812865,2018.0093567251463,2019,143,10
audi,a3,10838,0.1829673371470751,0.6995755674478686,2017.3555083963831,2014,2140,11
audi,a4,12272,0.17495110821382007,0.6716916558018253,2017.6280149934812,2016,2279,11
audi,a5,2066,0.3005808325266215,0.5522749273959342,2018.769119070668,2018,334,11
audi,a6,6823,0.23420782646929503,0.6102887292979627,2018.057599296497,2015,1010,11
audi,a7,333,0.2732732732732733,0.5015015015015015,2018.4684684684685,2015,61,11
audi,a8,131,0.32061068702290074,0.5419847328244275,2018.5954198473282,2014,22,11
audi,e-tron,808,0.6584158415841584,0.0,2020.980198019802,2022,238,5
audi,q2,1789,0.12800447177193963,0.6321967579653438,2018.4315259921743,2017,601,8
audi,q3,3158,0.26662444585180495,0.5810639645345155,2017.9046865104497,2014,503,11
audi,q4,3668,1.0,0.0,2023.4471101417666,2023,1251,4
audi,q5,4228,0.30700094607379375,0.5340586565752129,2018.5962630085146,2014,498,11
audi,q6,926,1.0,0.0,2024.64686825054,2025,599,1
audi,q7,1330,0.29172932330827067,0.562406015037594,2018.7323308270677,2016,256,11
audi,q8,898,0.9242761692650334,0.01670378619153675,2022.7761692650333,2023,466,7
audi,r8,4,0.0,1.0,2015.25,2014,2,3
audi,s,2,1.0,0.0,2025.0,2025,2,0
audi,s1,9,0.0,1.0,2015.0,2014,4,4
audi,s3,260,0.2153846153846154,0.7346153846153847,2016.9038461538462,2014,83,11
audi,s4,17,0.29411764705882354,0.5882352941176471,2018.764705882353,2017,7,5
audi,s5,19,0.5263157894736842,0.47368421052631576,2020.842105263158,2025,8,11
audi,s6,47,0.7659574468085106,0.0851063829787234,2023.3829787234042,2025,35,10
audi,s7,6,0.16666666666666666,0.8333333333333334,2016.3333333333333,2015,3,8
audi,s8,3,0.0,1.0,2014.6666666666667,2014,2,2
audi,sq2,10,0.0,0.0,2019.6,2020,6,1
audi,sq5,28,0.0,0.9642857142857143,2015.9642857142858,2014,11,5
audi,sq6,89,1.0,0.0,2024.5280898876404,2025,47,1
audi,sq7,35,0.0,0.9428571428571428,2017.4285714285713,2017,18,3
audi,sq8,13,0.7692307692307693,0.0,2022.3846153846155,2023,4,4
audi,tts,8,0.0,1.0,2015.875,2015,3,2
bentley,bentayga,43,0.4186046511627907,0.046511627906976744,2020.4186046511627,2020,19,7
bentley,continental,20,0.85,0.05,2023.7,2025,13,7
bentley,flying,25,0.96,0.04,2022.64,2022,11,11
bmw,1-sarja,3904,0.16623975409836064,0.6457479508196722,2017.811987704918,2017,623,11
bmw,2-sarja,3385,0.33677991137370755,0.4862629246676514,2018.90694239291,2023,499,11
bmw,3-sarja,12172,0.2723463687150838,0.5442819585934933,2018.153384817614,2014,1857,11
bmw,4-sarja,1431,0.12089447938504543,0.8259958071278826,2016.6848357791755,2015,354,10
bmw,5-sarja,11578,0.2267230955259976,0.5995854206253239,2018.0310934531008,2014,1493,11
bmw,550e,77,1.0,0.0,2024.2077922077922,2024,59,2
bmw,6-sarja,200,0.15,0.45,2018.575,2019,50,9
bmw,7-sarja,208,0.0625,0.6490384615384616,2017.7451923076924,2016,57,11
bmw,840d,8,0.125,0.125,2019.375,2019,4,3
bmw,840i,8,0.375,0.0,2020.375,2020,4,3
bmw,activehybrid,1,0.0,1.0,2014.0,2014,1,0
bmw,i4,3414,1.0,0.0,2023.3652606912713,2023,1524,3
bmw,i5,492,1.0,0.0,2024.2154471544716,2024,254,2
bmw,i7,52,1.0,0.0,2023.423076923077,2023,28,3
bmw,i8,1,0.0,1.0,2014.0,2014,1,0
bmw,iperformance,4,0.0,1.0,2017.5,2017,2,1
bmw,ix,834,1.0,0.0,2023.2338129496402,2022,264,4
bmw,ix1,998,1.0,0.0,2024.1192384769538,2025,434,3
bmw,ix2,276,1.0,0.0,2024.5579710144928,2025,154,1
bmw,ix3,257,1.0,0.0,2022.1089494163425,2021,101,4
bmw,m1,110,0.12727272727272726,0.6909090909090909,2017.7545454545455,2017,19,11
bmw,m2,89,0.14606741573033707,0.6741573033707865,2017.8988764044943,2017,21,11
bmw,m3,76,0.47368421052631576,0.2236842105263158,2020.1052631578948,2020,20,11
bmw,m4,61,0.6721311475409836,0.29508196721311475,2020.1803278688524,2022,17,11
bmw,m5,103,0.4368932038834951,0.5048543689320388,2020.3495145631068,2025,36,11
bmw,m7,1,0.0,1.0,2017.0,2017,1,0
bmw,m760e,3,1.0,0.0,2023.6666666666667,2024,2,1
bmw,m8,8,0.125,0.0,2019.625,2019,5,3
bmw,tourer,1,1.0,0.0,2022.0,2022,1,0
bmw,x1,5157,0.5543920884235021,0.33081248788055073,2020.5621485359704,2023,737,11
bmw,x2,308,0.3116883116883117,0.39935064935064934,2019.5454545454545,2018,123,7
bmw,x3,4207,0.5438554789636321,0.31423817447111957,2020.007844069408,2022,795,11
bmw,x4,959,0.0948905109489051,0.7737226277372263,2016.9843587069865,2015,222,10
bmw,x5,3088,0.5644430051813472,0.21729274611398963,2020.4232512953367,2021,582,11
bmw,x6,170,0.12941176470588237,0.7588235294117647,2016.9470588235295,2015,65,10
bmw,x7,73,0.4931506849315068,0.0,2020.890410958904,2019,27,6
bmw,xm,38,1.0,0.0,2023.5,2023,22,2
bmw,z4,37,0.1891891891891892,0.16216216216216217,2019.3783783783783,2019,13,11
bmw i,i3,231,0.19913419913419914,0.5627705627705628,2018.5757575757575,2018,58,6
bmw i,i3s,31,0.1935483870967742,0.3870967741935484,2019.225806451613,2018,12,4
bmw i,i8,30,0.0,0.9,2017.1666666666667,2018,10,5
byd,atto,269,1.0,0.0,2023.921933085502,2024,162,2
byd,dolphin,180,1.0,0.0,2024.4888888888888,2025,104,2
byd,han,46,1.0,0.0,2023.4565217391305,2023,29,2
byd,seal,589,1.0,0.0,2024.502546689304,2025,296,1
byd,sealion,193,1.0,0.0,2024.9844559585492,2025,190,1
byd,tang,113,1.0,0.0,2024.4336283185842,2025,69,2
cadillac,ct6,1,0.0,0.0,2020.0,2020,1,0
cadillac,escalade,3,0.6666666666666666,0.3333333333333333,2020.3333333333333,2016,1,7
cadillac,lyriq,1,1.0,0.0,2024.0,2024,1,0
cadillac,xt4,2,1.0,0.0,2022.0,2022,2,0
cadillac,xts,1,0.0,1.0,2014.0,2014,1,0
chevrolet,aveo,13,0.0,1.0,2014.076923076923,2014,12,1
chevrolet,bel,1,0.0,0.0,2020.0,2020,1,0
chevrolet,camaro,4,0.25,0.75,2018.25,2018,2,9
chevrolet,captiva,12,0.0,1.0,2014.0,2014,12,0
chevrolet,corvette,1,1.0,0.0,2023.0,2023,1,0
chevrolet,cruze,127,0.0,1.0,2014.0,2014,127,0
chevrolet,j300,1,0.0,1.0,2017.0,2017,1,0
chevrolet,malibu,27,0.0,1.0,2014.0,2014,27,0
chevrolet,orlando,14,0.0,1.0,2014.0,2014,14,0
chevrolet,spark,11,0.0,1.0,2014.0,2014,11,0
chevrolet,tahoe,1,0.0,1.0,2017.0,2017,1,0
chevrolet,trax,98,0.0,1.0,2014.0,2014,98,0
citroen,3,12,0.0,1.0,2014.0,2014,12,0
citroen,4,17,0.0,1.0,2014.0,2014,17,0
citroen,berlingo,1428,0.10364145658263306,0.6274509803921569,2017.278711484594,2014,236,11
citroen,c1,203,0.0,0.9014778325123153,2014.9310344827586,2014,125,6
citroen,c3,8730,0.3237113402061856,0.4120274914089347,2019.005040091638,2020,1190,11
citroen,c4,5284,0.2146101438304315,0.6654049962149886,2017.586866010598,2014,942,11
citroen,c5,2168,0.5078413284132841,0.20156826568265682,2019.9248154981549,2022,410,11
citroen,e-berlingo,37,1.0,0.0,2023.162162162162,2023,18,3
citroen,e-c3,215,1.0,0.0,2024.9627906976743,2025,207,1
citroen,e-c4,561,1.0,0.0,2022.7914438502673,2023,323,4
citroen,jumper,10,0.0,0.6,2017.8,2019,4,4
citroen,jumpy,127,0.2204724409448819,0.44881889763779526,2018.3779527559054,2019,33,9
citroen,spacetourer,21,1.0,0.0,2022.8095238095239,2023,12,3
cupra,ateca,2,1.0,0.0,2024.0,2024,2,0
cupra,born,846,1.0,0.0,2023.096926713948,2023,300,4
cupra,formentor,793,0.9760403530895334,0.0,2022.3518284993695,2021,218,5
cupra,leon,228,1.0,0.0,2022.9780701754387,2023,84,4
cupra,tavascan,249,1.0,0.0,2024.7349397590363,2025,183,1
cupra,terramar,141,1.0,0.0,2024.8297872340424,2025,117,1
dacia,bigster,210,1.0,0.0,2025.0,2025,210,0
dacia,dokker,1,0.0,1.0,2017.0,2017,1,0
dacia,duster,8611,0.2792939263732435,0.5256067820229938,2018.5763558239462,2019,1082,11
dacia,jogger,626,1.0,0.0,2023.3434504792333,2023,194,3
dacia,lodgy,538,0.08921933085501858,0.7286245353159851,2017.1654275092937,2018,90,8
dacia,logan,1906,0.001049317943336831,0.7618048268625394,2016.9150052465898,2018,400,7
dacia,sandero,2899,0.3894446360814074,0.49844774060020697,2019.0714039323905,2022,456,11
dacia,spring,3,1.0,0.0,2022.0,2022,3,0
ds,3,175,0.13714285714285715,0.72,2016.6285714285714,2015,44,11
ds,4,164,0.8353658536585366,0.16463414634146342,2021.7073170731708,2022,63,10
ds,5,121,0.0,1.0,2014.6528925619834,2014,73,4
ds,7,254,0.6614173228346457,0.015748031496062992,2021.1811023622047,2021,81,7
ds,9,10,1.0,0.0,2022.4,2022,8,3
ds,no 8,2,1.0,0.0,2025.0,2025,2,0
ferrari,12cilindri,1,1.0,0.0,2025.0,2025,1,0
ferrari,296,37,1.0,0.0,2023.8648648648648,2024,15,3
ferrari,488,6,0.0,0.8333333333333334,2017.3333333333333,2017,3,3
ferrari,812,5,0.8,0.0,2021.4,2021,2,3
ferrari,california,4,0.0,1.0,2015.75,2016,3,1
ferrari,f8,5,0.8,0.0,2020.8,2021,4,1
ferrari,gtc4,1,0.0,1.0,2018.0,2018,1,0
ferrari,portofino,8,0.5,0.125,2021.0,2019,2,6
ferrari,purosangue,4,1.0,0.0,2024.25,2025,2,2
ferrari,roma,8,1.0,0.0,2022.5,2021,3,4
ferrari,sf90,20,1.0,0.0,2022.55,2022,7,4
fiat,124 spider,13,0.0,1.0,2017.3076923076924,2018,6,2
fiat,500,1414,0.5417256011315418,0.3592644978783593,2019.5954738330977,2021,294,11
fiat,500l,49,0.0,1.0,2014.1224489795918,2014,43,1
fiat,500x,215,0.17209302325581396,0.6697674418604651,2017.4325581395349,2016,66,7
fiat,600,53,1.0,0.0,2024.7358490566037,2025,39,1
fiat,freemont,23,0.0,1.0,2014.0434782608695,2014,22,1
fiat,panda,75,0.0,1.0,2015.7733333333333,2016,38,2
fiat,punto,29,0.0,1.0,2014.0,2014,29,0
fiat,scudo,2,0.5,0.5,2018.5,2014,1,9
fiat,sedan,1,0.0,1.0,2018.0,2018,1,0
fiat,talento,7,0.14285714285714285,0.8571428571428571,2018.2857142857142,2018,5,4
fiat,tipo,315,0.25396825396825395,0.638095238095238,2018.7238095238095,2018,112,6
ford,20m,1,0.0,0.0,2020.0,2020,1,0
ford,b-max,594,0.0,1.0,2015.2356902356903,2015,221,4
ford,c-max,1456,0.0,0.9457417582417582,2016.1978021978023,2017,329,5
ford,capri,385,1.0,0.0,2024.9324675324676,2025,359,1
ford,cng,1,0.0,1.0,2015.0,2015,1,0
ford,ecosport,1463,0.0,0.6534518113465482,2018.041011619959,2018,616,3
ford,edge,437,0.0,0.7254004576659039,2017.5995423340962,2017,171,3
ford,expedition,1,1.0,0.0,2021.0,2021,1,0
ford,explorer,979,0.9622063329928499,0.0,2023.7405515832481,2025,520,5
ford,fairlane,1,1.0,0.0,2023.0,2023,1,0
ford,fiesta,18191,0.10532680996096971,0.6754988730691001,2017.409873014128,2018,3040,10
ford,flex,1,0.0,1.0,2015.0,2015,1,0
ford,focus,23132,0.16353968528445442,0.5681739581532077,2018.0300449593637,2019,3891,11
ford,galaxy,297,0.0,0.9831649831649831,2015.5319865319866,2014,105,5
ford,grand c-max,808,0.0,0.9653465346534653,2015.6163366336634,2014,218,5
ford,ka,213,0.0,1.0,2016.1173708920187,2017,107,3
ford,kuga,7363,0.5292679614287654,0.36017927475213907,2019.9325003395354,2021,1352,11
ford,mondeo,8496,0.046374764595103576,0.8568738229755178,2016.4229048964219,2015,1995,8
ford,puma,3229,0.7349024465778878,0.0,2021.8860328275007,2020,854,6
ford,ranger,2,0.5,0.5,2019.0,2016,1,6
ford,s-max,1286,0.08553654743390357,0.797045101088647,2016.7519440124418,2014,259,9
ford,tourneo connect,1086,0.3379373848987109,0.5220994475138122,2019.1003683241252,2016,148,11
ford,tourneo courier,194,0.25773195876288657,0.7216494845360825,2017.7422680412371,2015,68,11
ford,tourneo custom,827,0.6215235792019347,0.29020556227327693,2021.652962515115,2025,393,11
ford mustang,mach-e,1137,0.9982409850483729,0.0,2022.3535620052771,2021,381,5
ford transit,connect,1,0.0,1.0,2017.0,2017,1,0
ford transit,courier,19,0.0,1.0,2015.8947368421052,2016,12,3
ford transit,custom,390,0.2153846153846154,0.6410256410256411,2018.0410256410257,2014,69,11
gac,aion v,26,1.0,0.0,2025.0,2025,26,0
honda,accord,166,0.0,1.0,2014.2409638554218,2014,126,1
honda,civic,6062,0.04041570438799076,0.8716595183107885,2016.2621247113163,2016,1381,11
honda,cr-v,5332,0.07033008252063015,0.8043885971492873,2016.5442610652663,2014,1144,11
honda,e,20,0.15,0.0,2020.3,2020,17,2
honda,e:ny1,5,1.0,0.0,2023.8,2023,2,2
honda,hr-v,2271,0.08366358432408631,0.8207837956847204,2017.361514751211,2016,905,10
honda,jazz,1581,0.14168247944339027,0.7621758380771664,2017.1404174573056,2016,432,11
honda,zr-v,53,1.0,0.0,2024.2830188679245,2024,30,2
hyundai,bayon,871,1.0,0.0,2023.3157290470724,2024,242,4
hyundai,grand santa fe,9,0.0,1.0,2014.7777777777778,2014,4,2
hyundai,i10,1361,0.4371785451873622,0.3776634827332844,2020.0022042615724,2024,223,11
hyundai,i20,10682,0.22879610559820257,0.5789178056543718,2018.2160644074143,2016,1436,11
hyundai,i30,7674,0.2234818868908001,0.5136825645035183,2018.599296325254,2018,1222,11
hyundai,i40,865,0.0,1.0,2015.2312138728323,2015,301,4
hyundai,inster,334,1.0,0.0,2025.0,2025,334,0
hyundai,ioniq,2475,0.1402020202020202,0.4448484848484848,2018.911111111111,2018,702,9
hyundai,ioniq5,2141,1.0,0.0,2023.155067725362,2023,611,4
hyundai,ioniq6,361,1.0,0.0,2023.972299168975,2024,139,2
hyundai,ix20,126,0.0,1.0,2014.5396825396826,2015,62,2
hyundai,ix35,337,0.0,1.0,2014.4569732937684,2014,185,2
hyundai,kona,4095,0.6256410256410256,0.06471306471306472,2021.4405372405372,2021,779,7
hyundai,nexo,1,1.0,0.0,2021.0,2021,1,0
hyundai,santa fe,399,0.5964912280701754,0.3157894736842105,2020.3157894736842,2025,68,11
hyundai,tucson,3194,0.5419536631183469,0.2864746399499061,2020.2592360676267,2021,547,10
isuzu,d-max,1,1.0,0.0,2024.0,2024,1,0
jaguar,e-pace,151,0.12582781456953643,0.4966887417218543,2018.953642384106,2018,75,6
jaguar,f-pace,274,0.31386861313868614,0.5547445255474452,2018.8941605839416,2017,75,9
jaguar,f-type,19,0.0,0.8421052631578947,2016.7368421052631,2015,4,6
jaguar,i-pace,212,0.23113207547169812,0.05660377358490566,2020.0235849056603,2019,92,7
jaguar,xe,452,0.01327433628318584,0.8915929203539823,2016.6969026548672,2016,178,7
jaguar,xf,293,0.0,0.863481228668942,2016.5187713310581,2016,62,5
jaguar,xj,15,0.0,1.0,2015.1333333333334,2014,7,3
jeep,avenger,84,1.0,0.0,2024.2619047619048,2025,37,2
jeep,cherokee,47,0.0,0.9787234042553191,2016.1914893617022,2016,16,5
jeep,compass,299,0.5752508361204013,0.35785953177257523,2019.4581939799332,2021,69,11
jeep,grand cherokee,144,0.3402777777777778,0.6041666666666666,2018.986111111111,2025,35,11
jeep,renegade,242,0.2190082644628099,0.6363636363636364,2017.6157024793388,2015,61,8
jeep,wrangler,75,0.9733333333333334,0.0,2022.4533333333334,2022,37,6
kia,carens,907,0.0,0.9570011025358324,2015.8081587651598,2014,234,5
kia,ceed,20369,0.3988904708134911,0.41921547449555696,2019.3569640139428,2019,1984,11
kia,ev3,1127,1.0,0.0,2024.9272404614019,2025,1045,1
kia,ev4,60,1.0,0.0,2025.0,2025,60,0
kia,ev6,1946,1.0,0.0,2023.204008221994,2023,656,4
kia,ev9,366,1.0,0.0,2024.2486338797814,2024,219,2
kia,niro,8073,0.5131921218877741,0.23807754242536852,2020.6256657995789,2019,1087,9
kia,optima,2198,0.01683348498635123,0.7138307552320291,2017.5063694267517,2017,508,7
kia,picanto,4319,0.36582542255151657,0.4531141467932392,2019.1648529752258,2018,514,11
kia,proceed,1645,0.5829787234042553,0.0,2021.154407294833,2019,405,6
kia,pv5,1,1.0,0.0,2025.0,2025,1,0
kia,rio,16996,0.22652388797364087,0.6057307601788656,2017.7925982584138,2016,2421,11
kia,sorento,2307,0.44299956653662764,0.45600346770697875,2019.2002600780233,2021,376,11
kia,soul,632,0.11708860759493671,0.8291139240506329,2016.884493670886,2015,130,11
kia,sportage,7250,0.3684137931034483,0.5135172413793103,2018.8252413793105,2016,954,11
kia,stinger,110,0.1,0.45454545454545453,2018.8545454545454,2018,44,5
kia,stonic,7221,0.6317684531228361,0.09929372663066058,2021.3924664173937,2021,1359,8
kia,venga,1604,0.0,0.9943890274314214,2015.7344139650872,2016,395,5
kia,xceed,2102,0.8767840152235966,0.0,2022.4438629876308,2022,545,6
lada,2192,3,0.0,1.0,2017.3333333333333,2017,2,1
lada,2194,2,0.0,1.0,2017.0,2017,2,0
lada,4x4,8,0.0,0.75,2018.125,2018,4,3
lada,granta,11,0.0,1.0,2017.1818181818182,2017,7,2
lada,vesta,2,0.0,0.5,2018.5,2018,1,1
lamborghini,huracan,4,0.25,0.5,2019.0,2017,1,4
lamborghini,urus,26,0.8846153846153846,0.0,2023.8461538461538,2025,18,6
lancia,voyager,1,0.0,1.0,2014.0,2014,1,0
land rover,defender,412,0.9611650485436893,0.0,2022.759708737864,2022,121,5
land rover,defender 130,1,0.0,1.0,2014.0,2014,1,0
land rover,discovery,137,0.029197080291970802,0.8467153284671532,2016.846715328467,2017,36,8
land rover,discovery 4,2,0.0,1.0,2014.0,2014,2,0
land rover,discovery sport,648,0.38580246913580246,0.49691358024691357,2018.9475308641975,2016,125,10
land rover,freelander 2,10,0.0,1.0,2014.0,2014,10,0
land rover,range rover,333,0.6486486486486487,0.13213213213213212,2021.7387387387387,2023,87,9
land rover,range rover evoque,727,0.33012379642365886,0.5350756533700137,2018.5048143053646,2014,86,11
land rover,range rover sport,957,0.5329153605015674,0.24242424242424243,2020.6833855799373,2023,150,11
land rover,range rover velar,239,0.5481171548117155,0.3514644351464435,2020.8535564853557,2018,45,8
land rover,regular station wagon,1,0.0,1.0,2018.0,2018,1,0
lexus,ct200h,325,0.0,0.8276923076923077,2016.4153846153847,2014,64,6
lexus,es300h,370,0.6486486486486487,0.008108108108108109,2021.6513513513514,2019,66,7
lexus,gs300h,29,0.0,1.0,2015.896551724138,2014,8,4
lexus,gs450h,9,0.0,1.0,2015.4444444444443,2014,3,4
lexus,is300h,464,0.0,0.8512931034482759,2016.5991379310344,2017,98,6
lexus,lbx,372,1.0,0.0,2024.534946236559,2025,199,1
lexus,lc500h,8,0.125,0.75,2018.25,2017,3,5
lexus,ls500h,2,0.0,0.5,2018.5,2018,1,1
lexus,ls600h,1,0.0,1.0,2016.0,2016,1,0
lexus,nx300h,598,0.12876254180602006,0.6086956521739131,2017.88127090301,2018,115,8
lexus,nx350h,31,1.0,0.0,2022.4516129032259,2022,18,2
lexus,nx450h+,486,1.0,0.0,2023.4958847736625,2023,172,3
lexus,rc300h,64,0.0,0.78125,2017.4375,2017,21,4
lexus,rx450h,203,0.10837438423645321,0.6650246305418719,2017.704433497537,2017,50,8
lexus,rx450h+,92,1.0,0.0,2023.5869565217392,2023,52,2
lexus,rx450hl,4,0.0,0.25,2018.75,2019,3,1
lexus,rx500h,6,1.0,0.0,2023.5,2023,3,1
lexus,rz300e,22,1.0,0.0,2024.7272727272727,2025,16,1
lexus,rz450e,86,1.0,0.0,2023.6162790697674,2023,48,2
lexus,ux250h,462,0.5606060606060606,0.0,2020.9978354978355,2019,108,5
lexus,ux300e,41,1.0,0.0,2022.2926829268292,2021,15,3
lexus,ux300h,44,1.0,0.0,2024.590909090909,2025,26,1
man,tge,204,0.9264705882352942,0.0,2023.1225490196077,2025,54,6
man,tgl,2,1.0,0.0,2022.5,2022,1,1
maserati,ghibli,5,0.0,0.6,2016.4,2014,2,6
maserati,grancabrio,4,1.0,0.0,2024.5,2024,2,1
maserati,granturismo,1,1.0,0.0,2024.0,2024,1,0
maserati,grecale,9,1.0,0.0,2024.0,2024,5,2
maserati,levante,13,0.07692307692307693,0.9230769230769231,2017.5384615384614,2017,8,6
maserati,quattroporte,2,0.0,1.0,2014.0,2014,2,0
maxus,edeliver,2,1.0,0.0,2022.0,2022,2,0
maxus,euniq,295,1.0,0.0,2022.5898305084745,2022,127,4
maxus,mifa,6,1.0,0.0,2023.1666666666667,2023,5,1
mazda,2,2219,0.40513744930148715,0.42091031996394773,2019.8386660657955,2018,330,11
mazda,3,4734,0.18124207858048164,0.6465990705534431,2017.6516687790452,2014,778,11
mazda,5,8,0.0,1.0,2014.0,2014,8,0
mazda,6,2413,0.08785743887277249,0.7505180273518441,2016.891835888935,2014,483,11
mazda,6e,77,1.0,0.0,2025.0,2025,77,0
mazda,cx-3,1933,0.04862907397827212,0.7640972581479566,2017.3036730470772,2016,502,7
mazda,cx-30,1538,0.6924577373211963,0.0,2021.6788036410924,2021,386,6
mazda,cx-5,2042,0.14985308521057786,0.7399608227228207,2017.1082272282076,2014,451,11
mazda,cx-60,658,1.0,0.0,2023.387537993921,2023,304,3
mazda,cx-80,104,1.0,0.0,2024.7788461538462,2025,81,1
mazda,mx-30,243,0.8930041152263375,0.0,2022.6131687242798,2024,125,4
mazda,mx-5,115,0.43478260869565216,0.30434782608695654,2020.2347826086957,2019,23,11
mercedes-amg,amg,22,0.45454545454545453,0.4090909090909091,2020.1818181818182,2024,5,10
mercedes-amg,gt,2,0.0,0.0,2019.5,2019,1,1
mercedes-amg,v-klasse,1,1.0,0.0,2023.0,2023,1,0
mercedes-benz,a-sarja,8993,0.22328477704881575,0.48170799510730566,2018.2957856110309,2019,1521,11
mercedes-benz,b-sarja,2568,0.117601246105919,0.6962616822429907,2017.01246105919,2015,483,11
mercedes-benz,c-sarja,11304,0.1932059447983015,0.6094302901627743,2017.9158704883228,2015,1600,11
mercedes-benz,citan,149,0.12751677852348994,0.7583892617449665,2017.1543624161075,2016,42,11
mercedes-benz,cla-sarja,6076,0.39614878209348253,0.4152402896642528,2019.410961158657,2016,698,11
mercedes-benz,cle,71,1.0,0.0,2024.4647887323943,2024,38,1
mercedes-benz,cls-sarja,201,0.04477611940298507,0.7114427860696517,2016.960199004975,2015,49,10
mercedes-benz,e-sarja,10382,0.24012714313234446,0.5697360816798305,2018.301964939318,2017,1594,11
mercedes-benz,electric drive,6,0.0,1.0,2015.1666666666667,2015,5,1
mercedes-benz,eqa,1711,1.0,0.0,2023.5242548217416,2023,563,4
mercedes-benz,eqb,1363,1.0,0.0,2023.7314746881877,2025,404,4
mercedes-benz,eqc,459,0.775599128540305,0.0,2021.492374727669,2021,137,5
mercedes-benz,eqe,1278,1.0,0.0,2023.435054773083,2023,654,3
mercedes-benz,eqs,518,1.0,0.0,2022.8301158301158,2023,238,4
mercedes-benz,eqt,1,1.0,0.0,2023.0,2023,1,0
mercedes-benz,eqv,6,1.0,0.0,2022.6666666666667,2024,3,3
mercedes-benz,esprinter,5,1.0,0.0,2025.0,2025,5,0
mercedes-benz,evito,11,1.0,0.0,2023.5454545454545,2024,4,3
mercedes-benz,g-sarja,72,0.7916666666666666,0.08333333333333333,2023.138888888889,2025,38,9
mercedes-benz,gl-sarja,22,0.0,1.0,2014.5,2014,13,2
mercedes-benz,gla-sarja,2284,0.345446584938704,0.5376532399299475,2018.6033274956217,2021,306,11
mercedes-benz,glb,506,0.8320158102766798,0.0,2021.2727272727273,2021,262,5
mercedes-benz,glc-sarja,7471,0.46887966804979253,0.3280685316557355,2020.311069468612,2020,1109,10
mercedes-benz,gle-sarja,1831,0.642818132168214,0.2009830693610049,2020.6411796832333,2021,457,10
mercedes-benz,glk-sarja,194,0.0,1.0,2014.2731958762886,2014,141,1
mercedes-benz,gls-sarja,144,0.5,0.2916666666666667,2020.2569444444443,2021,30,9
mercedes-benz,marco,3,0.0,0.3333333333333333,2018.6666666666667,2017,1,3
mercedes-benz,maybach,8,1.0,0.0,2024.75,2025,6,1
mercedes-benz,mb,1,1.0,0.0,2021.0,2021,1,0
mercedes-benz,ml-sarja,146,0.0,1.0,2014.3561643835617,2014,98,4
mercedes-benz,polster,2,0.0,1.0,2017.0,2017,2,0
mercedes-benz,s-sarja,466,0.33476394849785407,0.592274678111588,2018.0708154506437,2014,96,11
mercedes-benz,sl-sarja,4,0.0,1.0,2015.0,2014,2,2
mercedes-benz,slc-sarja,14,0.0,0.9285714285714286,2016.9285714285713,2017,7,4
mercedes-benz,slk-sarja,6,0.0,1.0,2015.1666666666667,2015,3,2
mercedes-benz,sprinter,3191,0.38765277342525856,0.3917267314321529,2019.4904418677531,2019,426,11
mercedes-benz,t-sarja,40,1.0,0.0,2022.9,2022,17,3
mercedes-benz,vito,1950,0.43948717948717947,0.37846153846153846,2019.9753846153847,2025,230,11
mercedes-benz-v,sarja,366,0.2814207650273224,0.48360655737704916,2018.8196721311476,2020,54,11
mg,3,151,1.0,0.0,2024.450331125828,2024,83,1
mg,4,274,1.0,0.0,2024.85401459854,2025,234,1
mg,cyberster,11,1.0,0.0,2024.909090909091,2025,10,1
mg,hs,56,1.0,0.0,2024.732142857143,2025,41,1
mg,s5,66,1.0,0.0,2025.0,2025,66,0
mg,s6,2,1.0,0.0,2025.0,2025,2,0
mg,zs,80,1.0,0.0,2024.9875,2025,79,1
mini,aceman,73,1.0,0.0,2024.945205479452,2025,69,1
mini,clubman,2,0.0,0.0,2019.0,2019,2,0
mini,clubman cooper,220,0.05,0.7363636363636363,2017.6409090909092,2017,52,7
mini,cooper,1432,0.42248603351955305,0.4238826815642458,2019.332402234637,2021,169,11
mini,countryman,111,0.954954954954955,0.036036036036036036,2024.3153153153153,2025,74,11
mini,countryman cooper,873,0.4306987399770905,0.2508591065292096,2020.1305841924398,2021,164,7
mini,farmari,1,1.0,0.0,2021.0,2021,1,0
mini,jcw,10,1.0,0.0,2024.8,2025,8,1
mini,one,164,0.0,1.0,2016.0365853658536,2017,70,4
mitsubishi,asx,5861,0.11056133765569015,0.6401637945743047,2017.3193994198941,2015,1103,11
mitsubishi,colt,292,1.0,0.0,2024.3424657534247,2024,186,2
mitsubishi,eclipse,2834,0.7304163726182075,0.09386026817219478,2021.5980945659844,2022,817,7
mitsubishi,i-miev,2,0.0,1.0,2014.0,2014,2,0
mitsubishi,l200,2,0.0,0.5,2018.0,2016,1,4
mitsubishi,outlander,3970,0.1778337531486146,0.4808564231738035,2018.1954659949622,2019,726,11
mitsubishi,pajero,95,0.0,0.9473684210526315,2015.6421052631579,2015,30,5
mitsubishi,space,83,0.0,1.0,2015.0,2015,83,0
mitsubishi,space star,888,0.1554054054054054,0.6058558558558559,2017.8085585585586,2015,148,11
nissan,370z,1,0.0,1.0,2016.0,2016,1,0
nissan,ariya,981,1.0,0.0,2023.7400611620794,2023,387,3
nissan,e-nv200,39,0.15384615384615385,0.5641025641025641,2017.8974358974358,2015,7,8
nissan,juke,2991,0.5302574389836175,0.3303243062520896,2020.2614510197259,2024,541,11
nissan,leaf,3265,0.6921898928024502,0.15957120980091882,2020.8940275650841,2022,895,10
nissan,micra,4242,0.08132956152758133,0.7607260726072608,2017.1468646864687,2018,890,9
nissan,murano,6,0.0,1.0,2014.6666666666667,2015,4,1
nissan,note,2541,0.0,1.0,2015.0074773711137,2014,1043,3
nissan,nv200,50,0.0,1.0,2015.16,2014,22,4
nissan,nv300,37,0.0,0.6756756756756757,2018.2162162162163,2018,22,3
nissan,nv400,18,0.1111111111111111,0.8888888888888888,2016.611111111111,2016,11,7
nissan,pathfinder,6,0.0,1.0,2014.0,2014,6,0
nissan,primastar,7,0.8571428571428571,0.14285714285714285,2023.142857142857,2025,4,11
nissan,pulsar,2076,0.0,1.0,2015.912331406551,2015,764,4
nissan,qashqai,39328,0.21394426362896665,0.600793327908869,2018.1945179007323,2018,5540,11
nissan,qashqai+2,104,0.0,1.0,2014.0,2014,104,0
nissan,townstar,1,1.0,0.0,2023.0,2023,1,0
nissan,x-trail,2660,0.18721804511278195,0.7195488721804512,2017.7823308270677,2016,584,11
opel,adam,281,0.0,0.99644128113879,2015.5516014234875,2015,82,5
opel,ampera,18,0.0,1.0,2014.0555555555557,2014,17,1
opel,astra,17200,0.17593023255813953,0.6508139534883721,2017.9338372093023,2016,3609,11
opel,cascada,25,0.0,1.0,2014.76,2014,13,3
opel,combo,341,0.21994134897360704,0.093841642228739,2019.5425219941349,2019,155,9
opel,combo-e,23,1.0,0.0,2022.7391304347825,2023,12,3
opel,corsa,7959,0.19763789420781505,0.6081165975625078,2017.8204548310089,2015,1620,11
opel,crossland,2461,0.35920357578220236,0.2255180820804551,2019.9719626168223,2020,600,7
opel,frontera,106,1.0,0.0,2025.0,2025,106,0
opel,grandland,2913,0.2516306213525575,0.35976656368005494,2019.6364572605562,2018,954,8
opel,insignia,6580,0.0851063829787234,0.6992401215805472,2017.1834346504559,2014,1174,9
opel,karl,1127,0.0,0.9139307897071872,2016.6157941437446,2016,401,4
opel,meriva,256,0.0,1.0,2014.5390625,2014,150,3
opel,mokka,7336,0.22968920392584516,0.7076063249727372,2017.5443020719738,2017,1235,11
opel,movano,36,0.05555555555555555,0.8055555555555556,2016.6666666666667,2015,13,9
opel,vivaro,271,0.0,0.8819188191881919,2017.0221402214022,2017,76,6
opel,zafira,101,0.9603960396039604,0.0,2021.8910891089108,2021,37,5
opel,zafira tourer,655,0.0,0.9786259541984733,2015.7374045801528,2014,184,5
peugeot,107,15,0.0,1.0,2014.0,2014,15,0
peugeot,108,102,0.0,0.8529411764705882,2016.0,2015,47,6
peugeot,2008,6582,0.5970829535095715,0.2365542388331814,2020.5841689456092,2023,1497,11
peugeot,207,1,0.0,1.0,2014.0,2014,1,0
peugeot,208,6290,0.2988871224165342,0.5241653418124006,2018.285691573927,2016,846,11
peugeot,3008,5444,0.29684055841293167,0.47832476120499634,2019.0642909625276,2017,1081,11
peugeot,307,1,0.0,1.0,2016.0,2016,1,0
peugeot,308,4977,0.20353626682740608,0.6891701828410689,2017.5025115531444,2015,988,11
peugeot,408,217,1.0,0.0,2023.6589861751152,2023,100,2
peugeot,5008,1977,0.2812341932220536,0.45068285280728376,2019.3009610520992,2018,517,11
peugeot,508,1575,0.0673015873015873,0.6850793650793651,2016.6768253968255,2014,389,11
peugeot,boxer,14,0.0,0.8571428571428571,2016.0714285714287,2016,4,6
peugeot,e-rifter,51,1.0,0.0,2023.0980392156862,2023,29,3
peugeot,expert,142,0.43661971830985913,0.22535211267605634,2019.8732394366198,2021,42,11
peugeot,p8,1,0.0,1.0,2016.0,2016,1,0
peugeot,partner,146,0.0,1.0,2015.6301369863013,2016,46,4
peugeot,rcz,22,0.0,1.0,2014.3181818181818,2014,15,1
peugeot,rifter,223,0.10762331838565023,0.04932735426008968,2019.3991031390135,2019,139,4
peugeot,sedan,1,0.0,0.0,2020.0,2020,1,0
peugeot,traveller,28,1.0,0.0,2022.857142857143,2022,16,3
polestar,1,5,1.0,0.0,2021.4,2021,3,1
polestar,2,3143,1.0,0.0,2023.119312758511,2023,947,4
polestar,3,220,1.0,0.0,2024.5363636363636,2025,118,1
polestar,4,1077,1.0,0.0,2024.7539461467038,2025,812,1
porsche,718,1,1.0,0.0,2024.0,2024,1,0
porsche,911,135,0.42962962962962964,0.4074074074074074,2019.6888888888889,2020,16,11
porsche,918,1,0.0,1.0,2014.0,2014,1,0
porsche,boxster,37,0.16216216216216217,0.7297297297297297,2017.4324324324325,2016,7,10
porsche,cayenne,1205,0.4954356846473029,0.27717842323651454,2020.270539419087,2020,166,11
porsche,cayman,44,0.2727272727272727,0.6590909090909091,2018.090909090909,2017,11,11
porsche,macan,713,0.6311360448807855,0.3281907433380084,2021.2959326788218,2025,260,11
porsche,panamera,419,0.23389021479713604,0.5775656324582339,2018.9331742243437,2018,138,11
porsche,taycan,659,0.8452200303490136,0.0,2022.0864946889226,2022,191,5
renault,4,49,1.0,0.0,2025.0,2025,49,0
renault,5,272,1.0,0.0,2025.0,2025,272,0
renault,arkana,682,1.0,0.0,2022.3299120234603,2022,397,3
renault,austral,142,1.0,0.0,2023.8098591549297,2024,81,2
renault,captur,6459,0.25793466480879396,0.48320173401455335,2018.5940548072458,2020,931,11
renault,clio,11988,0.14464464464464463,0.6471471471471472,2017.8927260593928,2017,2066,11
renault,espace,129,0.4883720930232558,0.4806201550387597,2020.3643410852712,2024,48,9
renault,kadjar,3403,0.06288568909785483,0.7023214810461358,2017.4387305318837,2016,979,8
renault,koleos,67,0.0,0.835820895522388,2017.6268656716418,2017,36,2
renault,laguna,1,0.0,1.0,2014.0,2014,1,0
renault,master,33,0.2727272727272727,0.36363636363636365,2019.4848484848485,2018,8,11
renault,megane,2297,0.023508924684370918,0.7670875054418808,2016.8389203308664,2017,418,9
renault,megane e-tech,594,1.0,0.0,2022.3350168350169,2022,195,4
renault,megane scenic,206,0.0,1.0,2014.4805825242718,2014,120,2
renault,rafale,31,1.0,0.0,2024.9032258064517,2025,28,1
renault,scenic,511,0.5733855185909981,0.34637964774951074,2021.559686888454,2025,160,9
renault,symbioz,280,1.0,0.0,2024.7785714285715,2025,218,1
renault,talisman,504,0.0,0.9007936507936508,2017.0238095238096,2016,192,4
renault,trafic,213,0.5070422535211268,0.3380281690140845,2020.1549295774648,2023,40,11
renault,twingo,352,0.0,0.9971590909090909,2015.528409090909,2015,113,5
renault,zoe,552,0.4891304347826087,0.21195652173913043,2020.269927536232,2022,174,8
seat,alhambra,342,0.0029239766081871343,0.935672514619883,2015.6023391812867,2014,121,11
seat,altea,48,0.0,1.0,2014.0625,2014,45,1
seat,arona,1816,0.24834801762114536,0.3463656387665198,2019.795704845815,2018,595,8
seat,ateca,1670,0.1724550898203593,0.5449101796407185,2018.617365269461,2017,467,8
seat,cupra,52,0.6153846153846154,0.057692307692307696,2020.4038461538462,2021,31,4
seat,ibiza,3009,0.05749418411432369,0.6699900299102692,2017.450980392157,2018,618,10
seat,leon,7907,0.1889465030985203,0.6442392816491717,2017.723156696598,2016,1278,11
seat,mii,996,0.41365461847389556,0.28112449799196787,2019.2771084337348,2021,412,7
seat,tarraco,748,0.4425133689839572,0.004010695187165776,2020.475935828877,2019,303,7
seat,toledo,1513,0.0,0.9920687376074026,2015.5763384005288,2015,470,5
seres,3,6,1.0,0.0,2025.0,2025,6,0
seres,5,9,1.0,0.0,2024.6666666666667,2025,6,1
skoda,citigo,1135,0.018502202643171806,0.7788546255506608,2016.7753303964757,2016,284,7
skoda,elroq,1476,1.0,0.0,2025.0,2025,1476,0
skoda,enyaq,7898,1.0,0.0,2023.3199544188403,2023,2474,4
skoda,fabia,11065,0.24356077722548578,0.5900587437867149,2018.4685946678717,2017,1643,11
skoda,kamiq,5393,0.7728536992397552,0.0,2022.1407379936954,2020,1158,6
skoda,karoq,5574,0.42375313957660565,0.19788302834589164,2020.5304987441693,2019,1370,8
skoda,kodiaq,7986,0.41510142749812173,0.34510393188079136,2020.2466816929627,2018,1616,9
skoda,octavia,48713,0.23174511937265208,0.5732966559234701,2018.1397368258986,2014,5868,11
skoda,rapid,4557,0.0,0.9332894448101822,2016.0182137371078,2014,1162,5
skoda,roomster,197,0.0,1.0,2014.284263959391,2014,141,1
skoda,scala,3354,0.575134168157424,0.0,2021.4451401311867,2020,892,6
skoda,superb,13589,0.25344028258149975,0.5516226359555523,2018.5719331812495,2016,2071,11
skoda,yeti,2378,0.0,1.0,2015.2102607232969,2014,771,4
smart,#5,283,1.0,0.0,2025.0,2025,283,0
smart,1,121,1.0,0.0,2024.504132231405,2025,61,1
smart,3,240,1.0,0.0,2024.5291666666667,2025,127,1
smart,eq,18,0.2222222222222222,0.16666666666666666,2019.7222222222222,2019,8,5
smart,forfour,74,0.0,1.0,2015.5945945945946,2015,37,4
smart,fortwo,51,0.0,1.0,2015.0980392156862,2014,23,4
ssangyong,korando,226,0.25663716814159293,0.45132743362831856,2018.6681415929204,2020,59,10
ssangyong,rexton,71,0.0,0.8591549295774648,2016.661971830986,2016,26,5
ssangyong,tivoli,103,0.0,1.0,2015.9417475728155,2016,73,3
subaru,brz,71,0.0,0.9859154929577465,2014.9154929577464,2014,30,5
subaru,crosstrek,57,1.0,0.0,2024.2280701754387,2024,42,2
subaru,forester,3193,0.08769182586908864,0.7601002192295647,2016.9993736298152,2014,581,11
subaru,impreza,135,0.0,0.9111111111111111,2015.8962962962962,2014,58,5
subaru,legacy,1067,0.0,0.9981255857544518,2015.3552014995314,2015,442,5
subaru,levorg,199,0.0,1.0,2015.964824120603,2016,97,3
subaru,outback,2034,0.46017699115044247,0.27974434611602755,2020.5825958702064,2018,465,8
subaru,solterra,311,1.0,0.0,2023.9903536977492,2024,131,3
subaru,wrx,10,0.0,1.0,2015.0,2015,6,4
subaru,xv,943,0.088016967126193,0.8101802757158006,2017.1145281018028,2018,278,9
suzuki,across,153,0.7516339869281046,0.0,2021.437908496732,2021,59,5
suzuki,alto,22,0.0,1.0,2014.0,2014,22,0
suzuki,grand vitara,10,0.0,1.0,2014.0,2014,10,0
suzuki,ignis,270,0.4185185185185185,0.22962962962962963,2020.3962962962962,2018,54,8
suzuki,jimny,173,0.0,0.28901734104046245,2018.4682080924856,2020,65,6
suzuki,s-cross,275,1.0,0.0,2024.1418181818183,2024,117,3
suzuki,swace,360,0.9388888888888889,0.0,2021.2555555555555,2021,283,5
suzuki,swift,1754,0.35347776510832385,0.42873432155074115,2019.6482326111745,2018,455,11
suzuki,sx4,1511,0.25810721376571805,0.7061548643282595,2017.1131700860358,2014,530,11
suzuki,vitara,6548,0.3168906536346976,0.44410507025045814,2019.3147525962127,2016,902,10
tesla motors,model,1,0.0,1.0,2017.0,2017,1,0
tesla motors,model 3,6003,0.7527902715309012,0.0,2022.1784107946028,2024,1284,6
tesla motors,model s,1103,0.2357207615593835,0.5303717135086129,2018.4669084315503,2017,149,11
tesla motors,model x,530,0.3169811320754717,0.35471698113207545,2019.688679245283,2017,98,9
tesla motors,model y,10733,1.0,0.0,2023.3824652939531,2023,4904,4
tesla motors,s 85,7,0.0,1.0,2014.2857142857142,2014,5,1
toyota,86,25,0.0,0.92,2015.64,2014,12,6
toyota,auris,19269,0.0,0.9566142508692719,2016.1553791063366,2018,3926,5
toyota,avensis,14130,0.0,0.997169143665959,2015.9722576079264,2016,3132,6
toyota,aygo,2288,0.3719405594405594,0.5209790209790209,2018.8028846153845,2023,332,11
toyota,bz4x,1663,1.0,0.0,2023.6788935658449,2023,734,3
toyota,c-hr,14905,0.5041261321704126,0.25763166722576314,2020.671184166387,2018,2018,9
toyota,camry,1855,0.43881401617250676,0.0,2020.612398921833,2020,534,5
toyota,corolla,34912,0.5992495417048579,0.10288725939505042,2020.9815536205317,2020,5395,11
toyota,crown,2,1.0,0.0,2023.5,2022,1,3
toyota,gr,180,0.9833333333333333,0.0,2022.2888888888888,2021,77,5
toyota,highlander,1,1.0,0.0,2021.0,2021,1,0
toyota,hilux,1,0.0,1.0,2014.0,2014,1,0
toyota,land cruiser,455,0.1912087912087912,0.6637362637362637,2017.7076923076922,2014,77,11
toyota,mirai,4,1.0,0.0,2025.0,2025,4,0
toyota,monikäyttöajoneuvo,1,1.0,0.0,2024.0,2024,1,0
toyota,prius,637,0.05023547880690738,0.8665620094191523,2016.7315541601256,2016,271,9
toyota,prius phev,584,0.6164383561643836,0.2910958904109589,2021.0958904109589,2023,185,11
toyota,prius plus,643,0.006220839813374806,0.5692068429237948,2017.6158631415242,2019,190,7
toyota,proace,1701,0.5931804820693709,0.2257495590828924,2020.9847148736037,2022,286,11
toyota,rav4,19123,0.5187993515661768,0.28002928410814204,2020.2908539455107,2021,2636,11
toyota,supra,33,0.5454545454545454,0.030303030303030304,2021.0,2020,10,10
toyota,tundra,1,0.0,1.0,2014.0,2014,1,0
toyota,verso,1537,0.0,1.0,2015.260247234873,2014,559,4
toyota,verso-s,356,0.0,1.0,2014.3342696629213,2014,237,1
toyota,yaris,29224,0.4727963317820969,0.35258691486449495,2019.7540035587188,2021,3703,11
toyota,yaris cross,9702,1.0,0.0,2023.6761492475778,2024,2895,4
toyota,yaris hybrid,9269,0.00010788650339842486,0.7176610206063222,2017.4233466393355,2018,2353,7
volkswagen,2dsedan,1,0.0,0.0,2020.0,2020,1,0
volkswagen,amarok,12,0.25,0.6666666666666666,2018.0833333333333,2017,3,10
volkswagen,arteon,1075,0.44465116279069766,0.3283720930232558,2019.832558139535,2018,261,7
volkswagen,beetle,537,0.0,0.9981378026070763,2015.8882681564246,2014,119,5
volkswagen,caddy,4931,0.3165686473331981,0.5055769620766579,2018.9162441695396,2019,576,11
volkswagen,california,3,1.0,0.0,2025.0,2025,3,0
volkswagen,caravelle,190,0.0,1.0,2014.2368421052631,2014,145,1
volkswagen,cc,102,0.0,1.0,2014.2058823529412,2014,85,2
volkswagen,crafter,636,0.38836477987421386,0.3380503144654088,2019.751572327044,2019,96,11
volkswagen,farmari,2,0.0,1.0,2016.0,2016,2,0
volkswagen,golf,31752,0.16676114890400603,0.670981355505165,2017.575680272109,2014,5265,11
volkswagen,golf gte,8,0.0,0.0,2020.0,2020,8,0
volkswagen,golf plus,184,0.0,1.0,2014.0,2014,184,0
volkswagen,golf sportsvan,5028,0.0013922036595067622,0.8752983293556086,2016.2557677008751,2015,1284,7
volkswagen,id.,451,1.0,0.0,2023.960088691796,2025,190,3
volkswagen,id.3,2864,0.8261173184357542,0.0,2022.08030726257,2023,827,5
volkswagen,id.4,7212,1.0,0.0,2023.1551580698836,2023,1764,4
volkswagen,id.5,1120,1.0,0.0,2022.544642857143,2022,585,3
volkswagen,id.7,2264,1.0,0.0,2024.5883392226149,2025,1388,2
volkswagen,jetta,1505,0.0,1.0,2015.4046511627907,2014,418,4
volkswagen,kombi,2171,0.1239060340856748,0.6434822662367573,2017.6158452326117,2017,378,10
volkswagen,monikäyttöajoneuvo,1,1.0,0.0,2024.0,2024,1,0
volkswagen,multivan,311,0.864951768488746,0.10289389067524116,2022.4244372990354,2022,91,11
volkswagen,passat,18253,0.14200405412808853,0.7108968388758012,2017.3634471045855,2015,3543,11
volkswagen,phaeton,1,0.0,1.0,2015.0,2015,1,0
volkswagen,polo,15333,0.1388508445835779,0.6189917172112437,2017.7607774082046,2018,2586,10
volkswagen,scirocco,7,0.0,1.0,2014.0,2014,7,0
volkswagen,sedan,1,1.0,0.0,2025.0,2025,1,0
volkswagen,sharan,524,0.0,0.9312977099236641,2015.7977099236641,2014,140,6
volkswagen,t-cross,4449,0.5736120476511576,0.0,2021.5727129692066,2020,1115,6
volkswagen,t-roc,6483,0.4246490822150239,0.1685947863643375,2020.499151627333,2019,1474,8
volkswagen,taigo,2187,1.0,0.0,2023.5816186556926,2025,690,4
volkswagen,tayron,2,1.0,0.0,2025.0,2025,2,0
volkswagen,tiguan,10853,0.4384962683129089,0.40744494609785314,2019.733714180411,2017,1379,11
volkswagen,touareg,278,0.3669064748201439,0.45323741007194246,2018.953237410072,2021,45,11
volkswagen,touran,3527,0.06237595690388432,0.7882052736036291,2016.8709951800397,2016,777,11
volkswagen,transporter,219,0.954337899543379,0.0319634703196347,2022.3835616438357,2022,114,11
volkswagen,up!,1723,0.21125943122460825,0.5339524085896692,2017.994196169472,2020,357,9
volvo,c40,2110,1.0,0.0,2022.8834123222748,2023,1097,4
volvo,ec40,614,1.0,0.0,2024.6921824104234,2025,425,1
volvo,es90,4,1.0,0.0,2025.0,2025,4,0
volvo,ex30,2682,1.0,0.0,2024.220730797912,2024,2042,2
volvo,ex40,1393,1.0,0.0,2024.6712132089017,2025,935,1
volvo,ex90,360,1.0,0.0,2024.9583333333333,2025,345,1
volvo,s60,4378,0.2537688442211055,0.5481955230698949,2018.16605756053,2014,613,11
volvo,s80,497,0.0,1.0,2014.5694164989939,2014,270,2
volvo,s90,2777,0.14296002880806627,0.6546633057256032,2018.3086064097947,2017,894,9
volvo,v40,10545,0.0,0.8434329065908013,2016.4083451872925,2015,2066,6
volvo,v60,17808,0.351358939802336,0.4143081761006289,2019.0986073674753,2019,2223,11
volvo,v70,3057,0.0,0.9996728819103696,2014.6401701014065,2014,1531,5
volvo,v90,7483,0.20740344781504744,0.5716958439128692,2018.8431110517172,2017,2359,9
volvo,xc40,11590,0.6387402933563416,0.0817946505608283,2021.2597929249353,2021,2240,7
volvo,xc60,23039,0.44038369720908027,0.38252528321541734,2019.7635314032727,2018,2704,11
volvo,xc70,1174,0.0,1.0,2014.9880749574106,2015,430,2
volvo,xc90,3362,0.41701368233194525,0.3955978584176086,2019.7064247471742,2016,477,11
volvo,zc90,1,0.0,1.0,2017.0,2017,1,0
xpeng,g6,62,1.0,0.0,2025.0,2025,62,0
xpeng,g9,43,1.0,0.0,2025.0,2025,43,0
