brand,total_registered_vehicles,median_vehicle_age,median_engine_cc,median_power_kw,median_mileage,brand_share_of_market
toyota,377068,13.0,1598.0,81.0,179335.5,0.14700151497312736
volvo,209869,14.0,1984.0,120.0,250631.5,0.08181829523029073
mercedes-benz,189399,11.0,2000.0,125.0,203892.5,0.07383798130415561
skoda,170357,8.0,1498.0,96.0,162500.0,0.06641437906764047
ford,161292,12.0,1590.0,91.9,165631.5,0.06288035143010189
"volkswagen, vw",148231,7.0,1395.0,92.0,116327.5,0.057788466711525883
volkswagen,130627,18.0,1590.0,77.0,238064.0,0.05092547470587456
nissan,127077,13.0,1490.0,85.0,163166.0,0.049541492564312284
bmw,121090,11.0,1995.0,135.0,203903.0,0.04720743592162684
kia,116673,8.0,1580.0,84.0,116933.0,0.045485450254223875
audi,115782,12.0,1968.0,120.0,207463.0,0.045138090229397965
opel,97228,12.0,1490.0,90.0,160739.0,0.03790473680558209
peugeot,68697,14.0,1560.0,80.0,166499.5,0.026781808782789657
hyundai,58717,8.0,1396.0,77.2,117394.0,0.02289106462143995
honda,56642,16.0,1798.0,103.0,209431.0,0.022082117313343693
renault,48574,10.0,1332.0,74.0,135399.0,0.018936774237815694
citroen,47834,14.0,1560.0,81.0,166497.5,0.018648282185771727
mazda,41607,15.0,1990.0,89.0,183824.5,0.016220660553234192
mitsubishi,34095,10.0,1998.0,89.0,153802.5,0.01329207637086355
tesla,31374,3.0,,153.0,80884.5,0.012231283298415399
seat,28970,9.0,1395.0,85.0,143432.0,0.011294073983396893
fiat,22095,18.0,1242.0,51.0,150574.0,0.008613826878258693
suzuki,19354,9.0,1373.0,82.0,120742.5,0.007545236723322867
subaru,17730,12.0,1995.0,110.0,191696.0,0.006912113625323677
saab,15700,21.0,1990.0,110.0,273237.0,0.006120709752824688
dacia,13715,7.0,1332.0,80.0,113570.0,0.005346849315922968
polestar,9871,3.0,1969.0,167.5,52562.0,0.0038482500617918786
chevrolet,9534,15.0,1796.0,91.0,158259.5,0.003716869221874559
lexus,9413,10.0,2494.0,133.0,172697.5,0.003669696872824127
mini,7456,10.0,1590.0,92.0,118585.0,0.0029067523514051514
chrysler,5892,20.0,2776.0,128.0,226594.0,0.002297020500868985
porsche,4063,6.0,2981.0,243.0,86142.0,0.0015839773073711278
jaguar,3810,16.0,2960.0,152.0,163047.5,0.0014853442139020421
alfa romeo,3163,14.0,1956.0,125.0,165001.0,0.0012331085954257635
cupra,3131,2.0,1395.0,110.0,43520.5,0.001220633263445484
mg,2673,2.0,1498.0,75.0,348.0,0.0010420800744777318
dodge,2635,17.0,2360.0,115.0,181832.5,0.0010272656177511498
smart,1933,13.0,999.0,52.0,114786.0,0.0007535880224337657
byd,1762,1.0,1498.0,72.0,9938.0,0.0006869229671641465
tesla motors,1572,9.0,,193.0,189073.0,0.0006128506835312362
cadillac,1487,21.0,5981.0,209.0,73779.0,0.0005797130829586185
lada,1242,35.0,1390.0,59.0,55897.0,0.0004841988224846027
bmw i,1226,7.0,647.0,28.0,74818.0,0.0004779611564944629
ford-cng-technik,1191,6.0,1999.0,103.0,92407.5,0.00046431626214103207
capron,1018,4.0,2287.0,103.0,39250.0,0.00039687149862264537
adria,949,6.0,2287.0,109.0,66443.5,0.00036997156404016746
jeep,865,10.0,1998.0,115.0,136999.5,0.00033722381759193344
pontiac,655,30.0,5730.0,162.0,69776.0,0.00025535445147134843
ds,652,4.0,1598.0,147.0,64355.5,0.0002541848890981972
buick,614,22.0,5735.0,185.0,57204.0,0.0002393704323716152
datsun,560,47.0,1170.0,50.0,56610.0,0.00021831830965489334
hymer,492,5.0,2143.0,125.0,49486.5,0.00019180822919679914
fiat-dethleffs,490,21.0,2500.0,94.0,166127.0,0.00019102852094803166
gm daewoo,473,21.0,1590.0,80.0,165562.0,0.00018440100083350812
vw,453,10.0,1395.0,110.0,170713.0,0.00017660391834583335
plymouth,452,18.0,5210.0,169.0,45000.0,0.00017621406422144961
weinsberg,452,4.5,2287.0,103.0,53094.0,0.00017621406422144961
lada-vaz,420,23.0,1490.0,56.0,86599.5,0.00016373873224117
lincoln,408,19.0,6556.0,158.0,67769.0,0.00015906048274856515
dethleffs,394,7.0,2287.0,103.0,60359.0,0.0001536025250071928
rover,375,26.0,1990.0,100.0,145732.0,0.00014619529664390178
ssangyong,346,9.0,1597.0,109.6,125619.5,0.00013488952703677337
jaguar land rover limited,344,10.0,1999.0,120.0,163701.5,0.00013410981878800592
land rover,342,4.0,1498.0,147.0,93168.0,0.00013333011053923843
maxus,314,3.0,1996.0,108.5,51342.0,0.00012241419505649377
triumph,306,40.0,1488.0,66.0,41463.0,0.00011929536206142385
daewoo,291,22.0,1390.0,69.0,169720.0,0.00011344755019566778
man,273,2.0,1968.0,130.0,88208.5,0.0001064301759567605
hobby,259,5.0,2198.0,103.0,56741.0,0.00010097221821538816
quattro,258,18.0,1980.0,162.0,237955.0,0.00010058236409100442
iveco,253,7.0,2998.0,132.0,174965.0,9.863309346908573e-05
poessl,251,5.0,2287.0,103.0,60171.0,9.785338522031826e-05
morris,250,53.0,990.0,28.0,43183.0,9.746353109593452e-05
mercury,241,18.0,5750.0,157.0,57285.0,9.395484397648088e-05
fiat-burstner,233,18.0,2290.0,95.5,154308.0,9.083601098141098e-05
lancia,229,16.0,1990.0,120.0,168263.0,8.927659448387603e-05
oldsmobile,224,29.0,5734.0,176.0,52942.0,8.732732386195734e-05
austin,213,51.0,990.0,31.0,39405.0,8.303892849373622e-05
pössl,205,6.0,2287.0,103.0,68355.0,7.992009549866631e-05
fiat-hymer,204,23.0,2500.0,93.5,182619.0,7.953024137428257e-05
fiat-adria,198,18.0,2287.0,94.0,162669.5,7.719111662798014e-05
moskvitsh,194,46.5,1360.0,44.0,50314.0,7.563170013044519e-05
burstner,185,7.0,2287.0,103.0,67046.0,7.212301301099155e-05
challenger,177,2.0,2179.0,103.0,392.0,6.900418001592165e-05
knaus,173,2.0,2184.0,110.0,1074.0,6.744476351838669e-05
rapido,162,4.0,2287.0,109.0,39177.0,6.315636815016558e-05
vauxhall,158,50.5,1510.0,55.0,49439.0,6.159695165263062e-05
datsun-nissan,155,40.0,1480.0,55.0,170115.5,6.04273892794794e-05
ferrari,153,18.0,3902.0,338.0,44487.0,5.964768103071193e-05
bentley,150,7.5,4250.0,306.0,62270.0,5.847811865756071e-05
lmc,146,6.0,2287.0,109.0,56310.0,5.691870216002576e-05
fiat-lmc,144,23.0,2800.0,94.0,183985.5,5.6138993911258285e-05
mercedes-amg,140,10.0,3982.0,375.0,119131.5,5.4579577413723335e-05
daihatsu,140,33.0,1296.0,66.0,132926.0,5.4579577413723335e-05
bürstner gmbh,139,5.0,2287.0,103.0,45664.0,5.4189723289339594e-05
niva,137,36.0,1570.0,59.0,52760.0,5.341001504057212e-05
xpeng,128,0.0,,,15815.5,4.990132792111848e-05
rolls-royce,126,31.5,6750.0,160.0,55249.0,4.9121619672351e-05
fiat-knaus,108,22.0,2800.0,93.0,158370.5,4.210424543344371e-05
bww,95,6.0,1998.0,140.0,125023.0,3.703614181645512e-05
trabant,86,43.0,590.0,26.0,55060.0,3.352745469700148e-05
kabe,86,5.0,2287.0,110.0,51428.0,3.352745469700148e-05
maserati,82,11.5,2987.0,208.0,77465.0,3.196803819946652e-05
ford-hobby,81,17.0,2198.0,96.0,132021.0,3.157818407508279e-05
gaz,81,30.0,2440.0,55.0,37238.0,3.157818407508279e-05
simca,80,57.0,1290.0,45.0,57230.0,3.1188329950699047e-05
packard,79,17.5,5240.0,114.0,41290.0,3.079847582631531e-05
karmann mobil,78,4.0,1995.0,125.0,56114.5,3.040862170193157e-05
sunbeam,75,51.0,990.0,40.0,60000.0,2.9239059328780355e-05
fiat-kabe,74,14.0,2287.0,96.0,110140.0,2.8849205204396618e-05
eura mobil,70,4.0,2287.0,103.0,57483.0,2.7289788706861667e-05
wartburg,68,43.0,990.0,37.0,49610.0,2.651008045809419e-05
nilsson,68,11.0,2400.0,145.0,135228.5,2.651008045809419e-05
fiat-adriatik,66,19.0,2290.0,93.5,173199.5,2.5730372209326714e-05
fiat-solifer,65,25.0,2440.0,81.0,191427.0,2.5340518084942976e-05
carthago,65,7.0,2287.0,125.0,78833.0,2.5340518084942976e-05
sun living,63,4.0,2184.0,103.0,85619.0,2.45608098361755e-05
fiat-mclouis,63,19.0,2287.0,81.0,143836.0,2.45608098361755e-05
talbot,63,41.0,1290.0,49.0,143781.0,2.45608098361755e-05
rambler,62,58.0,3260.0,99.0,40942.5,2.417095571179176e-05
isuzu,61,52.0,1470.0,52.0,61595.0,2.3781101587408023e-05
kg mobility,61,0.0,1498.0,110.0,12.5,2.3781101587408023e-05
range-rover,56,36.0,3530.0,130.5,223443.0,2.1831830965489335e-05
austin-healey,55,34.0,2910.0,91.0,34136.5,2.1441976841105594e-05
gmc,53,21.0,5686.0,188.5,168750.5,2.066226859233812e-05
lynk&co,53,4.0,1477.0,132.0,42118.0,2.066226859233812e-05
studebaker,53,17.5,3950.0,66.0,52675.5,2.066226859233812e-05
daimler,52,33.0,4397.5,194.0,107866.0,2.027241446795438e-05
ford-hymer,51,17.0,2198.0,96.0,155175.0,1.9882560343570643e-05
busconcept,51,5.0,2987.0,140.0,307565.0,1.9882560343570643e-05
infiniti,51,14.0,3498.0,206.0,154462.0,1.9882560343570643e-05
imperial,50,25.5,6780.0,257.0,34084.0,1.9492706219186906e-05
ci,49,2.0,1995.0,125.0,349.0,1.9102852094803168e-05
fiat-pössl,42,14.0,2287.0,96.0,173669.0,1.6373873224117e-05
neckar,42,61.0,770.0,35.0,67480.5,1.6373873224117e-05
ford-dethleffs,41,18.0,2200.0,96.0,160456.0,1.598401909973326e-05
fiat-hobby,40,20.0,2490.0,95.5,156254.0,1.5594164975349523e-05
fiat-adria mobil,40,16.0,2287.0,91.5,179529.5,1.5594164975349523e-05
binz,40,12.0,2143.0,150.0,205729.0,1.5594164975349523e-05
de soto,40,19.0,5905.0,205.0,49583.0,1.5594164975349523e-05
scania,38,25.0,8970.0,265.5,349459.0,1.4814456726582048e-05
hillman,37,60.0,1490.0,39.0,56232.0,1.4424602602198309e-05
fiat-weinsberg,37,10.0,2287.0,96.0,108902.0,1.4424602602198309e-05
willys,37,21.0,2200.0,44.5,30015.0,1.4424602602198309e-05
auto-union,37,54.0,1490.0,39.0,36746.0,1.4424602602198309e-05
fiat-granduca,36,27.0,2468.0,79.0,206746.5,1.4034748477814571e-05
fiat-carthago,35,14.0,2999.0,116.0,96388.0,1.3644894353430834e-05
fiat-eura-mobil,34,21.0,2800.0,90.0,173509.0,1.3255040229047094e-05
adria mobil,34,15.0,2287.0,95.75,140688.0,1.3255040229047094e-05
borgward,32,50.0,1493.0,45.0,32884.0,1.247533198027962e-05
daimlerchrysler,32,22.0,2397.0,110.0,295212.0,1.247533198027962e-05
ifa,32,31.0,900.0,22.0,55883.0,1.247533198027962e-05
renault-adria,31,18.0,2490.0,100.0,170089.0,1.208547785589588e-05
ford-rimor,31,18.0,2198.0,92.0,146031.0,1.208547785589588e-05
awe,31,32.0,990.0,33.0,49974.0,1.208547785589588e-05
aston martin,30,18.5,5340.0,328.5,49888.0,1.1695623731512142e-05
laika,29,1.0,2184.0,103.0,217.0,1.1305769607128405e-05
lotus,29,30.0,1998.0,124.5,50439.0,1.1305769607128405e-05
mb-lmc,28,22.0,2170.0,95.0,200918.0,1.0915915482744667e-05
nsu,27,39.0,995.0,41.0,47497.0,1.0526061358360928e-05
ford-elnagh,27,29.0,2490.0,74.0,216413.0,1.0526061358360928e-05
fiat-ci,27,23.0,2280.0,81.0,176622.0,1.0526061358360928e-05
mercedes-benz-hymer,26,18.0,2814.0,117.5,172864.5,1.013620723397719e-05
mb-hymer,26,23.0,2700.0,115.0,192514.0,1.013620723397719e-05
volga,26,31.0,2440.0,68.0,33277.0,1.013620723397719e-05
daf,26,50.0,1100.0,88.55,59177.5,1.013620723397719e-05
hudson,25,13.5,3810.0,75.0,47346.0,9.746353109593453e-06
fiat-capron,25,13.0,2287.0,96.0,92479.0,9.746353109593453e-06
citroen-pössl,25,17.0,2198.0,88.0,185018.0,9.746353109593453e-06
fiat-elnagh,24,24.5,2287.0,72.0,162438.5,9.356498985209714e-06
fiat-mobilvetta,24,27.0,2490.0,85.0,187594.0,9.356498985209714e-06
fiat-matkaaja,24,36.0,2440.0,68.0,207009.0,9.356498985209714e-06
voyah,23,1.0,,,28.0,8.966644860825976e-06
renault-knaus,23,18.0,2460.0,84.0,134865.0,8.966644860825976e-06
morgan,23,37.0,1994.0,89.0,46775.0,8.966644860825976e-06
niesmann-bischoff,23,5.0,2287.0,130.0,54428.0,8.966644860825976e-06
fiat-challenger,22,0.0,2184.0,103.0,800.5,8.576790736442238e-06
nash,21,21.5,3100.0,60.0,37375.0,8.1869366120585e-06
dreamer,21,4.0,2287.0,110.0,36987.0,8.1869366120585e-06
etrusco,20,3.0,2184.0,103.0,269.5,7.797082487674762e-06
ford-capron,20,16.0,2198.0,103.0,142091.0,7.797082487674762e-06
vaz,19,43.0,1300.0,53.0,50830.0,7.407228363291024e-06
volkswagen-westfalia,19,29.0,2370.0,57.0,288382.0,7.407228363291024e-06
aion,18,0.0,,,,7.017374238907286e-06
elnagh,18,17.0,2287.0,95.5,138697.5,7.017374238907286e-06
morris-cooper,18,30.0,1270.0,57.0,8395.0,7.017374238907286e-06
alpina,18,13.0,2979.0,257.0,186936.5,7.017374238907286e-06
fiat-rapido,17,13.0,2287.0,109.0,102797.0,6.627520114523547e-06
dkw,17,60.0,890.0,29.0,52032.0,6.627520114523547e-06
zastava,16,45.0,767.0,23.75,43774.0,6.23766599013981e-06
lloyd,16,63.5,600.0,21.6,67094.5,6.23766599013981e-06
edsel,16,13.0,5900.0,221.5,57457.0,6.23766599013981e-06
ford-challenger,16,17.0,2198.0,99.5,160566.5,6.23766599013981e-06
lamborghini,16,23.5,5060.5,382.0,63736.0,6.23766599013981e-06
seres,16,0.0,,430.0,20.5,6.23766599013981e-06
mb-adria,16,21.0,2680.0,115.0,209127.5,6.23766599013981e-06
fiat-bürstner,16,15.0,2287.0,96.0,145759.0,6.23766599013981e-06
faw,15,1.0,,,2312.0,5.847811865756071e-06
ford-carado,15,17.0,2198.0,103.0,218780.0,5.847811865756071e-06
concorde,15,9.0,2998.5,155.0,113280.0,5.847811865756071e-06
emw,14,12.5,1971.0,42.0,5670.0,5.457957741372334e-06
fiat-sharky,14,19.0,2239.0,77.5,131588.5,5.457957741372334e-06
ford-tcmobile,14,17.5,2190.0,96.0,169292.5,5.457957741372334e-06
vw-matkaaja,13,36.0,2100.0,75.0,144468.0,5.068103616988595e-06
pilote,13,5.0,2287.0,110.0,22217.5,5.068103616988595e-06
ford-burstner,13,17.0,2198.0,103.0,144195.0,5.068103616988595e-06
steyr-puch,12,25.0,640.0,,34750.0,4.678249492604857e-06
goggomobil,12,62.0,690.0,22.0,64751.0,4.678249492604857e-06
fiat-tec,11,15.0,2287.0,95.5,145641.0,4.288395368221119e-06
dfsk,11,0.0,1498.0,75.0,24.5,4.288395368221119e-06
peugeot-hymer,11,36.0,2500.0,70.0,223965.0,4.288395368221119e-06
sunlight,11,6.0,2287.0,103.0,52426.0,4.288395368221119e-06
fiat-chausson,11,20.0,2286.0,94.0,142273.0,4.288395368221119e-06
volkswagen-karmann,11,19.0,1584.0,57.0,97022.0,4.288395368221119e-06
fiat-carado,11,13.0,2287.0,95.5,118814.0,4.288395368221119e-06
fiat-pilote,10,31.5,2440.0,70.0,183718.0,3.898541243837381e-06
karmann,10,2.5,1995.0,125.0,79.0,3.898541243837381e-06
jac,10,0.0,,,,3.898541243837381e-06
bravia,10,6.0,1997.0,108.0,73664.0,3.898541243837381e-06
renault-dethlef,10,19.0,2705.0,94.0,169737.0,3.898541243837381e-06
peugeot-eura-mobil,10,35.0,2500.0,70.0,193876.0,3.898541243837381e-06
kaiser,10,34.0,3707.5,87.0,34015.0,3.898541243837381e-06
standard,10,46.5,2089.0,50.0,54843.0,3.898541243837381e-06
american,10,52.0,5175.0,94.0,63971.5,3.898541243837381e-06
fiat-frankia,10,27.0,2495.0,85.0,234612.5,3.898541243837381e-06
ford-lmc,10,18.0,2401.0,103.0,174490.0,3.898541243837381e-06
vw-swift,9,30.0,2370.0,57.0,235291.0,3.508687119453643e-06
ldv,9,4.0,,,67856.0,3.508687119453643e-06
panhard,9,63.0,850.0,31.0,69066.0,3.508687119453643e-06
renault-dethleffs,9,17.0,2464.0,107.0,135092.0,3.508687119453643e-06
ford-ci,9,8.0,1995.0,125.0,126458.0,3.508687119453643e-06
fiat-adriamobil,9,21.0,2800.0,94.0,198958.0,3.508687119453643e-06
amc,9,12.0,5354.0,170.0,51773.0,3.508687119453643e-06
ford-tec,9,16.0,2198.0,103.0,178031.0,3.508687119453643e-06
mb-eura mobil,9,24.0,2690.0,115.0,207383.0,3.508687119453643e-06
austin cooper,9,58.0,1070.0,54.0,29034.0,3.508687119453643e-06
knaus tabbert ag,9,0.0,2184.0,103.0,620.0,3.508687119453643e-06
skywell,9,1.0,,,35.0,3.508687119453643e-06
fiat-euramobil,8,19.0,2288.5,89.0,177932.0,3.118832995069905e-06
hundai,8,5.0,1580.0,77.2,40734.0,3.118832995069905e-06
chrysler-sunbeam,8,47.0,1590.0,50.0,39189.5,3.118832995069905e-06
mercedes benz-dethleffs,8,16.0,2148.0,120.0,173617.5,3.118832995069905e-06
jensen,8,38.5,6283.0,219.0,51301.5,3.118832995069905e-06
gac,8,0.0,,,11.0,3.118832995069905e-06
mclaren,8,1.5,2993.0,430.0,3169.0,3.118832995069905e-06
de tomaso,8,43.0,5763.0,246.0,70454.5,3.118832995069905e-06
de lorean,7,12.0,2849.0,105.0,24759.0,2.728978870686167e-06
cuby,7,6.0,2987.0,140.0,328147.0,2.728978870686167e-06
citroen-hymer,7,35.0,2500.0,70.0,242510.0,2.728978870686167e-06
mercedes-benz-automet,7,6.0,2143.0,105.0,340621.0,2.728978870686167e-06
commer,7,45.0,1390.0,37.0,84776.5,2.728978870686167e-06
donau,7,43.5,900.0,33.0,67163.5,2.728978870686167e-06
iveco-carthago,7,14.0,2998.0,125.0,140371.5,2.728978870686167e-06
chausson,7,6.0,2287.0,96.0,70778.0,2.728978870686167e-06
essex,7,20.0,2600.0,40.0,61458.5,2.728978870686167e-06
acura,7,15.0,2300.0,176.0,158449.0,2.728978870686167e-06
adler,7,17.0,998.0,24.0,19554.0,2.728978870686167e-06
leyland,7,47.0,1790.0,60.0,37799.0,2.728978870686167e-06
auburn,7,16.0,4402.0,84.5,11033.5,2.728978870686167e-06
westfalia,7,10.0,2198.0,110.0,84010.0,2.728978870686167e-06
autocaravans rimor s.p.a,7,16.0,2287.0,103.0,208304.0,2.728978870686167e-06
desoto,7,13.0,4770.0,113.5,59247.0,2.728978870686167e-06
fiat-sea,7,18.0,2287.0,94.0,167568.0,2.728978870686167e-06
puch,6,34.0,2290.0,85.0,30922.5,2.3391247463024284e-06
sea,6,16.0,2287.0,94.75,108081.0,2.3391247463024284e-06
pla,6,11.5,2188.5,103.0,73478.5,2.3391247463024284e-06
morelo,6,7.5,4934.5,162.5,74043.5,2.3391247463024284e-06
volvo-nilsson,6,23.0,2430.0,125.0,231922.5,2.3391247463024284e-06
mclouis,6,14.0,2287.0,95.5,121216.0,2.3391247463024284e-06
seat-fiat,6,51.0,770.0,25.0,20883.0,2.3391247463024284e-06
fiat-flair,6,25.0,2800.0,90.0,220122.0,2.3391247463024284e-06
reo,6,17.0,3515.0,38.5,51802.0,2.3391247463024284e-06
ford dethleffs,6,18.0,2400.0,102.0,168895.0,2.3391247463024284e-06
caterham,6,35.5,1700.0,99.5,36731.5,2.3391247463024284e-06
fiat-karmann,6,16.0,2287.0,92.0,132195.0,2.3391247463024284e-06
peugeot-bravia,6,7.0,1997.0,108.0,92242.5,2.3391247463024284e-06
bmw alpina,6,23.5,2984.5,224.5,187660.5,2.3391247463024284e-06
ford-eura-mobil,5,17.0,2198.0,96.0,130002.0,1.9492706219186904e-06
peugeot-pilote,5,35.0,1970.0,63.5,172354.0,1.9492706219186904e-06
mobilvetta,5,5.0,2287.0,110.0,33722.0,1.9492706219186904e-06
vedette,5,43.5,2350.0,61.5,18636.0,1.9492706219186904e-06
alpine,5,1.0,1798.0,185.0,6094.0,1.9492706219186904e-06
austin-cooper,5,20.0,997.0,40.0,25059.0,1.9492706219186904e-06
iveco-concorde,5,9.0,2998.0,150.0,117443.0,1.9492706219186904e-06
autobianchi,5,25.0,900.0,34.0,36518.0,1.9492706219186904e-06
valiant,5,,3245.0,82.0,68929.0,1.9492706219186904e-06
ford-karmann,5,33.0,2490.0,72.0,57907.0,1.9492706219186904e-06
renault-adria mobil,5,16.0,2460.0,107.0,86506.0,1.9492706219186904e-06
bertone,5,36.0,1490.0,62.5,51224.0,1.9492706219186904e-06
iveco-dethleffs,5,16.0,2998.0,125.0,121761.0,1.9492706219186904e-06
roller team,5,4.0,1995.0,121.3,104800.0,1.9492706219186904e-06
ford-chausson,5,21.0,2400.0,92.0,141012.0,1.9492706219186904e-06
fiat-miller,5,19.0,2287.0,94.0,163423.0,1.9492706219186904e-06
fiat-fendt,5,32.0,2490.0,69.5,196620.0,1.9492706219186904e-06
fisker,5,13.0,1998.0,156.0,54048.0,1.9492706219186904e-06
fiat-rimor,5,14.0,2287.0,95.0,154477.0,1.9492706219186904e-06
citroen-dethleffs/globecar,4,16.5,2598.5,109.25,186697.5,1.5594164975349524e-06
mercedes-benz-james cook,4,17.0,2932.0,135.0,228427.0,1.5594164975349524e-06
hupmobile,4,15.0,3748.0,43.35,54999.5,1.5594164975349524e-06
humber,4,64.0,1929.5,42.0,48241.0,1.5594164975349524e-06
wolseley,4,26.0,2200.0,46.0,41124.5,1.5594164975349524e-06
goliath,4,37.0,1091.5,34.0,22710.0,1.5594164975349524e-06
riley,4,24.5,1493.0,43.5,42964.5,1.5594164975349524e-06
fiat-swift,4,25.0,2800.0,64.0,234263.0,1.5594164975349524e-06
fiat-arto,4,17.0,2899.5,104.75,129953.5,1.5594164975349524e-06
dodge-eura-mobil,4,33.0,5880.0,118.0,146537.0,1.5594164975349524e-06
paragan,4,12.0,2299.0,108.5,133669.5,1.5594164975349524e-06
checker,4,22.0,4561.0,59.0,37417.5,1.5594164975349524e-06
mb-karmann,4,35.0,2390.0,53.0,240198.5,1.5594164975349524e-06
fiat-eura mobil,4,19.5,2550.0,92.0,178860.5,1.5594164975349524e-06
fiat-clou,4,34.0,2440.0,68.0,176197.5,1.5594164975349524e-06
fiat ducato,4,22.5,2800.0,94.0,251319.0,1.5594164975349524e-06
laika caravans s.p.a.,4,3.0,2287.0,109.25,19760.0,1.5594164975349524e-06
mercedes-benz-carthago,4,17.0,2987.0,135.0,133010.0,1.5594164975349524e-06
fendt,4,16.0,2198.0,99.5,116469.0,1.5594164975349524e-06
krismar,4,3.5,7698.0,320.0,18870.5,1.5594164975349524e-06
renault theault,4,17.5,2500.0,107.0,233552.5,1.5594164975349524e-06
fiat-itineo,4,16.0,2287.0,96.0,113997.0,1.5594164975349524e-06
vw-karmann,4,33.0,2375.0,75.0,171269.5,1.5594164975349524e-06
benimar,4,4.5,2096.5,110.5,27799.0,1.5594164975349524e-06
polski-fiat,4,42.5,971.0,51.5,54129.5,1.5594164975349524e-06
karmann-mobil,4,16.0,2287.0,88.0,232048.0,1.5594164975349524e-06
pierce-arrow,4,27.0,5928.0,71.5,66016.5,1.5594164975349524e-06
ford-matkaaja,4,35.0,2490.0,51.0,60952.5,1.5594164975349524e-06
dodge brothers,4,31.0,3500.0,30.0,40805.5,1.5594164975349524e-06
singer,4,34.5,1186.0,31.0,33700.0,1.5594164975349524e-06
daimler-benz,4,40.0,2235.0,100.0,177793.5,1.5594164975349524e-06
ford-bürstner,4,17.0,2198.0,96.0,139216.5,1.5594164975349524e-06
uaz,4,26.0,2442.5,61.0,25188.5,1.5594164975349524e-06
pmc,4,47.0,1980.0,78.0,65648.5,1.5594164975349524e-06
dangel,4,3.5,1997.0,106.0,87680.0,1.5594164975349524e-06
international,3,58.5,3600.0,,29691.0,1.1695623731512142e-06
mercedes-benz-la strada,3,21.0,2685.0,115.0,300121.0,1.1695623731512142e-06
mb-adriamobil,3,22.0,2680.0,115.0,183408.0,1.1695623731512142e-06
panther,3,41.0,1596.0,71.0,67004.0,1.1695623731512142e-06
man-carthago,3,18.0,6870.0,176.0,114212.0,1.1695623731512142e-06
westfield,3,36.0,1700.0,73.0,12925.0,1.1695623731512142e-06
durant,3,42.0,3260.0,43.65,66646.0,1.1695623731512142e-06
mercus,3,7.0,2143.0,120.0,325115.0,1.1695623731512142e-06
fiat-rotec,3,25.0,2800.0,90.0,199805.0,1.1695623731512142e-06
fiat-heku,3,33.0,2480.0,55.0,227643.0,1.1695623731512142e-06
peugeot-hobby,3,33.0,2440.0,70.0,134877.0,1.1695623731512142e-06
man tge affinity,3,0.0,1968.0,130.0,350.0,1.1695623731512142e-06
mustang,3,10.0,4727.0,257.5,45760.0,1.1695623731512142e-06
stutz,3,7.0,5657.0,164.0,70547.0,1.1695623731512142e-06
mercedes-benz-cento bus,3,6.0,2143.0,120.0,223216.0,1.1695623731512142e-06
renault dethlef,3,19.0,2950.0,100.0,116906.0,1.1695623731512142e-06
setra,3,29.5,,306.0,493371.0,1.1695623731512142e-06
fiat-mooveo,3,18.0,2200.0,74.0,162000.0,1.1695623731512142e-06
vw-westfalia,3,30.0,2370.0,57.0,412811.0,1.1695623731512142e-06
zaz,3,17.0,880.0,29.0,43304.0,1.1695623731512142e-06
stx,3,7.0,7698.0,290.0,66100.0,1.1695623731512142e-06
fargo,3,57.0,1720.0,42.0,26109.0,1.1695623731512142e-06
joint,3,15.0,2198.0,74.0,99684.0,1.1695623731512142e-06
think,3,15.0,,25.0,23366.0,1.1695623731512142e-06
erskine,3,0.0,2390.0,30.0,73887.0,1.1695623731512142e-06
mb-rapido,3,18.0,2680.0,115.0,137243.0,1.1695623731512142e-06
talbot-matra,3,43.0,1592.0,67.5,193462.0,1.1695623731512142e-06
carbodies,3,35.0,2664.0,61.75,69259.0,1.1695623731512142e-06
fiat-tabbert,3,32.0,2490.0,70.0,290173.0,1.1695623731512142e-06
fiat rapido,3,18.0,2800.0,107.0,205048.0,1.1695623731512142e-06
fso,3,35.0,1480.0,48.0,39532.0,1.1695623731512142e-06
tvr,3,27.0,3940.0,268.0,61738.0,1.1695623731512142e-06
polster,3,4.0,2143.0,120.0,280275.0,1.1695623731512142e-06
m-b la strada,3,21.0,2150.0,95.0,349471.0,1.1695623731512142e-06
fordson,3,73.0,1172.0,28.75,6604.0,1.1695623731512142e-06
alvis,3,11.0,2993.0,83.5,63312.0,1.1695623731512142e-06
glas,3,28.0,1485.0,57.5,8757.0,1.1695623731512142e-06
xgo,3,6.0,2287.0,96.0,123301.0,1.1695623731512142e-06
citroen/dethlef,3,21.0,2800.0,94.0,195663.0,1.1695623731512142e-06
lynk and co,3,4.0,1477.0,132.0,48109.0,1.1695623731512142e-06
lucid,3,0.0,,602.0,22.0,1.1695623731512142e-06
ford/dethleffs,3,18.0,2000.0,92.0,163994.0,1.1695623731512142e-06
goljat,3,26.0,1090.0,40.0,54147.0,1.1695623731512142e-06
rimor,3,13.0,2299.0,103.0,95054.0,1.1695623731512142e-06
matra,3,27.0,1699.0,61.0,50820.0,1.1695623731512142e-06
fiat-dethleffs/globecar,3,16.0,2287.0,88.0,177894.0,1.1695623731512142e-06
vw-porsche,3,40.0,1679.0,62.0,19135.0,1.1695623731512142e-06
maybach,3,22.0,5513.0,405.0,6650.0,1.1695623731512142e-06
dongfeng,3,0.0,,,290.0,1.1695623731512142e-06
fiat-viva,3,28.0,1930.0,85.0,117730.0,1.1695623731512142e-06
london taxis international,2,21.0,2402.0,66.0,367450.0,7.797082487674762e-07
knaus tabbert,2,9.0,2075.0,99.5,86232.5,7.797082487674762e-07
les dauphins sas,2,3.5,1968.0,110.0,146969.5,7.797082487674762e-07
mercedes-rapido,2,19.0,2685.0,115.0,180066.5,7.797082487674762e-07
man-concorde,2,16.0,6871.0,180.0,159196.5,7.797082487674762e-07
willys overland,2,29.0,2199.5,45.0,46320.0,7.797082487674762e-07
pollmann,2,14.0,2489.0,147.5,291784.0,7.797082487674762e-07
berkeley,2,40.5,692.0,26.0,6047.5,7.797082487674762e-07
fiat-cabby,2,35.0,2440.0,68.0,452459.5,7.797082487674762e-07
fiat kabe,2,18.5,2543.5,95.0,152260.5,7.797082487674762e-07
willys-knight,2,15.5,3392.0,37.0,8474.0,7.797082487674762e-07
mb-adriatik,2,21.5,2410.0,105.0,290986.5,7.797082487674762e-07
armstrong,2,69.0,2860.0,89.5,70645.0,7.797082487674762e-07
la strada,2,11.5,2643.0,119.5,82810.5,7.797082487674762e-07
knaus tabbert group gmbh,2,17.0,2331.0,90.5,102282.5,7.797082487674762e-07
lagonda,2,22.0,4896.5,163.5,55220.0,7.797082487674762e-07
fiat-ffb,2,35.0,2440.0,68.0,331484.5,7.797082487674762e-07
lmc caravan,2,18.0,2343.5,94.0,156957.5,7.797082487674762e-07
acadian,2,11.5,4250.0,257.0,31027.0,7.797082487674762e-07
autocaravans rimor,2,14.5,2248.5,97.5,295101.5,7.797082487674762e-07
mercedes-benz-rimor,2,20.5,2416.5,112.5,231437.0,7.797082487674762e-07
tatraplan,2,72.0,1951.0,38.2,36045.5,7.797082487674762e-07
delage,2,6.5,2412.0,31.75,47403.0,7.797082487674762e-07
mg rover,2,21.5,2220.5,118.0,181630.5,7.797082487674762e-07
fiat-laika,2,15.0,2287.0,95.25,105843.0,7.797082487674762e-07
ds automobiles,2,0.0,,,,7.797082487674762e-07
fiat-trigano,2,18.0,2283.5,96.0,185053.5,7.797082487674762e-07
horch,2,21.0,4200.0,60.0,15945.5,7.797082487674762e-07
renault-pössl,2,18.0,2460.0,95.5,223392.0,7.797082487674762e-07
ravon,2,8.0,1249.0,62.5,76018.0,7.797082487674762e-07
henry j,2,11.5,2197.5,50.0,76894.0,7.797082487674762e-07
fiat/adria,2,19.5,2545.0,87.5,227972.5,7.797082487674762e-07
mercedes-benz-frankia,2,16.0,2148.0,110.0,379064.5,7.797082487674762e-07
giottiline,2,8.0,2591.5,109.0,64203.0,7.797082487674762e-07
oakland,2,28.5,3605.0,54.0,13689.0,7.797082487674762e-07
geely,2,8.0,1648.5,102.0,100400.0,7.797082487674762e-07
ford blucamp,2,22.5,2401.0,79.0,130117.5,7.797082487674762e-07
mgb,2,32.0,1794.0,72.0,12403.5,7.797082487674762e-07
frankia,2,11.0,2637.0,132.5,65645.0,7.797082487674762e-07
peugeot-casa,2,19.0,2495.0,91.0,170048.5,7.797082487674762e-07
ford burstner,2,17.0,2198.0,96.0,102680.5,7.797082487674762e-07
mga,2,33.5,1550.0,,844.0,7.797082487674762e-07
ford capron,2,18.0,2299.0,99.5,161062.5,7.797082487674762e-07
ford-sunlight,2,18.0,2295.0,99.5,183735.5,7.797082487674762e-07
ford-solifer,2,16.5,2198.0,99.5,158445.0,7.797082487674762e-07
scion,2,16.0,1995.5,121.5,130979.0,7.797082487674762e-07
ford eura-mobil,2,19.0,2000.0,92.0,97515.0,7.797082487674762e-07
ford taunus,2,65.0,1595.0,55.0,36398.0,7.797082487674762e-07
sisu,2,34.0,8215.0,188.0,445450.5,7.797082487674762e-07
ford-eura mobil,2,19.5,2090.0,94.0,157776.5,7.797082487674762e-07
mercedes-benz-burstner,2,4.5,2143.0,120.0,16344.5,7.797082487674762e-07
hummer,2,19.0,3556.5,171.0,132300.0,7.797082487674762e-07
fiat-wilk,2,31.5,2495.0,70.0,247968.0,7.797082487674762e-07
renault-paragan,2,14.0,2299.0,99.5,285748.5,7.797082487674762e-07
trigano,2,18.0,2639.5,98.0,259876.0,7.797082487674762e-07
omavalmiste,2,24.5,5730.0,,16439.0,7.797082487674762e-07
jowett,2,34.0,1488.0,37.0,67008.5,7.797082487674762e-07
fiat-mc louis,2,20.0,2545.0,87.0,196863.0,7.797082487674762e-07
peugeot-pössl,2,23.5,2620.0,86.5,171353.0,7.797082487674762e-07
bmw/alpina,2,28.0,3950.0,218.5,306163.0,7.797082487674762e-07
equi-trek,2,9.0,2998.5,140.0,127623.5,7.797082487674762e-07
bricklin,2,16.0,5758.0,159.5,52602.0,7.797082487674762e-07
iveco-flair,2,21.0,2900.0,114.5,355637.5,7.797082487674762e-07
renault-adriatik,2,16.5,2464.0,107.0,133431.5,7.797082487674762e-07
carlsson,2,21.0,4310.0,255.0,235813.0,7.797082487674762e-07
mercedes-benz-rapido,2,17.0,2567.5,122.5,120443.5,7.797082487674762e-07
renault-burstne,2,18.5,2705.0,103.5,110974.5,7.797082487674762e-07
mb-frankia,2,30.5,2630.0,71.5,123688.0,7.797082487674762e-07
fiat-sharky l31,2,19.0,1990.0,62.0,120353.0,7.797082487674762e-07
itineo,2,10.5,2287.0,96.0,95939.0,7.797082487674762e-07
indusauto,2,4.0,1950.0,143.0,15820.5,7.797082487674762e-07
renault-hymer,2,16.0,2464.0,107.0,94235.0,7.797082487674762e-07
peugeot-heku,2,35.5,2500.0,54.0,238177.0,7.797082487674762e-07
fiat-bertone,2,41.0,1539.0,74.0,49932.5,7.797082487674762e-07
bugatti,2,18.0,3253.5,118.0,46092.5,7.797082487674762e-07
nuffield,1,26.0,1750.0,,,3.898541243837381e-07
pacard,1,35.0,4620.0,92.0,75152.0,3.898541243837381e-07
oshkosh,1,33.0,5890.0,142.0,52582.0,3.898541243837381e-07
peugeot-globe traveller,1,5.0,2179.0,121.0,70499.0,3.898541243837381e-07
peugeot-rimor,1,39.0,2500.0,54.0,281499.0,3.898541243837381e-07
peugeot-dethlef,1,36.0,2480.0,54.0,232923.0,3.898541243837381e-07
peugeot bravia,1,7.0,1997.0,120.0,51865.0,3.898541243837381e-07
peugeot-autocab,1,33.0,2500.0,70.0,178649.0,3.898541243837381e-07
nio,1,1.0,,,9421.0,3.898541243837381e-07
osi,1,31.0,2300.0,93.0,,3.898541243837381e-07
peugeot-frankia,1,33.0,2500.0,,117271.0,3.898541243837381e-07
peugeot-fendt,1,32.0,2500.0,54.0,146601.0,3.898541243837381e-07
peugeot-maesss,1,33.0,2500.0,70.0,214970.0,3.898541243837381e-07
peerless,1,27.0,4070.0,27.0,3981.0,3.898541243837381e-07
peugeot-lmc,1,35.0,2480.0,70.0,163674.0,3.898541243837381e-07
overland,1,10.0,2340.0,,22630.0,3.898541243837381e-07
1 scoot,1,13.0,2231.0,135.0,242712.0,3.898541243837381e-07
pininfarina,1,21.0,1995.0,,163567.0,3.898541243837381e-07
teve ford,1,29.0,2490.0,63.0,91095.0,3.898541243837381e-07
umesläp,1,11.0,2299.0,110.0,211813.0,3.898541243837381e-07
tricano s.p.a.,1,16.0,2198.0,85.0,137613.0,3.898541243837381e-07
toyota motorsport,1,20.0,1790.0,165.0,190360.0,3.898541243837381e-07
toyopet,1,16.0,1453.0,49.5,,3.898541243837381e-07
theault,1,11.0,2299.0,110.0,248319.0,3.898541243837381e-07
teve-ford,1,31.0,2490.0,59.0,67191.0,3.898541243837381e-07
teve transit,1,31.0,2490.0,63.0,58759.0,3.898541243837381e-07
terraplane,1,,3470.0,72.0,86992.0,3.898541243837381e-07
standart,1,18.0,2088.0,50.0,1734.0,3.898541243837381e-07
tec,1,19.0,2400.0,101.0,134637.0,3.898541243837381e-07
tatra,1,18.0,2540.0,69.0,69402.0,3.898541243837381e-07
t.e.c.,1,19.0,2280.0,81.0,163620.0,3.898541243837381e-07
sunbeam talbot,1,17.0,1200.0,30.0,16859.0,3.898541243837381e-07
studebacker,1,36.0,4240.0,103.0,4829.0,3.898541243837381e-07
steyr-daimler,1,34.0,2950.0,125.0,301699.0,3.898541243837381e-07
steyr,1,10.0,1158.0,,25191.0,3.898541243837381e-07
vanden plas,1,29.0,4200.0,,60926.0,3.898541243837381e-07
vanden-plas,1,,3900.0,,34612.0,3.898541243837381e-07
velorex,1,20.0,,,40897.0,3.898541243837381e-07
vintage autoworks,1,13.0,5737.0,,14585.0,3.898541243837381e-07
winnebago,1,41.0,2060.0,,47432.0,3.898541243837381e-07
wingamm,1,4.0,2287.0,118.0,32048.0,3.898541243837381e-07
willys-overland,1,,2922.0,37.0,,3.898541243837381e-07
willys jeep,1,,2190.0,,4289.0,3.898541243837381e-07
welsch,1,10.0,2400.0,133.0,135448.0,3.898541243837381e-07
wanderer,1,,2650.0,46.0,29635.0,3.898541243837381e-07
vw-naantali,1,35.0,1580.0,,68151.0,3.898541243837381e-07
volvo/nilsson,1,19.0,2521.0,154.0,221852.0,3.898541243837381e-07
volkswagen/cts,1,3.0,1968.0,130.0,164538.0,3.898541243837381e-07
volkswagen-wingamm,1,28.0,2461.0,75.0,303959.0,3.898541243837381e-07
volkswagen-vw,1,29.0,2370.0,57.0,306966.0,3.898541243837381e-07
volkswagen-mac,1,,1580.0,,69240.0,3.898541243837381e-07
volkswagen-käf,1,,1580.0,,8533.0,3.898541243837381e-07
volkswagen-bea,1,15.0,1580.0,,36921.0,3.898541243837381e-07
volkswagen mac,1,,1600.0,,,3.898541243837381e-07
star,1,23.0,2580.0,22.0,24049.0,3.898541243837381e-07
sprintcar,1,4.0,2987.0,140.0,39793.0,3.898541243837381e-07
plymouth-dodge,1,14.0,3300.0,60.0,39347.0,3.898541243837381e-07
renault burstne,1,20.0,2950.0,100.0,129846.0,3.898541243837381e-07
renault-miller,1,19.0,2460.0,84.0,126817.0,3.898541243837381e-07
renault-elnagh,1,20.0,2950.0,100.0,140803.0,3.898541243837381e-07
renault-elddis,1,32.0,2160.0,71.0,52438.0,3.898541243837381e-07
renault-dacia,1,3.0,1998.0,99.0,105002.0,3.898541243837381e-07
renault-arca,1,18.0,2460.0,107.0,113025.0,3.898541243837381e-07
renault-alpine,1,44.0,2645.0,110.0,3754.0,3.898541243837381e-07
renault la strada,1,13.0,2299.0,107.0,233002.0,3.898541243837381e-07
renault adria,1,9.0,2299.0,110.0,42677.0,3.898541243837381e-07
spier,1,8.0,2143.0,105.0,222923.0,3.898541243837381e-07
remetz,1,18.0,2140.0,125.0,179805.0,3.898541243837381e-07
reliant,1,38.0,1590.0,,71408.0,3.898541243837381e-07
rapido camping-cars,1,15.0,2999.0,115.5,162875.0,3.898541243837381e-07
raceabout,1,23.0,1980.0,136.0,254.0,3.898541243837381e-07
princess,1,47.0,1798.0,62.0,1470.0,3.898541243837381e-07
popeda,1,26.0,2120.0,,59562.0,3.898541243837381e-07
pobeda,1,32.0,2120.0,,44831.0,3.898541243837381e-07
renault-rimor,1,19.0,2953.0,100.0,137756.0,3.898541243837381e-07
renault-theault,1,17.0,2464.0,107.0,271897.0,3.898541243837381e-07
renault/ prentki,1,7.0,2299.0,125.0,128707.0,3.898541243837381e-07
renault/knaus,1,18.0,2464.0,88.0,186954.0,3.898541243837381e-07
solifer,1,11.0,2287.0,96.0,110561.0,3.898541243837381e-07
smz,1,9.0,,,9.0,3.898541243837381e-07
skyworth,1,0.0,,,2025.0,3.898541243837381e-07
skd,1,4.0,1498.0,96.0,84485.0,3.898541243837381e-07
sitcar,1,14.0,4249.0,130.0,354646.0,3.898541243837381e-07
simca / fiat,1,17.0,570.0,,10.0,3.898541243837381e-07
shelby,1,10.0,7014.0,261.0,43101.0,3.898541243837381e-07
shay,1,11.0,2295.0,65.0,8984.0,3.898541243837381e-07
sears,1,21.0,850.0,,,3.898541243837381e-07
sea fiat,1,18.0,2800.0,94.0,142948.0,3.898541243837381e-07
saturn,1,4.0,2384.0,124.0,110980.0,3.898541243837381e-07
saleen,1,18.0,4602.0,308.0,131122.0,3.898541243837381e-07
saab-lancia,1,39.0,1498.0,63.0,121957.0,3.898541243837381e-07
rugby,1,,4780.0,,,3.898541243837381e-07
rivian,1,3.0,,,110681.0,3.898541243837381e-07
skida,1,10.0,1395.0,81.0,206397.0,3.898541243837381e-07
iveco-hobby,1,17.0,2998.0,130.0,170587.0,3.898541243837381e-07
neoplan,1,35.0,,266.0,52253.0,3.898541243837381e-07
fiat mc-louis,1,18.0,2800.0,94.0,66449.0,3.898541243837381e-07
fiat-lastrada,1,12.0,2287.0,109.0,138021.0,3.898541243837381e-07
fiat-hymermobil,1,23.0,2800.0,94.0,161127.0,3.898541243837381e-07
fiat-evm,1,21.0,2290.0,81.0,316224.0,3.898541243837381e-07
fiat-cristall,1,22.0,2800.0,94.0,139268.0,3.898541243837381e-07
fiat-ci caravan,1,31.0,1920.0,60.0,264919.0,3.898541243837381e-07
fiat-chateau,1,17.0,2999.0,116.0,68595.0,3.898541243837381e-07
fiat-carioca,1,26.0,1910.0,66.0,122989.0,3.898541243837381e-07
fiat-autoroller,1,24.0,2800.0,90.0,136338.0,3.898541243837381e-07
fiat-ahorn,1,25.0,1905.0,66.0,45331.0,3.898541243837381e-07
fiat teve,1,30.0,2500.0,,158916.0,3.898541243837381e-07
fiat sun living,1,8.0,2287.0,96.0,46035.0,3.898541243837381e-07
fiat hymer camp,1,34.0,2490.0,70.0,308670.0,3.898541243837381e-07
fiat-niesmann+bishoff,1,16.0,2287.0,95.5,105417.0,3.898541243837381e-07
fiat hymer,1,20.0,2800.0,94.0,123657.0,3.898541243837381e-07
fiat ducato affinity,1,2.0,2184.0,118.0,2977.0,3.898541243837381e-07
fiat dethleffs,1,18.0,2290.0,88.0,242691.0,3.898541243837381e-07
fiat cpt,1,19.0,2800.0,94.0,123357.0,3.898541243837381e-07
fiat challenger,1,21.0,2280.0,81.0,159591.0,3.898541243837381e-07
fiat adriatik,1,20.0,2280.0,81.0,121577.0,3.898541243837381e-07
facel,1,1.0,6277.0,295.0,81823.0,3.898541243837381e-07
evante,1,36.0,1699.0,103.0,42425.0,3.898541243837381e-07
eura mobil - fiat,1,18.0,2999.0,115.5,109151.0,3.898541243837381e-07
eura,1,17.0,2198.0,96.0,176194.0,3.898541243837381e-07
era,1,14.0,7014.0,338.0,13117.0,3.898541243837381e-07
fiat-mclois,1,17.0,2198.0,74.0,159066.0,3.898541243837381e-07
fiat-roller,1,21.0,2800.0,94.0,185229.0,3.898541243837381e-07
neo-traveller,1,10.0,2999.0,130.0,94163.0,3.898541243837381e-07
ford chausson,1,21.0,2400.0,92.0,173857.0,3.898541243837381e-07
ford-dethleffs/sunlight,1,17.0,2198.0,81.0,133471.0,3.898541243837381e-07
ford-dethleffs/globecar,1,17.0,2198.0,81.0,152953.0,3.898541243837381e-07
ford-detfleffs,1,19.0,1990.0,92.0,132737.0,3.898541243837381e-07
ford-avec,1,23.0,1990.0,74.0,230094.0,3.898541243837381e-07
ford-a,1,23.0,3280.0,29.0,76064.0,3.898541243837381e-07
ford transit,1,29.0,2490.0,56.0,246355.0,3.898541243837381e-07
ford sunlight,1,15.0,2402.0,103.0,80057.0,3.898541243837381e-07
ford prefect,1,28.0,1100.0,,47000.0,3.898541243837381e-07
ford mustang,1,17.0,4730.0,165.0,48883.0,3.898541243837381e-07
ford mercury,1,37.0,4940.0,143.0,87232.0,3.898541243837381e-07
ford hehn-mobil,1,33.0,2490.0,59.0,66211.0,3.898541243837381e-07
ford a,1,21.0,3290.0,30.0,3180.0,3.898541243837381e-07
fiat-roller team,1,15.0,2287.0,95.0,112445.0,3.898541243837381e-07
ford 125 t350,1,20.0,2000.0,92.0,178550.0,3.898541243837381e-07
fiat/dethleffs,1,18.0,2287.0,96.0,236815.0,3.898541243837381e-07
fiat/challenger,1,21.0,2280.0,81.0,66240.0,3.898541243837381e-07
fiat/benimar,1,7.0,2287.0,110.0,102414.0,3.898541243837381e-07
fiat-tramobil,1,17.0,2287.0,88.0,206439.0,3.898541243837381e-07
fiat-teve,1,28.0,2490.0,85.0,135099.0,3.898541243837381e-07
fiat-sunlight,1,19.0,2280.0,81.0,210802.0,3.898541243837381e-07
fiat-solifer-capron,1,14.0,2287.0,95.5,100820.0,3.898541243837381e-07
fiat-smc,1,34.0,2440.0,68.0,109766.0,3.898541243837381e-07
fiat-sea dart,1,19.0,2000.0,62.0,77347.0,3.898541243837381e-07
fiat-s.e.a.,1,17.0,2198.0,74.0,142687.0,3.898541243837381e-07
elegant,1,13.0,6600.0,,2500.0,3.898541243837381e-07
eagle,1,21.0,3510.0,155.0,161591.0,3.898541243837381e-07
dual ghia,1,26.0,5160.0,191.0,609.0,3.898541243837381e-07
austin super,1,63.0,848.0,27.0,85356.0,3.898541243837381e-07
bmw-beme,1,36.0,4980.0,,314116.0,3.898541243837381e-07
bmc,1,57.0,998.0,26.0,98259.0,3.898541243837381e-07
blmc,1,,990.0,,68471.0,3.898541243837381e-07
bl cars (gb),1,42.0,1326.0,51.0,67352.0,3.898541243837381e-07
biemme special cars,1,8.0,2987.0,202.0,42989.0,3.898541243837381e-07
bedford-hymer,1,38.0,2270.0,,73006.0,3.898541243837381e-07
barkas-veb,1,45.0,992.0,34.0,35667.0,3.898541243837381e-07
barkas,1,60.0,990.0,33.1,20863.0,3.898541243837381e-07
baldi,1,5.0,,,603.0,3.898541243837381e-07
baci,1,14.0,4940.0,149.0,34221.0,3.898541243837381e-07
austin-mini,1,15.0,1000.0,31.0,49421.0,3.898541243837381e-07
audi-porsche,1,26.0,1781.0,165.0,248938.0,3.898541243837381e-07
dodge-brothers,1,0.0,3400.0,43.0,24818.0,3.898541243837381e-07
audi tt,1,20.0,1780.0,132.0,140491.0,3.898541243837381e-07
armstrong-siddeley,1,13.0,3435.0,114.0,,3.898541243837381e-07
armstrong siddeley,1,13.0,3435.0,112.0,10400.0,3.898541243837381e-07
arbeitsgem.vw-m,1,36.0,5650.0,,346908.0,3.898541243837381e-07
amphicar,1,31.0,1140.0,28.0,34671.0,3.898541243837381e-07
american la france,1,,,,,3.898541243837381e-07
ameise,1,62.0,2550.0,,,3.898541243837381e-07
allard,1,27.0,2260.0,,47005.0,3.898541243837381e-07
adler trumpf,1,17.0,1645.0,28.0,7171.0,3.898541243837381e-07
adam opel,1,18.0,1910.0,88.0,172801.0,3.898541243837381e-07
ac cobra shelby 427,1,5.0,6262.0,220.0,26950.0,3.898541243837381e-07
bond,1,26.0,1990.0,,85463.0,3.898541243837381e-07
buick special,1,19.0,4330.0,188.0,74210.0,3.898541243837381e-07
burstner gmbh,1,11.0,2287.0,96.0,122568.0,3.898541243837381e-07
bus-prestige,1,3.0,1950.0,125.0,290975.0,3.898541243837381e-07
diana,1,,3938.0,49.0,15.0,3.898541243837381e-07
delorean,1,10.0,2849.0,116.0,23895.0,3.898541243837381e-07
de dion-bouton,1,,942.0,,,3.898541243837381e-07
crosley,1,0.0,724.0,20.0,38051.0,3.898541243837381e-07
crestmobile,1,15.0,,,,3.898541243837381e-07
cord,1,18.0,4730.0,161.0,30063.0,3.898541243837381e-07
continental,1,3.0,7538.0,240.0,71729.0,3.898541243837381e-07
contemporary,1,46.0,6997.0,,7627.0,3.898541243837381e-07
commerce,1,11.0,3256.0,,,3.898541243837381e-07
cobra,1,31.0,5752.0,386.0,11746.0,3.898541243837381e-07
clever,1,3.0,2179.0,121.0,,3.898541243837381e-07
citroen/dethleffs,1,17.0,2198.0,88.0,170000.0,3.898541243837381e-07
citroen-pilote,1,35.0,2500.0,70.0,150523.0,3.898541243837381e-07
citroen-piccolo,1,33.0,1970.0,55.0,76872.0,3.898541243837381e-07
citroen-mooveo,1,18.0,2200.0,88.0,289669.0,3.898541243837381e-07
citroen-la strada,1,16.0,2198.0,88.0,74411.0,3.898541243837381e-07
citroen-dethlef,1,19.0,2800.0,94.0,230541.0,3.898541243837381e-07
chrysler-simca,1,48.0,1440.0,,46291.0,3.898541243837381e-07
chrysler lancia,1,13.0,2776.0,120.0,235969.0,3.898541243837381e-07
chevrolet-flee,1,37.0,6210.0,119.0,112331.0,3.898541243837381e-07
caravans intern,1,20.0,2800.0,93.0,192759.0,3.898541243837381e-07
carado,1,2.0,1995.0,125.0,105.0,3.898541243837381e-07
bürstner,1,13.0,2287.0,96.0,72250.0,3.898541243837381e-07
ford-fendt,1,17.0,2198.0,96.0,252396.0,3.898541243837381e-07
ford-four winds,1,17.0,6792.0,266.0,23513.0,3.898541243837381e-07
ford-granduca,1,32.0,2490.0,74.0,19391.0,3.898541243837381e-07
mb-elnagh,1,25.0,2870.0,90.0,342473.0,3.898541243837381e-07
mercedes,1,18.0,1770.0,,70783.0,3.898541243837381e-07
mcc smart,1,24.0,590.0,33.0,158079.0,3.898541243837381e-07
mcc,1,24.0,599.0,40.0,101183.0,3.898541243837381e-07
mc louis,1,17.0,2287.0,96.0,217742.0,3.898541243837381e-07
mbcarlsson,1,22.0,3190.0,160.0,317580.0,3.898541243837381e-07
mb-westfalia,1,24.0,2690.0,115.0,285709.0,3.898541243837381e-07
mb-rotec,1,22.0,2680.0,115.0,170320.0,3.898541243837381e-07
mb-rmb,1,36.0,2930.0,65.0,189732.0,3.898541243837381e-07
mb-hehn,1,24.0,2680.0,115.0,265504.0,3.898541243837381e-07
mb-grenzland,1,35.0,3970.0,85.0,306913.0,3.898541243837381e-07
mb-ffb,1,30.0,2870.0,72.0,267087.0,3.898541243837381e-07
mb-dethleffs,1,27.0,2870.0,90.0,245031.0,3.898541243837381e-07
lada niva,1,21.0,1690.0,59.0,108265.0,3.898541243837381e-07
mb-clou,1,33.0,2870.0,70.0,80407.0,3.898541243837381e-07
mb-adria mobil,1,20.0,2690.0,115.0,233408.0,3.898541243837381e-07
mb rapido,1,19.0,2690.0,115.0,280363.0,3.898541243837381e-07
matra-simca,1,,1290.0,62.0,74181.0,3.898541243837381e-07
marmon,1,23.0,5570.0,,99996.0,3.898541243837381e-07
marcos,1,29.0,3998.0,140.0,35814.0,3.898541243837381e-07
malibu,1,7.0,2287.0,96.0,24187.0,3.898541243837381e-07
magyar suzuki (h),1,23.0,1298.0,56.0,143406.0,3.898541243837381e-07
lti,1,14.0,2499.0,74.0,12336.0,3.898541243837381e-07
lorraine dietrich,1,12.0,3446.0,29.5,39107.0,3.898541243837381e-07
lincoln zephyr,1,,4400.0,82.0,75297.0,3.898541243837381e-07
mercedes benz mirage,1,26.0,2874.0,90.0,171807.0,3.898541243837381e-07
mercedes-benz - rimor,1,27.0,2874.0,90.0,359059.0,3.898541243837381e-07
mercedes-benz / auto-form,1,7.0,2987.0,140.0,435664.0,3.898541243837381e-07
mercedes-benz / indusauto,1,6.0,1950.0,143.0,78922.0,3.898541243837381e-07
nash ambassador,1,33.0,5350.0,,1839.0,3.898541243837381e-07
monark,1,48.0,4950.0,,42390.0,3.898541243837381e-07
mitsubishi-frankia,1,38.0,2450.0,51.0,211796.0,3.898541243837381e-07
mitsubishi-eura-mobil,1,36.0,2470.0,51.0,195235.0,3.898541243837381e-07
midas,1,53.0,997.0,34.0,87662.0,3.898541243837381e-07
"mg,roewe",1,3.0,1490.0,119.0,24312.0,3.898541243837381e-07
metropolitan,1,23.0,1480.0,,39423.0,3.898541243837381e-07
meteor,1,5.0,5440.0,168.0,1404.0,3.898541243837381e-07
merkur,1,38.0,2302.0,130.0,72230.0,3.898541243837381e-07
mercedes-benz/zeszuta,1,6.0,2987.0,140.0,417964.0,3.898541243837381e-07
mercedes-benz-weinsberg,1,15.0,2987.0,135.0,58622.0,3.898541243837381e-07
mercedes-benz-v,1,33.0,2870.0,72.0,135535.0,3.898541243837381e-07
mercedes-benz-pilote,1,27.0,2900.0,90.0,155366.0,3.898541243837381e-07
mercedes-benz-lmc,1,17.0,2148.0,110.0,90081.0,3.898541243837381e-07
mercedes-benz-laika,1,23.0,2685.0,115.0,128963.0,3.898541243837381e-07
mercedes-benz-eura mobil,1,21.0,2685.0,115.0,176526.0,3.898541243837381e-07
mercedes-benz-cs,1,22.0,2148.0,95.0,247461.0,3.898541243837381e-07
mercedes-benz-clou,1,34.0,5958.0,129.0,199900.0,3.898541243837381e-07
mercedes-benz-ci,1,15.0,2143.0,150.0,355953.0,3.898541243837381e-07
mercedes-benz-adriatik,1,5.0,1950.0,143.0,148364.0,3.898541243837381e-07
mercedes-benz mfc,1,8.0,2143.0,120.0,231849.0,3.898541243837381e-07
mercedes-benz lmc,1,18.0,2148.0,110.0,156929.0,3.898541243837381e-07
mercedes-benz bus perfect,1,4.0,2987.0,140.0,736.0,3.898541243837381e-07
laughlin-buick,1,42.0,3390.0,44.0,25524.0,3.898541243837381e-07
la salle,1,34.0,5280.0,,2489.0,3.898541243837381e-07
ford-gulfstream,1,30.0,7260.0,132.0,92315.0,3.898541243837381e-07
ginetta,1,34.0,3948.0,148.0,36176.0,3.898541243837381e-07
invicta,1,11.0,4467.0,80.0,5414.0,3.898541243837381e-07
ilves,1,73.0,1911.0,41.0,1.0,3.898541243837381e-07
hongqi,1,1.0,,,73.0,3.898541243837381e-07
holden,1,70.0,2170.0,,,3.898541243837381e-07
haval,1,3.0,1967.0,140.0,24897.0,3.898541243837381e-07
hansa,1,65.0,1093.0,29.0,12276.0,3.898541243837381e-07
gutbrod,1,9.0,593.0,,58026.0,3.898541243837381e-07
great wall motor company limited,1,0.0,1998.0,150.0,642.0,3.898541243837381e-07
graham paige,1,,3470.0,,,3.898541243837381e-07
graham,1,17.0,3671.0,63.0,,3.898541243837381e-07
gmc truck,1,31.0,6210.0,115.0,100338.0,3.898541243837381e-07
geo,1,28.0,1580.0,,315042.0,3.898541243837381e-07
kuhlmann-cars,1,5.0,1991.0,145.0,44088.0,3.898541243837381e-07
genata,1,9.0,2143.0,120.0,39234.0,3.898541243837381e-07
freightliner-damon,1,23.0,5883.0,202.0,160648.0,3.898541243837381e-07
freightliner,1,27.0,5880.0,200.0,800889.0,3.898541243837381e-07
frazer,1,10.0,3712.0,84.0,55287.0,3.898541243837381e-07
forster,1,0.0,2184.0,103.0,63.0,3.898541243837381e-07
forest river,1,18.0,6760.0,266.0,19724.0,3.898541243837381e-07
ford/hobby,1,18.0,2400.0,103.0,125833.0,3.898541243837381e-07
ford-roller,1,29.0,2490.0,56.0,273581.0,3.898541243837381e-07
ford-riviera,1,29.0,2500.0,56.0,76373.0,3.898541243837381e-07
ford-rimon,1,22.0,2400.0,66.0,131982.0,3.898541243837381e-07
ford-pössl,1,19.0,2190.0,96.0,171003.0,3.898541243837381e-07
irmscher,1,34.0,3983.0,200.0,141636.0,3.898541243837381e-07
iso rivolta,1,14.0,5733.0,221.0,36064.0,3.898541243837381e-07
isotta fraschin,1,28.0,5900.0,59.0,62434.0,3.898541243837381e-07
iveco / niesmann + bischoff,1,17.0,2998.0,130.0,105196.0,3.898541243837381e-07
ktm,1,16.0,1984.0,177.0,,3.898541243837381e-07
ks. huom.,1,35.0,2990.0,66.0,85261.0,3.898541243837381e-07
kissel,1,,3300.0,49.0,91032.0,3.898541243837381e-07
kentucky camp,1,9.0,2299.0,110.0,100208.0,3.898541243837381e-07
kellison,1,11.0,6555.0,,8855.0,3.898541243837381e-07
karma automotive llc,1,6.0,1998.0,156.0,40655.0,3.898541243837381e-07
jensen healey,1,23.0,1970.0,,28160.0,3.898541243837381e-07
jc sports midge,1,50.0,1493.0,53.0,77766.0,3.898541243837381e-07
javelin,1,,5600.0,,77863.0,3.898541243837381e-07
iz,1,47.0,1480.0,64.7,28784.0,3.898541243837381e-07
iveco/niesmann+bischoff,1,18.0,2998.0,130.0,159486.0,3.898541243837381e-07
iveco-nordic,1,30.0,2490.0,,56074.0,3.898541243837381e-07
iveco-mobilvett,1,30.0,2490.0,85.0,282930.0,3.898541243837381e-07
iveco-matkaaja,1,34.0,2490.0,76.0,210172.0,3.898541243837381e-07
ac,1,39.0,6964.0,219.0,9198.0,3.898541243837381e-07
iveco-giottilin,1,19.0,2990.0,122.0,195800.0,3.898541243837381e-07
iveco-fiat,1,34.0,2440.0,68.0,123145.0,3.898541243837381e-07
iveco-ea,1,25.0,5880.0,134.0,512667.0,3.898541243837381e-07
iveco-ci,1,24.0,2800.0,92.0,254170.0,3.898541243837381e-07
iveco-arca,1,19.0,2980.0,122.0,198683.0,3.898541243837381e-07
iveco 35e12a,1,25.0,2800.0,90.0,189106.0,3.898541243837381e-07
iveco 35c13,1,25.0,2800.0,92.0,300853.0,3.898541243837381e-07
iveco / niesmann+bischoff,1,17.0,2998.0,130.0,101419.0,3.898541243837381e-07
zeekr,1,1.0,,,4816.0,3.898541243837381e-07
