feature,feature_group,mean_abs_shap,mean_shap,median_abs_shap,importance_share
subcategory,part_taxonomy,247.61743446403509,30.754627233542543,136.9623777916235,0.6655178044304427
part_name,part_taxonomy,35.61377178569735,-20.370411883299642,31.66907542645795,0.09571862036938543
year_end,vehicle_age_usage,19.43846098635306,1.0932629646171452,16.174433968174412,0.052244471012898225
year_start,vehicle_age_usage,17.413451001975847,2.2973262358917386,15.366774620774533,0.046801880907441855
category,part_taxonomy,16.931591141467287,-1.4166237073831949,9.99315131294265,0.04550679311565151
year_mid,vehicle_age_usage,11.49758527856603,1.9827341363285567,10.028371642040753,0.030901893993875572
mileage,vehicle_age_usage,2.7055063668266484,-1.73813064195983,1.4169864839942221,0.007271550410092693
brand,vehicle_identity,2.4942901260767796,-0.8921948307600792,0.9251016973859296,0.0067038675685829165
model,vehicle_identity,2.1214870220902826,-0.7300872725638581,0.6989229842385791,0.005701890047141535
year_span,vehicle_age_usage,1.3978873002836025,0.0021865991663303917,1.0599783115689414,0.003757081519480266
brand_firstreg_recent_share,traficom_brand_context,0.9673766167305976,0.038477446145789546,0.9145672287881296,0.002600004169405148
model_firstreg_weighted_year,traficom_model_context,0.8671379267581008,0.05215213046221244,0.8327812846533303,0.0023305940892390468
brand_firstreg_weighted_year,traficom_brand_context,0.8315697020189039,0.031329380485560776,0.8180446561957955,0.0022349978850091023
model_firstreg_recent_share,traficom_model_context,0.7981733547817157,0.02038828071911807,0.7986638813454014,0.0021452390045918254
model_hybrid_share,traficom_model_context,0.7772237850568567,0.045859446918634424,0.7309638739833558,0.0020889331484342066
model_median_mileage,traficom_model_context,0.7453979311255287,0.04119577046740093,0.7151774275771166,0.0020033952602061555
brand_hybrid_share,traficom_brand_context,0.6996078346776138,0.05781294505581105,0.674324802443398,0.001880325878930013
quality_grade,part_condition,0.6547262100435498,-0.3504800074419337,0.21649084932024945,0.0017596981842348243
model_mean_mileage,traficom_model_context,0.5567032483458807,0.03977762991570283,0.5251525912881784,0.001496243284970543
brand_turbo_share,traficom_brand_context,0.5083828578455603,0.22178467931849483,0.28489241767958035,0.0013663732688927145
model_median_mass_kg,traficom_model_context,0.45386782388999003,0.2156388912227092,0.22377155542644495,0.0012198539990154083
model_diesel_share,traficom_model_context,0.4013131308212266,0.11088062774153447,0.16400848513856253,0.0010786035090434702
brand_median_power_kw,traficom_brand_context,0.38542560860289077,0.1707054621432599,0.18969181597125742,0.0010359028449021394
brand_diesel_share,traficom_brand_context,0.3799275892365777,0.15815455867574083,0.19425557328951198,0.0010211258976112322
brand_automatic_share,traficom_brand_context,0.3641432765667637,0.17540309281073058,0.18332245297438055,0.0009787026282837084
model_turbo_share,traficom_model_context,0.33374248222928515,0.12718360257837497,0.16074292747544247,0.0008969948521563422
model_automatic_share,traficom_model_context,0.32647305181562886,0.13562813699937712,0.1645329394234486,0.0008774569089625276
model_firstreg_peak_year,traficom_model_context,0.32576240490256414,0.005384084448611367,0.26240505201911063,0.0008755469135119576
model_share_within_brand,traficom_model_context,0.31578544130554,0.17479642040243834,0.1412233504634418,0.0008487319724624882
brand_firstreg_peak_year,traficom_brand_context,0.2974816610997283,-0.0037810486420553906,0.22734059154071454,0.0007995371666051547
brand_median_engine_cc,traficom_brand_context,0.29357619384581646,0.012442346760929694,0.2331496975683032,0.0007890404986394105
brand_firstreg_old_share,traficom_brand_context,0.2507431899532528,0.11068231715796795,0.11774299880978567,0.0006739188523407938
brand_ev_share,traficom_brand_context,0.23483119153332263,0.08105929989079289,0.16011719630458027,0.0006311524038657342
model_firstreg_peak_count,traficom_model_context,0.2183774767656315,-0.025813539982101327,0.11794958887099337,0.0005869299921820811
model_firstreg_total_2014_2026,traficom_model_context,0.21321855347888238,-0.0025235676697737902,0.12993201605643206,0.0005730644285296113
model_firstreg_old_share,traficom_model_context,0.21120210530147873,0.08076611533987228,0.11489422306247334,0.0005676448498691742
brand_median_mass_kg,traficom_brand_context,0.19372778059698784,0.1098537826063397,0.10919173559410379,0.0005206793595901505
model_share_over_200k_km,traficom_model_context,0.18064224716288743,-0.003059787587771024,0.10690398320181876,0.0004855095602595282
model_total_registered,traficom_model_context,0.17049440648898848,-0.0116713444668469,0.11437348842869748,0.0004582353553570293
brand_firstreg_total_2014_2026,traficom_brand_context,0.15129947803055785,-0.03655158798795672,0.06653329293178017,0.00040664542320421236
model_median_vehicle_age,traficom_model_context,0.13317541559703522,-0.014800511545681587,0.0498520196293775,0.00035793364220936414
model_share_of_market,traficom_model_context,0.12573564575079674,0.006912123369935223,0.07088849295818428,0.0003379378801813249
brand_median_vehicle_age,traficom_brand_context,0.11878302308800978,-0.020112942463877136,0.02929393772637829,0.0003192514166066312
brand_mean_mileage,traficom_brand_context,0.1160986699790089,-0.027291928657651603,0.01676924461922764,0.0003120367195022648
brand_share_over_200k_km,traficom_brand_context,0.11239785323447037,-0.006087496597096898,0.026772911826633466,0.00030209008775658117
brand_firstreg_peak_count,traficom_brand_context,0.11162716389726843,-0.03933261071007757,0.03367203138953107,0.0003000187171493266
brand_mean_vehicle_age,traficom_brand_context,0.10550686023290096,-0.02785275500513309,0.029053784086838678,0.0002835692653327622
brand_median_mileage,traficom_brand_context,0.09922578681458598,-0.019521641804158007,0.04679017148388079,0.00026668771496910827
brand_share_over_10y,traficom_brand_context,0.09834859890829055,0.012726680956742564,0.02490908871466822,0.00026433010969493094
brand_total_registered,traficom_brand_context,0.09218533587407107,-0.03775547395540168,0.031190317487555817,0.00024776519660010273
brand_share_of_market,traficom_brand_context,0.09160891685043057,-0.01354068132629581,0.02581503349306139,0.0002462159635104558
model_petrol_share,traficom_model_context,0.0893102549513383,-0.009336405041656915,0.021539971613974987,0.00024003788310378722
model_median_power_kw,traficom_model_context,0.08289420054638874,-0.028087915131879908,0.016067937984261513,0.00022279354629070833
model_mean_vehicle_age,traficom_model_context,0.08204552774498083,-0.01584572646554293,0.03498725920592759,0.00022051258065234228
brand_petrol_share,traficom_brand_context,0.07639593392262278,0.0020528149100725573,0.014883723273054776,0.00020532824888379057
model_ev_share,traficom_model_context,0.07512829963534487,0.0556660608359845,0.01631715241676008,0.00020192124650725765
model_share_over_10y,traficom_model_context,0.07452989198653893,-0.0010483165500490544,0.013949256656688306,0.00020031291490714347
model_median_engine_cc,traficom_model_context,0.04253544473415188,0.0233279587731926,0.007470277734684547,0.00011432190084360466
brand_firstreg_year_span,traficom_brand_context,0.0,0.0,0.0,0.0
model_firstreg_year_span,traficom_model_context,0.0,0.0,0.0,0.0
repair_status,part_condition,0.0,0.0,0.0,0.0
