part_name,brand,model,row_count,product_id_count,product_id_sample,median_price,min_price,max_price,rows_per_product_id
drive shaft -(right front),toyota,corolla,65,31,"53410756, 53712062, 53713676, 53714980, 53716391, 53716866, 53718651, 54151722, 54413270, 54521427 ... (+21 more)",296.4,153.9,357.0,2.1
suspension -(rear),toyota,corolla,78,30,"53375391, 53480837, 53577432, 53817908, 53827878, 53865601, 54491760, 54491761, 55960953, 55960954 ... (+20 more)",47.2,35.5,47.6,2.6
trailing link rear -(left),toyota,corolla,77,29,"53722743, 53722744, 53848080, 53848801, 53848805, 53848806, 53869465, 53883746, 53883759, 54363441 ... (+19 more)",71.0,56.2,72.6,2.66
shock absorbers rear -(rear),toyota,corolla,73,29,"53706183, 53721247, 53819760, 53824358, 53853721, 53853777, 53859811, 53859812, 53881584, 54248598 ... (+19 more)",60.4,59.2,62.2,2.52
hub rear -(rear),toyota,corolla,61,26,"53699458, 53708861, 53710888, 53715555, 53716493, 53717736, 54555112, 54560998, 54562514, 54568829 ... (+16 more)",94.4,47.4,119.0,2.35
drive shaft -(left front),toyota,corolla,87,25,"53367963, 53374161, 54232635, 54417013, 54521794, 54626514, 56269960, 59131986, 60059054, 60132522 ... (+15 more)",294.9,153.9,297.5,3.48
trailing link rear -(right),toyota,corolla,70,25,"53707144, 53725967, 53848794, 53848803, 53848811, 53859508, 53860530, 53883758, 54360056, 55987886 ... (+15 more)",71.0,56.2,72.6,2.8
curtain airbags -(right),toyota,corolla,63,23,"53663768, 53991822, 54082891, 54331761, 54470946, 54479779, 54492177, 59391659, 61845408, 62404856 ... (+13 more)",235.9,59.2,261.8,2.74
wheel bearing spindle shaft -(right rear),toyota,corolla,52,23,"53853364, 53855121, 53855165, 56933447, 57222704, 58825525, 59131976, 59241761, 60059059, 60139249 ... (+13 more)",189.75,165.8,208.3,2.26
wheel bearing spindle shaft -(left rear),toyota,corolla,60,22,"53853342, 53869656, 56933448, 58825527, 59131977, 59242297, 60059060, 60139248, 60419506, 60496437 ... (+12 more)",177.9,165.8,208.3,2.73
curtain airbags -(left),toyota,corolla,55,21,"53449758, 53659100, 53672406, 54470943, 54476116, 54492143, 59391660, 59624287, 61845319, 62465163 ... (+11 more)",226.1,59.2,261.8,2.62
brake caliper -(right rear),toyota,corolla,53,20,"53608052, 53850683, 53859861, 54238812, 56933443, 57220992, 58755576, 59131987, 59249691, 62404920 ... (+10 more)",177.9,168.7,238.0,2.65
brake caliper -(left rear),toyota,corolla,50,20,"53608961, 53859868, 53860486, 53867130, 54232531, 56933444, 57220993, 58755577, 59131988, 59249690 ... (+10 more)",177.7,165.8,238.0,2.5
strut rear -(left),toyota,corolla,59,17,"53589483, 53618513, 53650880, 53664653, 53679064, 53682952, 53689539, 54008914, 54034252, 54321498 ... (+7 more)",53.3,23.7,59.5,3.47
brake caliper -(right front),toyota,corolla,47,17,"53859828, 53860450, 53860490, 53895810, 53928356, 57220994, 58717890, 60058882, 61076237, 62404916 ... (+7 more)",177.6,142.1,238.0,2.76
brake caliper -(left front),toyota,corolla,44,16,"53606571, 53859829, 53928357, 56933442, 57220995, 60058883, 60496428, 63310200, 63350262, 64546414 ... (+6 more)",177.6,118.4,238.0,2.75
distributors -,toyota,corolla,40,16,"53687628, 53832764, 53832935, 53914784, 53954187, 54310467, 54335221, 54341466, 54345881, 54475593 ... (+6 more)",83.7,59.2,95.2,2.5
gear box 5 speed -,toyota,corolla,40,16,"53400892, 53413369, 53889068, 54560231, 54777180, 56989378, 59855589, 60930698, 61139026, 63216307 ... (+6 more)",651.6,517.4,833.0,2.5
starter gasoline -,toyota,corolla,40,16,"53397731, 53705104, 53725225, 53727493, 53821469, 53913410, 54528712, 54648612, 56268870, 58355946 ... (+6 more)",94.7,82.9,106.7,2.5
passenger airbag -,toyota,corolla,39,16,"53402114, 53455139, 53471242, 53713033, 59140468, 60058722, 61076256, 63158119, 63310195, 63350253 ... (+6 more)",296.0,281.2,333.2,2.44
strut rear -(right),toyota,corolla,55,15,"53467029, 53662663, 53674446, 53721223, 53792102, 54007262, 54338198, 54471239, 54484620, 54485592 ... (+5 more)",59.0,29.6,59.5,3.67
airbag krocksensor -,toyota,corolla,40,15,"54432700, 54432701, 54492383, 54492396, 54493918, 54493926, 59245086, 59245089, 60132894, 61769058 ... (+5 more)",56.3,53.3,59.5,2.67
contact roll airbag -,toyota,corolla,40,15,"53596126, 53856491, 53856614, 53928362, 54282984, 55149341, 58712351, 61076273, 62133431, 63019913 ... (+5 more)",213.45,177.6,238.0,2.67
distributors vacuum regulator -,toyota,corolla,40,15,"54570238, 54570295, 54570367, 54570499, 54572869, 54573063, 54573661, 54573914, 54574618, 54575400 ... (+5 more)",100.6,100.2,101.1,2.67
fuel injection pump -,toyota,corolla,40,15,"53713302, 53715683, 53717128, 53720617, 54051647, 54173283, 54432606, 54472609, 54504379, 54526701 ... (+5 more)",118.4,100.6,119.0,2.67
hybrid batteri -,toyota,corolla,40,15,"54137921, 57028353, 57887357, 58926177, 58991908, 59217624, 60117429, 60785799, 61156018, 62529942 ... (+5 more)",1300.1,1124.8,1462.2,2.67
hybrid inverter -,toyota,corolla,40,15,"54137927, 54232530, 54248125, 57231214, 58198976, 59274610, 60063118, 61074258, 61156102, 61905395 ... (+5 more)",1085.45,355.2,1190.0,2.67
insp.pump diesel control unit -,toyota,corolla,40,15,"53461881, 53650419, 53832045, 54071642, 54531250, 54531561, 54532022, 54532302, 54571247, 56093599 ... (+5 more)",213.4,118.4,238.0,2.67
other control unit -,toyota,corolla,40,15,"53608931, 53608953, 53861120, 54103835, 54137955, 59244561, 60119199, 60125605, 60500078, 63020235 ... (+5 more)",438.75,270.0,476.0,2.67
power steering control unit -,toyota,corolla,40,15,"53590879, 53696108, 53715029, 54063166, 54068576, 54469879, 54471168, 54527905, 54532256, 54684107 ... (+5 more)",178.2,165.8,238.0,2.67
sensor abs -,toyota,corolla,40,15,"53835699, 53875465, 53897787, 54552575, 54558254, 54558373, 54559216, 54560130, 54561122, 54568794 ... (+5 more)",47.4,41.4,59.5,2.67
abs hydraulic pump -,toyota,corolla,39,15,"53685056, 53728071, 54063593, 54151616, 54552749, 54556265, 54573754, 54586417, 55593606, 56798552 ... (+5 more)",530.9,236.8,547.4,2.6
clutch cylinder slave -,toyota,corolla,39,15,"53663283, 53799748, 53829242, 53836797, 53858372, 54016900, 54318560, 54524529, 54528612, 54532592 ... (+5 more)",29.6,23.7,35.7,2.6
coil -,toyota,corolla,39,15,"54311388, 54316693, 54321523, 54325977, 54533639, 54579565, 55161386, 58955945, 58955946, 64465053 ... (+5 more)",53.3,47.4,53.5,2.6
engine gasoline -,toyota,corolla,39,15,"53605194, 53848511, 56939596, 59078050, 59140483, 62989746, 63117883, 63305356, 63352462, 64538310 ... (+5 more)",3656.1,3433.6,3689.0,2.6
hand brake lever -,toyota,corolla,39,15,"53817071, 53829075, 53836781, 53855578, 53881176, 53882640, 53994088, 54134876, 54365316, 54365356 ... (+5 more)",47.2,35.5,47.6,2.6
other relay -,toyota,corolla,39,15,"53831848, 54062472, 54132421, 54210583, 54500179, 54504299, 54530676, 54547503, 54574000, 54578012 ... (+5 more)",41.5,29.6,47.6,2.6
fuel filling pipe / tube -,toyota,corolla,38,15,"53821389, 53826004, 54517984, 54527967, 54527972, 54527974, 54555307, 54555440, 54560132, 54571032 ... (+5 more)",59.0,35.5,59.5,2.53
gear lever -,toyota,corolla,38,15,"53606551, 53700152, 53886312, 54145488, 54593502, 58718927, 60061114, 60467442, 61092453, 62404893 ... (+5 more)",177.6,171.7,190.4,2.53
engine casing -,toyota,corolla,39,14,"53677350, 54081552, 54398229, 54533387, 54612069, 54634256, 54634380, 54679094, 55544010, 58397284 ... (+4 more)",59.2,47.4,59.5,2.79
fuse box / electricity central -,toyota,corolla,39,14,"53616724, 53864019, 54000335, 54035815, 54161048, 54448932, 54537964, 54556301, 55161385, 55588422 ... (+4 more)",95.2,71.0,119.0,2.79
kamera utvändig -,toyota,corolla,39,14,"53838464, 53858477, 53881624, 53928354, 54129716, 58385449, 58761312, 58925051, 59862593, 60492667 ... (+4 more)",652.4,296.0,714.0,2.79
knee -,toyota,corolla,39,14,"53472131, 53484104, 53573229, 53581161, 53691366, 53835769, 53966531, 53999838, 54400530, 54568070 ... (+4 more)",213.5,90.0,297.5,2.79
mass air-flow sensor -,toyota,corolla,39,14,"53431833, 53449533, 53475815, 53727895, 53729179, 53729180, 53874568, 54036224, 54070887, 54561934 ... (+4 more)",82.9,71.0,83.3,2.79
steering wheel airbag -,toyota,corolla,39,14,"53447491, 53487808, 53710872, 59140469, 60058723, 61092668, 63041911, 63350256, 63461617, 64546410 ... (+4 more)",296.0,260.5,297.5,2.79
tank lid -,toyota,corolla,39,14,"53395854, 53655680, 53686810, 53820047, 53838227, 53864712, 53902200, 54000358, 54491958, 54509654 ... (+4 more)",47.4,32.0,59.5,2.79
airbag control unit -,toyota,corolla,38,14,"53446995, 53496737, 53580055, 53729424, 53729426, 54045902, 54080251, 54432610, 54531816, 54556263 ... (+4 more)",260.05,181.2,357.0,2.71
alternator -,toyota,corolla,38,14,"53705345, 53713804, 53727775, 54230860, 56919452, 58508409, 61842750, 64471152, 64498731, 64572767 ... (+4 more)",142.3,106.6,148.8,2.71
deliverer -,toyota,corolla,38,14,"53835788, 54533836, 54534848, 54534956, 54539614, 56142206, 56142207, 56142208, 58954021, 60114204 ... (+4 more)",141.85,84.1,142.8,2.71
fuel pump electric -,toyota,corolla,38,14,"54549667, 54549674, 54553339, 54557769, 54558231, 54558291, 54569407, 54572196, 54574086, 54575016 ... (+4 more)",100.8,100.2,107.1,2.71
injection control unit -,toyota,corolla,38,14,"53383800, 53420251, 53472798, 53726528, 53727624, 53728059, 53834883, 54434817, 60224931, 61766032 ... (+4 more)",496.6,355.2,595.0,2.71
automatic gear -,toyota,corolla,37,14,"54137995, 57035004, 59078044, 59131981, 59269879, 61063287, 61808559, 62117685, 62404956, 63117910 ... (+4 more)",2960.0,2604.8,3054.5,2.64
starter diesel -,toyota,corolla,37,14,"53496516, 53836067, 53860384, 54054291, 54186234, 54505247, 54571054, 54583169, 61425451, 62496233 ... (+4 more)",71.4,59.2,95.2,2.64
air purifier -,toyota,corolla,36,14,"53653516, 53880349, 54212370, 54382401, 54394640, 54469829, 56545219, 59382148, 62480986, 62516003 ... (+4 more)",73.30000000000001,53.3,95.2,2.57
rear axle -,toyota,corolla,34,14,"53452767, 53721809, 54403966, 54668815, 54669756, 54691624, 57021566, 62895199, 64257773, 64579006 ... (+4 more)",318.4,260.5,321.3,2.43
brake servo -,toyota,corolla,38,13,"53421835, 53607268, 53714970, 54066047, 54219687, 54472538, 55885461, 61721306, 61751538, 61886697 ... (+3 more)",508.7,118.4,595.0,2.92
engine diesel -,toyota,corolla,38,13,"53365006, 53365016, 53368241, 53657292, 53728297, 53884324, 53996296, 54010499, 54348690, 58974428 ... (+3 more)",935.4,522.2,952.0,2.92
main cylinder -,toyota,corolla,38,13,"53392046, 53723167, 54341930, 54513878, 56051567, 59746205, 59747247, 60058879, 65107261, 65399927 ... (+3 more)",592.0,59.2,595.0,2.92
abs hydraulic aggregate -,toyota,corolla,36,13,"57231205, 59140465, 60058714, 60496419, 61076241, 62404925, 63026248, 63310160, 63350249, 65250408 ... (+3 more)",590.95,532.8,595.0,2.77
rear axle beam -,toyota,corolla,33,13,"53814471, 53840672, 53855171, 54137289, 59622865, 63305368, 63350257, 64522689, 64546427, 65250409 ... (+3 more)",412.9,80.5,416.5,2.54
airbag front sensor -(left),toyota,corolla,42,12,"53832121, 53917707, 53941082, 54015932, 54075417, 54547852, 54555195, 54556139, 54578670, 54579179 ... (+2 more)",35.6,23.7,47.6,3.5
central lock control unit -,toyota,corolla,37,12,"53614687, 53621030, 53831847, 53834371, 53946424, 54442341, 54463527, 54498321, 54585352, 55157367 ... (+2 more)",41.5,23.7,47.6,3.08
fuel filter / holder -,toyota,corolla,37,12,"53612965, 54016343, 54016497, 54023907, 54034176, 54143186, 54522220, 54653248, 54777219, 56873959 ... (+2 more)",35.7,17.8,47.6,3.08
clutch cylinder main -,toyota,corolla,36,12,"53817670, 53827266, 54028562, 54316338, 54333672, 54395144, 54464657, 54515278, 54528400, 54544437 ... (+2 more)",47.2,23.7,47.6,3.0
drive shaft -(right rear),skoda,octavia,66,11,"53375244, 53503260, 53589567, 54159171, 54272539, 54284856, 58539226, 61748921, 62656879, 63591065 ... (+1 more)",236.65,200.5,285.6,6.0
motor bracket -,toyota,corolla,36,11,"53688752, 53816223, 53819537, 53823586, 54546190, 54562239, 54571879, 54575568, 54597784, 54634804 ... (+1 more)",47.4,35.5,47.6,3.27
motor cushion -,toyota,corolla,35,11,"54084378, 54084790, 54085064, 54098489, 54099109, 54100965, 54105228, 54121433, 54142195, 63050947 ... (+1 more)",23.7,5.9,28.6,3.18
"drive shaft - , e-(left front)",vw,golf,60,10,"53938689, 53938690, 54223177, 54244809, 54245168, 54247541, 54260459, 54263144, 64251591, 64496424",306.7,265.4,321.3,6.0
"suspension - , e-(rear)",vw,golf,59,10,"53449037, 53710187, 54245118, 55068239, 55068240, 57147922, 61159009, 61159010, 64947839, 65057619",59.1,59.0,59.5,5.9
suspension -(rear),skoda,octavia,57,10,"54242387, 54280417, 54430941, 54443628, 54443630, 54447761, 56665933, 56665934, 56911282, 63591631",47.4,47.2,52.4,5.7
shock absorbers rear -(rear),skoda,octavia,55,10,"53369770, 53409730, 53441870, 54680056, 59351317, 59351332, 59673189, 59673190, 60226034, 60226036",47.4,47.2,59.5,5.5
gear box bracket -,toyota,corolla,24,10,"53659800, 53667121, 54101695, 54400534, 54508091, 54604285, 54622479, 54635083, 56321357, 63083786",47.3,17.8,47.6,2.4
curtain airbags -(right),skoda,octavia,54,9,"53451718, 53485361, 53604578, 54252481, 54252635, 59583068, 60484610, 60973822, 63439416",148.1,141.5,184.4,6.0
"trailing link rear - , e-(left)",vw,golf,54,9,"53591509, 53833699, 54004599, 54017984, 54359584, 59888970, 64675780, 65059353, 65138583",83.8,76.7,95.2,6.0
"shock absorbers rear - , e-(rear)",vw,golf,53,9,"53713162, 53719558, 53721299, 53725158, 53824510, 53828430, 53923221, 54389700, 56566915",59.5,59.0,71.4,5.89
trailing link rear -(left),skoda,octavia,51,9,"53842661, 53852853, 54017270, 54359903, 54360248, 58937124, 60226053, 60226162, 64800345",76.7,70.8,84.5,5.67
"drive shaft - , e-(right rear)",vw,golf,50,9,"53862513, 54070809, 54253076, 54257213, 54268111, 54361570, 60073918, 64047277, 64667063",218.25,159.2,357.0,5.56
"drive shaft - , e-(left rear)",vw,golf,48,9,"53862511, 54069563, 54253079, 54268110, 54291801, 54362669, 54416445, 60073919, 64667066",200.8,159.2,308.4,5.33
gear box 6 speed -,toyota,corolla,29,9,"54187634, 56279319, 56321370, 58540693, 60095678, 60987037, 63128547, 65059226, 65209258",1356.6,592.0,1428.0,3.22
"curtain airbags - , e-(right)",vw,golf,48,8,"53386727, 54222111, 54265596, 58355099, 59552977, 60985824, 61914682, 63707445",147.65,141.5,178.5,6.0
drive shaft -(left rear),skoda,octavia,48,8,"53418003, 53503261, 53584385, 54107088, 54676853, 58539225, 62656774, 66395063",233.95,200.5,285.6,6.0
"hub rear - , e-(rear)",vw,golf,48,8,"53847073, 53882061, 54011729, 54012202, 54012204, 54012212, 54022459, 54033319",236.65,176.9,261.8,6.0
drive shaft -(right front),skoda,octavia,47,8,"53502120, 54037329, 54229159, 59340765, 59823603, 63439418, 65398550, 65554234",260.5,241.8,309.4,5.88
"wheel bearing spindle shaft - , e-(right rear)",vw,golf,46,8,"53399687, 53401366, 54428216, 55067193, 56566908, 64675772, 65661352, 65682704",228.0,212.3,238.0,5.75
wheel bearing spindle shaft -(left rear),skoda,octavia,46,8,"53397794, 53409888, 56848565, 62238856, 62662904, 62781323, 65037610, 65651373",213.5,212.3,238.0,5.75
"trailing link rear - , e-(right)",vw,golf,45,8,"53420558, 53833336, 53932790, 54006448, 54360181, 64675777, 65059352, 65138584",84.1,76.7,95.2,5.62
brake disc -(front),toyota,corolla,42,8,"53950212, 53950695, 54474182, 54474214, 54483257, 54490150, 54490161, 54491283",13.0,5.9,17.8,5.25
"wheel bearing spindle shaft - , e-(left rear)",vw,golf,42,8,"53368149, 53399113, 53400059, 53931605, 54290596, 54428094, 65661358, 65682707",213.1,200.6,238.0,5.25
pulley -,toyota,corolla,33,8,"53573496, 54476682, 54512254, 54547063, 54586067, 56109868, 57195021, 59184602",59.2,11.8,59.5,4.12
tank transmitters -,toyota,corolla,33,8,"54164860, 54316286, 54346603, 54380818, 54556663, 54561043, 56096089, 60218544",35.6,17.8,47.6,4.12
parkeringshjälp frontsensor -,toyota,corolla,32,8,"53393524, 53394183, 53394186, 53496462, 61070360, 63351902, 63351960, 63351992",59.0,47.2,59.5,4.0
"brake caliper - , e-(left front)",vw,golf,42,7,"53463472, 58952166, 61917764, 63199771, 64491409, 64675834, 65138593",177.5,165.1,238.0,6.0
brake caliper -(left front),skoda,octavia,42,7,"53438211, 53460365, 53484488, 53493166, 53495141, 54677905, 64801679",154.2,153.3,190.4,6.0
brake caliper -(right front),skoda,octavia,42,7,"53386676, 53398778, 53437974, 53447279, 53492535, 54672962, 64801568",154.2,153.3,190.4,6.0
"brake disc - , e-(front)",vw,golf,42,7,"53786468, 53801940, 54114896, 54125363, 54470408, 54476822, 54485432",29.5,23.6,47.6,6.0
"curtain airbags - , e-(left)",vw,golf,42,7,"53491409, 54217190, 56438889, 58952161, 60981201, 61914684, 64661502",142.3,141.5,154.7,6.0
hub rear -(rear),skoda,octavia,42,7,"53525478, 53721141, 53721194, 54012565, 54020560, 54033359, 54033361",130.2,117.9,142.8,6.0
"brake caliper - , e-(right front)",vw,golf,41,7,"53419024, 58383840, 58952165, 62029253, 64491408, 65138592, 66709192",177.0,147.4,238.0,5.86
drive shaft -(left front),skoda,octavia,41,7,"53502115, 54041614, 54252177, 54292467, 54760100, 59823602, 60226075",241.9,235.9,309.4,5.86
trailing link rear -(right),skoda,octavia,40,7,"54026243, 54358408, 54359991, 58937123, 60226057, 60226169, 64800332",82.69999999999999,70.8,84.5,5.71
wheel bearing spindle shaft -(right rear),skoda,octavia,39,7,"53379281, 53409488, 60557555, 62238855, 62781308, 65037599, 65651367",213.1,200.5,238.0,5.57
"drive shaft - , e-(right front)",vw,golf,33,7,"53979568, 54243008, 56147885, 56935026, 57338371, 58398781, 62191587",243.2,241.8,296.0,4.71
air-flow sensor -,toyota,corolla,32,7,"54310660, 54326986, 54340197, 54346272, 54357747, 54367095, 54371010",23.7,23.6,23.8,4.57
"air throttle housing / throttle housing - , e-",vw,golf,30,7,"53580265, 53585126, 53587007, 53606842, 54163225, 64336350, 64345962",82.85,59.0,95.2,4.29
"alternator - , e-",vw,golf,30,7,"53403168, 54222822, 54272328, 55905906, 57886776, 58398729, 65116468",219.0,212.4,226.1,4.29
"contact roll airbag - , e-",vw,golf,30,7,"58952159, 63136980, 63199756, 63225719, 63372058, 64336640, 64390201",177.5,176.9,178.5,4.29
engine diesel -,skoda,octavia,30,7,"56800137, 59673805, 60445612, 60973010, 62661162, 62744962, 66395040",3910.85,3529.3,4165.0,4.29
inter axle compl. -,skoda,octavia,30,7,"53369814, 53696921, 54501220, 54501287, 55842813, 61419210, 65598058",260.35,177.6,295.7,4.29
air purifier -,skoda,octavia,28,7,"54265057, 54291215, 55103367, 55500790, 65210861, 65455165, 65484076",88.85,82.6,95.2,4.0
rear gear / diff. -,skoda,octavia,28,7,"54083141, 55233937, 61412856, 65148479, 65580880, 66413259, 66730848",1179.8,947.2,1190.0,4.0
airbag front sensor -(right),toyota,corolla,27,7,"53921012, 54469880, 54547853, 54585113, 54586039, 54659450, 64412340",47.4,35.5,47.6,3.86
brake caliper -(right rear),skoda,octavia,36,6,"53380327, 53391210, 56294984, 62238837, 62501993, 64594083",177.3,153.3,184.4,6.0
curtain airbags -(left),skoda,octavia,36,6,"53485816, 53492208, 54689453, 60484632, 63439417, 65210848",142.3,141.5,158.3,6.0
"side airbags - , e-(right)",vw,golf,36,6,"54053381, 54075917, 54075961, 54223993, 54387551, 54387781",106.55000000000001,60.1,178.5,6.0
side airbags -(right),skoda,octavia,36,6,"54061739, 54061753, 54080780, 56982221, 62513344, 65114420",118.35,82.6,178.5,6.0
piston / rod -,toyota,corolla,31,6,"54475624, 54483536, 54484093, 54484658, 56109857, 56109858",47.4,47.2,47.6,5.17
abs hydraulic aggregate -,skoda,octavia,30,6,"54214832, 54222147, 54284957, 54672150, 64592399, 66910398",667.8,607.4,714.0,5.0
"abs hydraulic aggregate - , e-",vw,golf,30,6,"53938228, 54223147, 54270529, 54433079, 60055306, 64528096",601.2,589.7,612.9,5.0
"battery cable - , e-",vw,golf,30,6,"53984806, 54021478, 54038439, 54066811, 54166294, 61114227",41.5,41.3,47.6,5.0
"brake servo - , e-",vw,golf,30,6,"53389308, 53447977, 54390343, 56454556, 63356798, 65318665",188.8,176.9,595.0,5.0
"fuse box / electricity central - , e-",vw,golf,30,6,"54375921, 57524010, 59113738, 60125941, 64796630, 65059338",101.45,89.7,107.1,5.0
"rubber bellow / tube - , e-",vw,golf,30,6,"53382600, 54074047, 54399458, 54432860, 54433078, 58950659",35.55,35.4,41.6,5.0
"steering wheel airbag - , e-",vw,golf,30,6,"54243551, 62754570, 63199755, 63372062, 64675808, 65138597",532.2,485.4,535.5,5.0
"sump - , e-",vw,golf,30,6,"53368418, 53393260, 53467783, 53606468, 54224930, 60492911",106.2,94.4,113.0,5.0
throttle housing -,toyota,corolla,30,6,"53685062, 53707825, 54272034, 58399521, 64487421, 65066105",153.4,127.4,154.7,5.0
brake servo -,skoda,octavia,29,6,"53392094, 53402374, 53991650, 54224758, 61759379, 65718767",160.0,153.3,178.5,4.83
fuel pump electric -,skoda,octavia,29,6,"53581804, 58503314, 59655628, 61705839, 65487460, 66697123",130.9,129.7,142.8,4.83
gear distributor box -,skoda,octavia,29,6,"53407578, 57067071, 59077369, 59913951, 60522419, 66906976",952.0,943.5,1093.9,4.83
"engine diesel - , e-",vw,golf,28,6,"54025932, 54054788, 54228590, 58360841, 61922680, 63021622",3970.1000000000004,3488.7,4117.4,4.67
drive shaft-(right front),toyota,corolla,6,6,"54521427, 63710420, 64546406, 65865835, 66395002, 66434290",296.2,177.6,357.0,1.0
strut rear -(right rear),toyota,corolla,6,6,"54537330, 54599783, 54609541, 54611174, 54619116, 54646082",35.5,23.7,47.4,1.0
"abs hydraulic pump - , e-",vw,golf,30,5,"53985126, 54036564, 54044560, 54048685, 57338381",473.3,471.8,476.0,6.0
"adaptiv farthållare sensor - , e-",vw,golf,30,5,"58798477, 59757960, 60721444, 63197509, 65711229",424.7,401.0,439.1,6.0
"air purifier - , e-",vw,golf,30,5,"53985258, 54073986, 54074053, 54959086, 63238739",94.65,94.4,95.2,6.0
"airbag control unit - , e-",vw,golf,30,5,"53726544, 53997515, 54036211, 57339194, 61914680",236.65,235.9,238.0,6.0
alternator -,skoda,octavia,30,5,"54233068, 54280176, 54447421, 62238843, 62240132",235.95,218.2,238.0,6.0
"automatic gear - , e-",vw,golf,30,5,"54417788, 54417791, 57712714, 58738183, 64594102",3549.9,3305.2,3927.0,6.0
avgas temperaturgivare -,skoda,octavia,30,5,"53397093, 53490635, 53662597, 54468519, 64295799",59.150000000000006,53.1,61.9,6.0
baklucka styrenhet -,skoda,octavia,30,5,"53439276, 54666154, 56691920, 59583086, 63048923",95.05000000000001,94.4,119.0,6.0
battery cable -,skoda,octavia,30,5,"53520193, 53549530, 59572698, 64295796, 65876184",65.15,57.8,71.4,6.0
"belt tensioner for fan belt - , e-",vw,golf,30,5,"53700177, 53894965, 54654262, 54654297, 54664495",47.2,35.4,47.6,6.0
"brake caliper - , e-(left rear)",vw,golf,30,5,"54221225, 57338396, 63233983, 63445331, 65116750",212.35000000000002,182.8,214.2,6.0
bränslepump styrenhet -,skoda,octavia,30,5,"53610225, 54428103, 54688469, 65432379, 65558491",94.4,63.7,95.2,6.0
cam belt / transmission cap -,skoda,octavia,30,5,"54084846, 54217991, 54229476, 54229479, 54268855",17.8,17.7,23.8,6.0
carbon canister -,skoda,octavia,30,5,"53571584, 53835085, 54616959, 54659769, 60226199",47.2,35.4,47.6,6.0
carbon canister -,toyota,corolla,30,5,"53815841, 53832778, 54016548, 54523885, 54530861",29.5,23.6,29.8,6.0
"carbon canister - , e-",vw,golf,30,5,"53984272, 53985310, 54005766, 54027932, 54380653",41.4,35.4,41.6,6.0
central lock control unit -,skoda,octavia,30,5,"54410296, 54468823, 54660990, 55967124, 60199793",94.7,94.4,107.1,6.0
coil -,skoda,octavia,30,5,"53808277, 53809014, 53943649, 54352603, 54536085",47.5,47.2,59.5,6.0
"coil - , e-",vw,golf,30,5,"65403892, 65403904, 65403921, 65427076, 65427090",53.45,53.1,59.5,6.0
contact roll airbag -,skoda,octavia,30,5,"53484321, 53606519, 54668978, 57336303, 64799769",177.7,176.9,178.5,6.0
"control unit xenon - , e-",vw,golf,30,5,"59860320, 59860322, 63666797, 65421268, 65421272",176.95,165.1,178.5,6.0
"crankshaft - , e-",vw,golf,30,5,"54137828, 54142483, 54142603, 54635308, 61134774",112.4,70.8,154.7,6.0
"cylinder head diesel - , e-",vw,golf,30,5,"54017432, 54027520, 54137596, 54320426, 54622957",204.7,123.8,297.5,6.0
deliverer -,skoda,octavia,30,5,"54205411, 54205412, 61920905, 61920918, 61920928",237.6,235.9,258.9,6.0
"diesel tank - , e-",vw,golf,30,5,"53707675, 54020235, 54185803, 60058884, 64952167",176.95,153.3,178.5,6.0
"dipstick - , e-",vw,golf,30,5,"53694786, 54316903, 56877048, 60220863, 63741088",18.9,16.5,23.8,6.0
"engine block - , e-",vw,golf,30,5,"54100778, 54112903, 54118497, 54126464, 54162484",59.150000000000006,47.2,65.5,6.0
engine casing -,skoda,octavia,30,5,"54216988, 54281829, 54385393, 56101920, 65709762",59.4,59.0,71.4,6.0
"engine gasoline - , e-",vw,golf,30,5,"53368462, 53429849, 58737655, 63205720, 65116265",4100.450000000001,3753.4,4343.5,6.0
fly wheel manual -,skoda,octavia,30,5,"53555100, 53678716, 54139308, 54582424, 64858611",118.8,117.9,133.9,6.0
"fly wheel manual - , e-",vw,golf,30,5,"53426452, 53987010, 54109076, 54166562, 54577204",141.55,106.1,142.8,6.0
fuel distributor -,skoda,octavia,30,5,"54218705, 54222472, 54998917, 55487905, 61839231",124.2,112.0,124.9,6.0
"fuel filter / holder - , e-",vw,golf,30,5,"53820707, 53986991, 54038218, 54058306, 54079016",70.8,59.0,71.4,6.0
fuel injection pump -,skoda,octavia,30,5,"54040408, 54063030, 54582112, 60471158, 62558824",142.1,141.5,148.8,6.0
fuel tank injection -,skoda,octavia,30,5,"53656183, 53656387, 54659768, 58749525, 59101497",141.6,89.2,238.0,6.0
förpump diesel -,skoda,octavia,30,5,"53655666, 53661860, 54421710, 54436057, 54686864",95.6,85.0,107.1,6.0
gear box 5 speed -,skoda,octavia,30,5,"53376928, 53853245, 58491195, 59381610, 60974455",947.2,943.5,1071.0,6.0
"gear box 6 speed - , e-",vw,golf,30,5,"53463140, 53593831, 53997371, 54025922, 62191263",2138.6,2122.9,2380.0,6.0
"gear box cushion - , e-",vw,golf,30,5,"54004519, 54037003, 54048694, 54053254, 54101065",47.349999999999994,47.2,47.6,6.0
"gear regulator - , e-",vw,golf,30,5,"53679703, 53820701, 54354638, 54382680, 55743091",71.0,60.1,72.6,6.0
"injection control unit - , e-",vw,golf,30,5,"53458214, 53472320, 53500718, 56744090, 59734341",449.65,448.2,452.2,6.0
knee -,skoda,octavia,30,5,"54289853, 55500795, 56974731, 59692310, 59856778",242.85,241.8,243.9,6.0
"knee - , e-",vw,golf,30,5,"56985881, 58796753, 60960501, 60981203, 64306530",201.15,176.9,220.1,6.0
"komfort styrdon - , e-",vw,golf,30,5,"53998268, 54416798, 54430192, 59552982, 60920918",177.4,166.9,178.5,6.0
load air pressure transmitters -,skoda,octavia,30,5,"54040578, 54041499, 54439081, 54443290, 54443606",37.75,35.4,38.1,6.0
"load air pressure transmitters - , e-",vw,golf,30,5,"54008546, 54049047, 54074856, 55972734, 56502632",41.4,41.3,41.6,6.0
mass air-flow sensor -,skoda,octavia,30,5,"53520184, 54428098, 54443614, 61734037, 63141783",85.4,82.6,95.2,6.0
"mass air-flow sensor - , e-",vw,golf,30,5,"53938447, 54337899, 54380915, 56228413, 60226848",82.6,77.8,83.3,6.0
motor cushion -,skoda,octavia,30,5,"53649460, 54108276, 54154575, 54273215, 54478278",47.4,42.5,59.5,6.0
"motor cushion - , e-",vw,golf,30,5,"53608557, 53835906, 54055052, 54071481, 54166559",59.150000000000006,59.0,59.5,6.0
other relay -,skoda,octavia,30,5,"54039164, 54039165, 54508620, 54508624, 63589615",23.6,17.7,25.0,6.0
"other relay - , e-",vw,golf,30,5,"54059287, 54068339, 54500484, 54500496, 65219914",23.6,14.2,23.8,6.0
"other transmitters - , e-",vw,golf,30,5,"54427789, 57273990, 57273998, 57274077, 57275076",35.5,31.8,35.7,6.0
"parking control unit - , e-",vw,golf,30,5,"54095103, 54427546, 54430249, 63387889, 66444857",84.9,59.0,85.7,6.0
"piston / rod - , e-",vw,golf,30,5,"54100052, 54124986, 54124988, 54125831, 54142915",23.7,23.6,35.7,6.0
pulley -,skoda,octavia,30,5,"54101072, 54241876, 54270425, 54271847, 55708357",59.150000000000006,59.0,59.5,6.0
"rear gear / diff. - , e-",vw,golf,30,5,"53365106, 53403606, 53815272, 62058588, 62527580",831.65,825.6,910.3,6.0
rubber bellow / tube -,skoda,octavia,30,5,"53985513, 54410388, 54479475, 55973026, 65869007",35.650000000000006,35.4,41.6,6.0
rubber bellow / tube -,toyota,corolla,30,5,"54327539, 54443287, 62465248, 63006838, 65106415",29.75,29.5,35.7,6.0
"sensor abs - , e-",vw,golf,30,5,"53894770, 53919106, 53919107, 53930516, 54345760",59.0,47.2,60.7,6.0
sensor ac inner temperature -,skoda,octavia,30,5,"54434486, 54434487, 54434613, 65877447, 65877448",19.0,18.9,23.8,6.0
sensor steering -,skoda,octavia,30,5,"53583320, 53588042, 53596792, 54531569, 54684184",47.4,47.2,59.5,6.0
"sensor steering - , e-",vw,golf,30,5,"54049705, 54049714, 56857329, 58050859, 58348027",35.5,35.4,35.7,6.0
starter diesel -,skoda,octavia,30,5,"53401025, 53490851, 53494115, 59769350, 59769471",130.14999999999998,129.7,130.9,6.0
"starter diesel - , e-",vw,golf,30,5,"53373961, 53413355, 53471669, 53940167, 60221227",118.4,117.9,130.9,6.0
strut bearing rear -(rear),toyota,corolla,30,5,"54469818, 54472631, 54473017, 54478903, 54480215",23.7,23.6,23.8,6.0
tank transmitters -,skoda,octavia,30,5,"54343917, 54348909, 54373456, 54375958, 54381558",47.2,41.3,47.6,6.0
"tank transmitters - , e-",vw,golf,30,5,"53460454, 53680645, 54250000, 54250208, 54311846",47.349999999999994,41.3,59.5,6.0
"thermostat housing / cap - , e-",vw,golf,30,5,"54347769, 54375865, 54420181, 54546417, 54652849",35.650000000000006,35.4,47.6,6.0
throttle housing -,skoda,octavia,30,5,"53989118, 54045264, 54071165, 54386802, 55966413",142.1,141.5,145.2,6.0
"throttle housing - , e-",vw,golf,30,5,"55732520, 55972729, 56502635, 61796395, 64814195",185.45,176.9,202.3,6.0
turbo aggregate -,skoda,octavia,30,5,"54582425, 55170665, 62701480, 65114104, 65126978",390.5,353.8,416.5,6.0
"turbo aggregate - , e-",vw,golf,30,5,"54069568, 54483157, 61787665, 62564689, 65869207",366.8,336.1,440.3,6.0
valve cap -,skoda,octavia,30,5,"54205365, 54238202, 54297434, 54307932, 63300312",55.05,47.2,60.7,6.0
"valve cap - , e-",vw,golf,30,5,"53601348, 54089299, 54272491, 54338772, 54393293",47.5,47.2,53.5,6.0
abs hydraulic pump -,skoda,octavia,29,5,"54040619, 54040892, 54041498, 54047336, 54069056",474.2,471.8,476.0,5.8
"alternator bracket / accessories - , e-",vw,golf,29,5,"53699195, 54151506, 54339592, 54545748, 54576135",47.3,35.4,47.6,5.8
"avgas temperaturgivare - , e-",vw,golf,29,5,"54393455, 54399636, 54430147, 54430148, 64842504",53.1,47.2,59.5,5.8
"battery box / fixing / holder - , e-",vw,golf,29,5,"53436195, 53437268, 53438834, 54410773, 64647714",35.5,35.4,35.7,5.8
belt tensioner for fan belt -,skoda,octavia,29,5,"53418422, 53792769, 54121096, 54164158, 54174603",23.7,11.8,23.8,5.8
"brake caliper - , e-(right rear)",vw,golf,29,5,"54221227, 54332512, 56566931, 63233982, 63445334",183.9,180.4,214.2,5.8
diesel injection pump -,skoda,octavia,29,5,"54360852, 54564439, 54580231, 56910148, 60841392",236.0,176.9,267.8,5.8
"fuel tank lid - , e-",vw,golf,29,5,"54055840, 54341902, 54360755, 54373904, 54411874",17.7,17.7,17.8,5.8
gear box 6 speed -,skoda,octavia,29,5,"53490848, 53593156, 54241390, 54481797, 55801303",2359.6,2288.0,2380.0,5.8
"gear box bracket - , e-",vw,golf,29,5,"53826568, 54044473, 54427542, 55057785, 58900682",47.4,47.2,53.5,5.8
injection control unit -,skoda,octavia,29,5,"53417014, 53445888, 54042626, 54069029, 54672182",474.2,471.8,476.0,5.8
insp.pump diesel control unit -,skoda,octavia,29,5,"53420634, 53840962, 53858012, 54487372, 56915273",355.2,353.8,357.0,5.8
"main cylinder - , e-",vw,golf,29,5,"53825961, 53833931, 64789477, 64823034, 65116987",82.6,71.9,83.3,5.8
motor bracket -,skoda,octavia,29,5,"54068941, 54418779, 54418782, 54434254, 54447415",59.1,59.0,59.5,5.8
"parkeringshjälp frontsensor - , e-",vw,golf,29,5,"53458852, 53467208, 53469091, 53486158, 53491539",59.1,59.0,59.5,5.8
parking control unit -,skoda,octavia,29,5,"54049082, 59564435, 60048848, 60207964, 60519221",95.2,94.4,101.1,5.8
passenger airbag -,skoda,octavia,29,5,"54280175, 54292142, 56974726, 57597013, 59309175",485.4,483.6,487.9,5.8
piston / rod -,skoda,octavia,29,5,"54116551, 54148694, 54148695, 54148696, 62007019",41.4,35.4,59.5,5.8
rear axle -,skoda,octavia,29,5,"53367213, 54669113, 62657264, 62896866, 66432442",378.4,353.8,416.5,5.8
"rear axle - , e-",vw,golf,29,5,"53393680, 53894970, 53894983, 53905737, 66459895",355.9,353.8,416.5,5.8
"signal horn - , e-",vw,golf,29,5,"53995131, 54014373, 54027459, 54057005, 61114117",29.6,29.5,29.8,5.8
starter gasoline -,skoda,octavia,29,5,"54214835, 54239478, 56394913, 59572701, 60507006",130.1,123.8,142.8,5.8
"starter gasoline - , e-",vw,golf,29,5,"59815058, 59815065, 60162113, 64251613, 65116552",142.3,141.5,148.8,5.8
sump -,toyota,corolla,29,5,"53468309, 54229732, 54560355, 56109850, 59185397",47.2,23.6,59.5,5.8
tank lid -,skoda,octavia,29,5,"53489119, 53847562, 53900720, 59705489, 66544168",47.4,47.2,56.5,5.8
airbag control unit -,skoda,octavia,28,5,"53430480, 53998555, 57336307, 58994403, 60048809",295.85,294.9,297.5,5.6
"fuel tank injection - , e-",vw,golf,28,5,"54027084, 54322755, 54323239, 54324453, 54341230",88.6,71.9,121.4,5.6
"gear lever - , e-",vw,golf,28,5,"53940105, 54068070, 55904254, 60225593, 62029274",177.6,176.9,178.5,5.6
hand brake lever -,skoda,octavia,28,5,"53597130, 53847965, 53882587, 54440392, 63124125",59.2,53.1,59.5,5.6
ignition diesel relay -,skoda,octavia,28,5,"55136030, 62013012, 62013022, 62013028, 64632985",29.6,29.5,29.8,5.6
"ignition diesel relay - , e-",vw,golf,28,5,"54038732, 54064944, 54427678, 54506084, 54547761",35.4,5.9,38.1,5.6
komfort styrdon -,skoda,octavia,28,5,"54432495, 55039443, 62638840, 62886295, 64295714",224.55,212.4,238.0,5.6
other control unit -,skoda,octavia,28,5,"53519269, 53590727, 54410190, 56649098, 56649099",237.1,235.9,249.9,5.6
"other control unit - , e-",vw,golf,28,5,"53415853, 54070103, 54442843, 61385413, 66431289",260.75,240.9,308.4,5.6
"rear sensor - , e-",vw,golf,28,5,"53940481, 54042782, 54042783, 57388462, 64521531",59.5,59.0,119.0,5.6
sump -,skoda,octavia,28,5,"53810040, 60439527, 64643597, 64902844, 66401424",106.69999999999999,95.2,119.0,5.6
"cam belt / transmission cap - , e-",vw,golf,27,5,"54090871, 54244928, 54274286, 54286424, 66891089",11.9,9.5,17.8,5.4
"deliverer - , e-",vw,golf,27,5,"55328011, 55328012, 64863773, 64863775, 64863779",236.0,159.3,238.0,5.4
"insp.pump diesel control unit - , e-",vw,golf,27,5,"53432419, 54055672, 54055876, 54429604, 54447678",425.7,412.8,452.2,5.4
rain sensor -,skoda,octavia,27,5,"53453680, 53992837, 54483957, 58994424, 64636107",94.6,94.4,95.2,5.4
"rear axle beam - , e-",vw,golf,27,5,"54035214, 54245153, 54253106, 54315789, 60228190",362.3,353.8,368.9,5.4
adaptiv farthållare sensor -,skoda,octavia,26,5,"54109610, 56026114, 63620454, 65781920, 66402915",401.0,392.2,409.0,5.2
"inter axle compl. - , e-",vw,golf,26,5,"54398358, 54398390, 59328519, 60073930, 63589705",428.4,424.6,476.0,5.2
brake caliper -(left rear),skoda,octavia,25,5,"53380463, 53493733, 62238839, 62502054, 64594084",177.0,153.4,178.5,5.0
brake intensity regulator -,toyota,corolla,25,5,"54574587, 54579182, 54580238, 54597165, 54617886",47.4,47.2,47.6,5.0
"diesel injection pump - , e-",vw,golf,25,5,"53523674, 53679613, 54309282, 57733393, 60553538",301.9,177.0,333.2,5.0
"fuel distributor - , e-",vw,golf,25,5,"53477126, 54250831, 54250832, 54267520, 62199608",95.2,94.4,113.0,5.0
other sensor -,skoda,octavia,25,5,"54618191, 54638958, 54650190, 54679054, 54687528",35.6,35.4,47.4,5.0
parkeringshjälp frontsensor -,skoda,octavia,25,5,"54671236, 57328325, 64572268, 64572269, 64572275",59.2,59.0,59.5,5.0
dragkrok styrenhet -,skoda,octavia,24,5,"60295492, 61997585, 62801577, 65114099, 65784734",118.8,59.2,130.9,4.8
"passenger airbag - , e-",vw,golf,24,5,"53932799, 54061937, 54218581, 54440014, 60933072",425.95,353.8,476.0,4.8
rear axle beam -,skoda,octavia,24,5,"53371576, 53989464, 54315884, 60214930, 60226014",302.95,294.9,321.3,4.8
"engine casing - , e-",vw,golf,23,5,"54010542, 54228797, 63196643, 64589396, 66767101",71.0,70.8,71.4,4.6
control unit xenon -,toyota,corolla,20,5,"53655455, 55828295, 55828296, 63170801, 65145093",118.55,63.9,142.8,4.0
fuse box / electricity central -,skoda,octavia,18,5,"53681429, 55104212, 61796804, 62837517, 66697711",101.45,85.3,112.5,3.6
actuator loom -(right rear),toyota,corolla,10,5,"53833528, 54448595, 59241763, 62010234, 64311333",67.3,42.6,67.8,2.0
other sensor-,skoda,octavia,5,5,"54618191, 54638958, 54650190, 54679054, 54687528",35.5,35.4,47.6,1.0
"actuator loom - , e-",vw,golf,24,4,"57233767, 59939593, 60647802, 61428204",106.5,94.4,119.8,6.0
alternator bracket / accessories -,skoda,octavia,24,4,"53810041, 54166117, 54547947, 54564168",35.5,17.7,47.6,6.0
automatic gear -,skoda,octavia,24,4,"53387859, 64483026, 65552499, 66544405",4381.15,3951.0,4641.0,6.0
fly wheel automat -,skoda,octavia,24,4,"53619181, 54221676, 56874903, 56901591",144.95,94.4,190.4,6.0
"fuel injection pump - , e-",vw,golf,24,4,"54024254, 54291789, 54430621, 54657674",142.0,117.9,148.8,6.0
"fuel pump electric - , e-",vw,golf,24,4,"57331992, 58737420, 59725313, 65445075",177.2,165.1,178.5,6.0
gear box bracket -,skoda,octavia,24,4,"53680043, 54447424, 54447425, 54645153",59.05,55.2,59.5,6.0
gear box cushion -,skoda,octavia,24,4,"54024046, 54040561, 54161379, 54164982",32.6,29.5,35.7,6.0
"gear distributor box - , e-",vw,golf,24,4,"53407905, 56162775, 58360868, 63451851",1080.95,955.3,1106.7,6.0
gear lever -,skoda,octavia,24,4,"53935349, 56393685, 59918008, 64809583",248.75,235.9,261.8,6.0
"hand brake lever - , e-",vw,golf,24,4,"53845074, 53878582, 58702432, 65264998",56.25,53.1,59.5,6.0
inverter 12 -> 220 v -,skoda,octavia,24,4,"57006018, 61712045, 63308261, 64503156",141.75,117.9,142.8,6.0
"motor bracket - , e-",vw,golf,24,4,"53517436, 53674378, 54044470, 59077572",56.3,53.1,59.5,6.0
"other airbags - , e-",vw,golf,24,4,"53964588, 54058388, 54655558, 57846326",20.700000000000003,14.2,23.8,6.0
"pulley - , e-(exterior)",vw,golf,24,4,"54652147, 54652331, 54656176, 54656602",71.0,70.8,71.4,6.0
steering wheel airbag -,skoda,octavia,24,4,"54666191, 55173603, 59259235, 64592441",415.04999999999995,412.8,476.0,6.0
"stolsvärme styrenhet/relä - , e-",vw,golf,24,4,"53621930, 54127948, 54942211, 54942212",23.65,5.9,23.8,6.0
"tank lid - , e-",vw,golf,24,4,"54055839, 61779175, 62187719, 66703902",59.05,47.2,59.5,6.0
"trailing link rear - , e-(left upper)",vw,golf,24,4,"54246609, 55078288, 55786133, 62729114",47.349999999999994,47.2,47.6,6.0
airbag front sensor -(right front),toyota,corolla,23,4,"53941959, 54652108, 54655734, 54661374",47.4,47.2,47.6,5.75
diesel tank -,skoda,octavia,23,4,"53664646, 54687352, 54688491, 63021001",236.5,233.6,321.3,5.75
engine gasoline -,skoda,octavia,23,4,"53935379, 54279403, 57343770, 59824465",4262.4,4127.9,4641.0,5.75
kamera utvändig -,skoda,octavia,23,4,"53431937, 54683089, 64594097, 66430359",294.9,212.3,297.5,5.75
ljusinställning lägesgivare -,skoda,octavia,23,4,"53380963, 56810305, 56811487, 65392594",77.3,70.8,83.3,5.75
main cylinder -,skoda,octavia,23,4,"53549027, 54064934, 56974744, 64809217",71.1,70.8,83.3,5.75
"sensor ac inner temperature - , e-",vw,golf,23,4,"54652917, 54655022, 54657584, 54658533",23.7,23.6,23.8,5.75
"trailing link rear - , e-(right upper)",vw,golf,23,4,"54077263, 54254408, 55078289, 55718253",47.3,47.2,47.6,5.75
bensin/dieselvärmare styrenhet -,skoda,octavia,22,4,"54410277, 54688452, 62647179, 63308601",94.7,94.4,95.2,5.5
signal horn -,skoda,octavia,22,4,"54013759, 54024565, 54419574, 60537565",35.45,33.6,35.7,5.5
"gear box 5 speed - , e-",vw,golf,21,4,"58672402, 59207247, 63158314, 66541683",2005.0,1804.1,2142.0,5.25
rear sensor -,skoda,octavia,21,4,"54678479, 63043738, 64574548, 66173210",59.3,59.0,85.7,5.25
rear sensor -,toyota,corolla,19,4,"61693784, 61693785, 61693786, 63352086",59.2,59.0,59.5,4.75
strut rear -(left rear),toyota,corolla,19,4,"54423828, 54635470, 54646065, 62466708",47.4,35.5,59.5,4.75
caliper bracket -,toyota,corolla,18,4,"55161324, 61416229, 61766112, 61855470",67.45,35.5,72.6,4.5
"drive shaft- , e-(left rear)",vw,golf,6,4,"54253079, 54268110, 54416445, 60073919",243.3,160.7,309.4,1.5
gear box 6 speed-,toyota,corolla,5,4,"56279319, 56321370, 58540693, 60987037",1368.5,1179.4,1428.0,1.25
shock absorbers rear-(rear),skoda,octavia,5,4,"53409730, 53441870, 59673189, 59673190",47.4,47.2,47.6,1.25
abs hydraulic aggregate-,toyota,corolla,4,4,"63026248, 63083244, 65250408, 66448033",574.8,506.2,593.1,1.0
air purifier-,toyota,corolla,4,4,"54382401, 62465176, 65400023, 65774551",74.45,71.0,94.4,1.0
brake caliper-(left front),toyota,corolla,4,4,"53860488, 53879067, 60058883, 63310200",160.3,142.1,178.5,1.0
caliper bracket -(left front),toyota,corolla,4,4,"55488983, 56121481, 57168981, 59868871",33.7,33.7,45.0,1.0
rear sensor -(centre),toyota,corolla,4,4,"65402900, 65402901, 65471012, 65684681",59.2,59.2,59.2,1.0
abs control unit -,toyota,corolla,18,3,"54018118, 54064332, 54196395",88.5,47.2,89.3,6.0
actuator loom -,skoda,octavia,18,3,"53429617, 55972998, 64295797",106.2,94.4,107.1,6.0
air throttle housing / throttle housing -,skoda,octavia,18,3,"54166896, 57361686, 63299480",47.4,47.2,59.5,6.0
"airbag krocksensor - , e-",vw,golf,18,3,"62890188, 62890190, 65057587",56.3,56.0,59.5,6.0
battery box / fixing / holder -,skoda,octavia,18,3,"54013733, 54442596, 54669794",35.55,35.4,35.7,6.0
"brake disc - , e-(rear)",vw,golf,18,3,"53486078, 54134400, 54139866",47.349999999999994,47.2,47.6,6.0
fuel tank injection -,toyota,corolla,18,3,"60133533, 63181431, 64257752",165.2,94.4,166.6,6.0
hybrid converter -,toyota,corolla,18,3,"53398890, 63350083, 64546672",379.15,353.8,416.5,6.0
"ljusinställning lägesgivare - , e-",vw,golf,18,3,"55972746, 58950529, 64333072",71.0,70.8,71.4,6.0
sensor tire pressure -,toyota,corolla,18,3,"64781438, 64781440, 64781443",29.6,29.5,29.8,6.0
turbo aggregate -,toyota,corolla,18,3,"53617942, 54529615, 54777206",118.6,117.9,142.8,6.0
"dörr styrenhet - , e-(left)",vw,golf,17,3,"53407814, 53419308, 53419701",106.4,106.1,107.1,5.67
brake disc -(front),skoda,octavia,16,3,"53783208, 54094531, 54099834",11.9,11.8,17.8,5.33
actuator loom -(left rear),toyota,corolla,13,3,"61772978, 62010243, 65304226",67.4,59.2,67.8,4.33
rear sensor -(interior),toyota,corolla,13,3,"65594680, 65594689, 65594701",59.2,59.0,59.5,4.33
control unit xenon -,skoda,octavia,12,3,"53480535, 63707683, 66914632",165.9,165.1,168.9,4.0
hub rear -(right rear),toyota,corolla,8,3,"53859449, 53866331, 64450819",100.69999999999999,71.0,112.5,2.67
hub rear -(left rear),toyota,corolla,7,3,"53866330, 53885647, 59928489",100.3,71.0,100.8,2.33
rear sensor -(rear),skoda,octavia,7,3,"60280265, 60570293, 64295768",71.1,70.8,117.4,2.33
actuator loom -,toyota,corolla,3,3,"55828294, 61768055, 61768469",50.6,47.4,50.6,1.0
automatic gear-,toyota,corolla,3,3,"59269879, 63353320, 65097247",2975.0,2723.2,3064.3,1.0
caliper bracket -(right front),toyota,corolla,3,3,"54457578, 56121480, 57168980",30.4,20.2,33.7,1.0
"gear box 5 speed- , e-",vw,golf,3,3,"58672402, 59207247, 63158314",1963.5,1803.4,2023.0,1.0
"inter axle compl.- , e-",vw,golf,3,3,"54398390, 60073930, 63589705",426.2,424.6,471.8,1.0
"rear axle beam- , e-",vw,golf,3,3,"54245153, 54315789, 60228190",360.9,353.8,365.7,1.0
rear sensor -(exterior),toyota,corolla,3,3,"65402874, 65402876, 65594770",59.2,59.2,59.2,1.0
starter diesel-,toyota,corolla,3,3,"54054291, 56096102, 60805742",59.2,59.2,70.8,1.0
strut rear-(left),toyota,corolla,3,3,"53589483, 53650880, 54321498",53.1,42.7,53.1,1.0
"trailing link rear- , e-(right)",vw,golf,3,3,"53932790, 64675777, 65059352",82.9,77.0,94.7,1.0
"air-flow sensor - , e-",vw,golf,12,2,"53559706, 54378877",47.900000000000006,35.4,60.7,6.0
airbag krocksensor -,skoda,octavia,12,2,"56046798, 56413832",59.25,59.0,59.5,6.0
airbag krocksensor -(left front),skoda,octavia,12,2,"57768479, 59320194",59.25,59.0,59.5,6.0
battery box / fixing / holder -(front),skoda,octavia,12,2,"60253689, 61731608",35.55,35.4,35.7,6.0
caliper bracket -(left rear),toyota,corolla,12,2,"62463270, 62648549",53.3,53.1,53.5,6.0
caliper bracket -(rear),skoda,octavia,12,2,"60539167, 60539177",56.25,56.0,56.5,6.0
crankshaft -,skoda,octavia,12,2,"54635161, 54635239",71.0,70.8,71.4,6.0
"cylinder head fuel - , e-",vw,golf,12,2,"53859698, 65059339",319.75,294.9,345.1,6.0
dörr styrenhet -(left front),skoda,octavia,12,2,"54446145, 65510436",94.65,94.4,95.2,6.0
dörr styrenhet -(right front),skoda,octavia,12,2,"54446096, 65511004",94.65,94.4,95.2,6.0
gear box bracket -(rear),toyota,corolla,12,2,"54635082, 56321358",47.4,47.2,47.6,6.0
hub rear -(left rear),skoda,octavia,12,2,"53590615, 53843011",142.0,141.5,142.8,6.0
"ignition module - , e-",vw,golf,12,2,"54542890, 54543482",17.75,17.7,17.8,6.0
oil filter holder -,skoda,octavia,12,2,"54100759, 54208682",23.1,22.4,23.8,6.0
"seat assembled - , e-",vw,golf,12,2,"53916640, 56108623",82.85,82.6,83.3,6.0
"seat assembled - , e-(left front)",vw,golf,12,2,"56350334, 56920584",82.85,82.6,83.3,6.0
trailing link rear -(right upper),skoda,octavia,12,2,"54028811, 54032513",26.0,25.9,26.2,6.0
aktivt kollisionsskydd sensor -(left),skoda,octavia,11,2,"53389449, 59936250",230.0,224.2,232.0,5.5
brake disc -(rear),skoda,octavia,11,2,"53785897, 53802167",11.9,11.8,11.9,5.5
"caliper bracket - , e-",vw,golf,11,2,"54312600, 54378773",47.4,47.2,47.6,5.5
caliper bracket -(right front),skoda,octavia,11,2,"64630721, 65749784",59.2,59.0,59.5,5.5
engine block -,skoda,octavia,11,2,"54126407, 54141407",77.3,76.7,89.3,5.5
wiper arm motor relay -,toyota,corolla,11,2,"53685047, 57682964",35.4,31.9,35.7,5.5
"dörr styrenhet - , e-(right)",vw,golf,10,2,"53410127, 53418701",106.4,106.1,107.1,5.0
diesel injection pump -,toyota,corolla,9,2,"54169592, 54777181",47.4,47.2,142.1,4.5
actuator loom -(right front),toyota,corolla,7,2,"53831986, 62010239",67.4,60.4,67.8,3.5
airbag front sensor -(left front),toyota,corolla,7,2,"53834609, 54655649",35.6,35.4,47.4,3.5
rear axle beam -(rear),toyota,corolla,5,2,"60134631, 66455737",394.2,331.5,395.7,2.5
hub rear-(rear),toyota,corolla,3,2,"57894045, 58671369",94.7,94.7,94.9,1.5
"insp.pump diesel control unit- , e-",vw,golf,3,2,"54055672, 54055876",415.2,414.4,415.2,1.5
rain sensor-,skoda,octavia,3,2,"53992837, 54483957",94.7,94.7,95.2,1.5
suspension-(rear),skoda,octavia,3,2,"54242387, 54447761",47.4,47.2,47.6,1.5
trailing link rear-(left),skoda,octavia,3,2,"58937124, 64800345",83.7,82.6,84.5,1.5
wheel bearing spindle shaft-(right rear),skoda,octavia,3,2,"65037599, 65651367",214.2,212.3,214.2,1.5
air purifier-,skoda,octavia,2,2,"54265057, 65484076",89.25,83.3,95.2,1.0
airbag control unit-,skoda,octavia,2,2,"53430480, 60048809",296.2,294.9,297.5,1.0
airbag control unit-,toyota,corolla,2,2,"65434859, 66546356",269.55,201.3,337.8,1.0
alternator-,toyota,corolla,2,2,"61808601, 65774513",142.1,142.1,142.1,1.0
bensin/dieselvärmare styrenhet-,skoda,octavia,2,2,"54410277, 63308601",94.4,94.4,94.4,1.0
brake caliper-(right rear),toyota,corolla,2,2,"63127091, 63350259",212.89999999999998,188.7,237.1,1.0
brake disc-(front),skoda,octavia,2,2,"54094531, 54099834",11.8,11.8,11.8,1.0
brake servo-,toyota,corolla,2,2,"54151623, 65861514",485.45,438.1,532.8,1.0
caliper bracket -(right rear),toyota,corolla,2,2,"54537570, 62648588",50.349999999999994,47.4,53.3,1.0
carbon canister-,toyota,corolla,2,2,"53614662, 53997747",11.850000000000001,5.9,17.8,1.0
deliverer-,toyota,corolla,2,2,"56142209, 62991562",113.2,84.1,142.3,1.0
drive shaft-(left front),toyota,corolla,2,2,"61808614, 65250419",236.8,236.8,236.8,1.0
"dörr styrenhet- , e-(right)",vw,golf,2,2,"53410127, 53418701",106.8,106.8,106.8,1.0
engine diesel-,toyota,corolla,2,2,"53386263, 53492819",787.35,769.6,805.1,1.0
fuel filling pipe / tube-,toyota,corolla,2,2,"54505764, 54574525",53.2,47.4,59.0,1.0
fuel pump electric-,toyota,corolla,2,2,"54549674, 54558057",100.69999999999999,100.6,100.8,1.0
"fuel tank injection- , e-",vw,golf,2,2,"54027084, 54322755",95.8,89.3,102.3,1.0
gear lever-,toyota,corolla,2,2,"53700152, 53886312",177.7,176.9,178.5,1.0
"gear lever- , e-",vw,golf,2,2,"54068070, 55904254",176.9,176.9,176.9,1.0
hand brake lever-,skoda,octavia,2,2,"53597130, 53847965",59.1,59.0,59.2,1.0
ignition diesel relay-,skoda,octavia,2,2,"62013012, 64632985",29.65,29.6,29.7,1.0
"ignition diesel relay- , e-",vw,golf,2,2,"54038732, 54064944",20.75,5.9,35.6,1.0
komfort styrdon-,skoda,octavia,2,2,"62638840, 62886295",224.75,212.3,237.2,1.0
main cylinder-,toyota,corolla,2,2,"54371340, 54538992",60.4,60.4,60.4,1.0
other control unit-,skoda,octavia,2,2,"54410190, 56649098",237.14999999999998,237.1,237.2,1.0
passenger airbag-,toyota,corolla,2,2,"53713033, 64597454",296.5,296.5,296.5,1.0
rear axle beam-,toyota,corolla,2,2,"64546427, 65680830",415.2,415.2,415.2,1.0
rear gear / diff.-,skoda,octavia,2,2,"55233937, 66730848",1122.5,1065.6,1179.4,1.0
signal horn-,skoda,octavia,2,2,"54419574, 60537565",34.8,33.9,35.7,1.0
sump-,skoda,octavia,2,2,"53810040, 64902844",107.1,107.1,107.1,1.0
suspension-(rear),toyota,corolla,2,2,"59230184, 62122633",46.2,45.0,47.4,1.0
trailing link rear-(left),toyota,corolla,2,2,"53848801, 56933452",70.9,70.8,71.0,1.0
trailing link rear-(right),skoda,octavia,2,2,"54026243, 60226169",73.85,71.0,76.7,1.0
"wheel bearing spindle shaft- , e-(right rear)",vw,golf,2,2,"56566908, 64675772",227.9,219.0,236.8,1.0
wheel bearing spindle shaft-(left rear),skoda,octavia,2,2,"53397794, 62781323",225.35,213.5,237.2,1.0
wheel bearing spindle shaft-(left rear),toyota,corolla,2,2,"53853342, 56933448",203.5,200.5,206.5,1.0
