part_name,brand,model,year_start,year_end,listing_count,mean_price,median_price,std_price,price_variance,coefficient_of_variation,min_price,max_price,price_range
"engine diesel - , e-",vw,golf,2013,2020,28,3884.2071,3970.1,243.6263,59353.7564,0.0627,3488.7,4117.4,628.7
hybrid inverter -,toyota,corolla,2019,2027,40,1013.5825,1085.45,209.1815,43756.8824,0.2064,355.2,1190.0,834.8
engine diesel -,skoda,octavia,2013,2020,30,3888.4967,3910.85,209.1185,43730.5597,0.0538,3529.3,4165.0,635.7
"engine gasoline - , e-",vw,golf,2013,2020,30,4096.08,4100.45,186.2434,34686.6136,0.0455,3753.4,4343.5,590.1
gear box 6 speed -,toyota,corolla,2008,2012,29,1287.9241,1356.6,185.871,34548.0405,0.1443,592.0,1428.0,836.0
"automatic gear - , e-",vw,golf,2013,2020,24,3522.15,3494.6,174.5349,30462.4367,0.0496,3305.2,3808.0,502.8
"brake servo - , e-",vw,golf,2013,2020,29,268.8931,188.8,165.0083,27227.7544,0.6137,176.9,595.0,418.1
automatic gear-,toyota,corolla,2019,2027,3,2920.8333,2975.0,144.4249,20858.5489,0.0494,2723.2,3064.3,341.1
kamera utvändig -,toyota,corolla,2019,2027,38,611.2237,653.45,143.9853,20731.756,0.2356,296.0,714.0,418.0
automatic gear -,toyota,corolla,2019,2027,36,2911.05,2960.0,127.4911,16253.9708,0.0438,2604.8,3054.5,449.7
"gear box 5 speed - , e-",vw,golf,2013,2020,21,1983.1,2005.0,117.0206,13693.8133,0.059,1804.1,2142.0,337.9
automatic gear -,skoda,octavia,2020,2027,18,4460.4444,4391.9,111.0981,12342.7769,0.0249,4363.8,4641.0,277.2
engine diesel -,toyota,corolla,2002,2007,25,893.816,935.4,106.9074,11429.1893,0.1196,522.2,952.0,429.8
hybrid batteri -,toyota,corolla,2019,2027,40,1287.9025,1300.1,94.0762,8850.3242,0.073,1124.8,1462.2,337.4
"gear box 6 speed - , e-",vw,golf,2013,2020,30,2199.2533,2138.6,93.8716,8811.8805,0.0427,2122.9,2380.0,257.1
"gear box 5 speed- , e-",vw,golf,2013,2020,3,1929.9667,1963.5,92.734,8599.6022,0.048,1803.4,2023.0,219.6
gear box 5 speed -,toyota,corolla,2002,2007,26,673.9192,652.2,91.9462,8454.0954,0.1364,532.8,833.0,300.2
gear box 6 speed-,toyota,corolla,2008,2012,5,1349.5,1368.5,89.256,7966.628,0.0661,1179.4,1428.0,248.6
gear box 5 speed -,toyota,corolla,2008,2012,7,733.6571,769.6,88.3144,7799.4396,0.1204,517.4,773.5,256.1
engine gasoline -,toyota,corolla,2019,2027,39,3611.5846,3656.1,69.9222,4889.1085,0.0194,3433.6,3689.0,255.4
rear gear / diff. -,skoda,octavia,2005,2013,18,1104.75,1069.3,68.3002,4664.9125,0.0618,947.2,1190.0,242.8
drive shaft -(right front),toyota,corolla,2008,2012,10,228.63,236.25,67.9124,4612.0961,0.297,153.9,297.5,143.6
abs hydraulic pump -,toyota,corolla,2008,2012,4,347.8,355.2,67.4172,4545.08,0.1938,266.4,414.4,148.0
"diesel injection pump - , e-",vw,golf,2004,2009,10,239.86,239.65,62.1841,3866.8604,0.2593,177.0,303.4,126.4
engine gasoline -,skoda,octavia,2013,2020,18,4223.7167,4252.45,58.7249,3448.6169,0.0139,4127.9,4289.9,162.0
other control unit -,toyota,corolla,2019,2027,40,425.195,438.75,58.6381,3438.423,0.1379,270.0,476.0,206.0
gear distributor box -,skoda,octavia,2013,2020,23,984.1478,949.0,56.7326,3218.5921,0.0576,943.5,1093.9,150.4
gear box 5 speed -,skoda,octavia,2013,2020,18,986.3889,949.0,55.8832,3122.9365,0.0567,943.5,1071.0,127.5
curtain airbags -(left),toyota,corolla,2002,2007,6,128.4833,120.2,53.6465,2877.9514,0.4175,59.2,236.8,177.6
curtain airbags -(right),toyota,corolla,2002,2007,10,144.59,180.45,48.916,2392.7729,0.3383,59.2,182.1,122.9
brake servo-,toyota,corolla,2019,2027,2,485.45,485.45,47.35,2242.0225,0.0975,438.1,532.8,94.7
"drive shaft - , e-(right rear)",vw,golf,2013,2020,29,226.3862,236.5,46.1157,2126.6543,0.2037,176.9,308.4,131.5
diesel injection pump -,toyota,corolla,2002,2007,9,78.8222,47.4,44.4853,1978.9395,0.5644,47.2,142.1,94.9
fly wheel automat -,skoda,octavia,2013,2020,12,139.0833,139.0,44.3855,1970.0747,0.3191,94.4,184.4,90.0
rear axle beam -,toyota,corolla,2019,2027,32,394.6812,413.65,43.428,1885.9878,0.11,260.5,416.5,156.0
"passenger airbag - , e-",vw,golf,2013,2020,18,437.9889,450.1,43.1019,1857.7743,0.0984,353.8,476.0,122.2
"drive shaft - , e-(left rear)",vw,golf,2013,2020,32,225.8719,237.0,41.9254,1757.7395,0.1856,176.9,308.4,131.5
knee -,toyota,corolla,2008,2012,27,190.4222,189.8,41.6609,1735.6291,0.2188,90.0,238.0,148.0
"turbo aggregate - , e-",vw,golf,2004,2009,12,396.5333,396.7,41.452,1718.2672,0.1045,353.8,440.3,86.5
fly wheel automat -,skoda,octavia,2005,2013,12,147.9583,147.9,41.4278,1716.2608,0.28,106.1,190.4,84.3
diesel tank -,skoda,octavia,2013,2020,17,265.9706,237.2,39.6048,1568.5409,0.1489,235.9,321.3,85.4
kamera utvändig -,skoda,octavia,2013,2020,17,266.6412,294.9,39.5764,1566.2907,0.1484,212.3,297.5,85.2
brake servo -,toyota,corolla,2019,2027,31,550.3484,562.4,39.0096,1521.7464,0.0709,504.2,595.0,90.8
"rear gear / diff. - , e-",vw,golf,1998,2006,12,867.025,867.6,38.5519,1486.2502,0.0445,825.6,910.3,84.7
"brake caliper - , e-(right front)",vw,golf,2013,2020,23,202.0174,235.9,37.66,1418.278,0.1864,147.4,238.0,90.6
injection control unit -,toyota,corolla,2019,2027,29,529.3379,530.9,36.2017,1310.5617,0.0684,493.0,595.0,102.0
inter axle compl. -,skoda,octavia,2005,2013,24,249.4458,266.55,35.7706,1279.5383,0.1434,177.6,295.7,118.1
abs hydraulic aggregate-,toyota,corolla,2019,2027,4,562.225,574.8,35.6304,1269.5269,0.0634,506.2,593.1,86.9
"rear gear / diff. - , e-",vw,golf,2009,2013,12,864.0667,864.65,35.6013,1267.4522,0.0412,825.6,904.4,78.8
drive shaft -(right front),toyota,corolla,2019,2027,41,330.1171,353.8,35.2347,1241.4843,0.1067,236.8,357.0,120.2
engine diesel -,toyota,corolla,2008,2012,13,915.8231,903.3,34.3689,1181.2233,0.0375,828.8,952.0,123.2
insp.pump diesel control unit -,toyota,corolla,2002,2007,27,202.2667,213.1,34.3149,1177.5133,0.1697,118.4,238.0,119.6
curtain airbags -(left),toyota,corolla,2008,2012,7,124.6714,142.1,32.6434,1065.5906,0.2618,84.1,177.6,93.5
"drive shaft- , e-(left rear)",vw,golf,2013,2020,4,275.65,275.25,32.3679,1047.6825,0.1174,242.7,309.4,66.7
gear box 6 speed -,skoda,octavia,2013,2020,29,2341.9069,2359.6,32.2023,1036.9855,0.0138,2288.0,2380.0,92.0
"crankshaft - , e-",vw,golf,2004,2009,18,114.4167,112.4,31.4345,988.1269,0.2747,76.7,154.7,78.0
curtain airbags -(right),toyota,corolla,2008,2012,9,120.6444,118.4,30.278,916.7558,0.251,84.1,177.6,93.5
steering wheel airbag -,skoda,octavia,2020,2027,12,444.0583,444.15,29.6409,878.5808,0.0667,412.8,476.0,63.2
abs hydraulic pump -,toyota,corolla,2002,2007,4,266.4,266.4,29.6,876.16,0.1111,236.8,296.0,59.2
"rear sensor - , e-",vw,golf,2004,2009,12,88.775,88.7,29.5931,875.7502,0.3333,59.0,119.0,60.0
diesel injection pump -,skoda,octavia,1996,2011,11,209.7455,235.9,29.5696,874.3607,0.141,176.9,238.0,61.1
abs hydraulic aggregate -,skoda,octavia,2020,2027,13,680.4846,675.7,28.5451,814.8228,0.0419,648.7,714.0,65.3
drive shaft -(right front),toyota,corolla,2013,2018,6,205.2333,201.3,27.9119,779.0722,0.136,177.6,236.8,59.2
brake caliper -(left front),toyota,corolla,2019,2027,44,182.6886,177.6,27.452,753.6096,0.1503,118.4,238.0,119.6
drive shaft-(right front),toyota,corolla,2019,2027,3,336.1,353.8,27.3256,746.6867,0.0813,297.5,357.0,59.5
drive shaft -(left rear),skoda,octavia,2013,2020,48,240.4438,233.95,27.2854,744.4937,0.1135,200.5,285.6,85.1
abs hydraulic aggregate -,skoda,octavia,2013,2020,17,651.6118,666.6,27.121,735.5493,0.0416,607.4,672.4,65.0
"brake caliper - , e-(left front)",vw,golf,2013,2020,24,221.9375,236.25,25.6362,657.2132,0.1155,176.9,238.0,61.1
power steering control unit -,toyota,corolla,2002,2007,26,190.8231,177.6,25.3069,640.4379,0.1326,165.8,238.0,72.2
rear axle beam -(rear),toyota,corolla,2019,2027,5,381.9,394.2,25.2086,635.476,0.066,331.5,395.7,64.2
injection control unit -,toyota,corolla,2008,2012,3,380.8667,373.0,24.8002,615.0489,0.0651,355.2,414.4,59.2
"drive shaft - , e-(right rear)",vw,golf,2009,2013,18,193.3333,201.15,24.7994,615.01,0.1283,159.2,220.1,60.9
brake caliper -(right rear),toyota,corolla,2019,2027,53,193.2057,177.9,24.423,596.4839,0.1264,168.7,238.0,69.3
hybrid converter -,toyota,corolla,2019,2027,18,382.8722,379.15,24.3649,593.6476,0.0636,353.8,416.5,62.7
insp.pump diesel control unit -,toyota,corolla,2008,2012,7,226.9429,236.8,24.2359,587.3767,0.1068,167.6,238.0,70.4
rear axle -,skoda,octavia,2013,2020,29,384.8862,378.4,24.232,587.1902,0.063,353.8,416.5,62.7
brake caliper-(right rear),toyota,corolla,2019,2027,2,212.9,212.9,24.2,585.64,0.1137,188.7,237.1,48.4
brake caliper -(right front),toyota,corolla,2019,2027,47,182.2787,177.6,24.06,578.8817,0.132,142.1,238.0,95.9
abs hydraulic aggregate -,toyota,corolla,2019,2027,36,579.3472,590.95,23.9115,571.7619,0.0413,532.8,595.0,62.2
"rear axle - , e-",vw,golf,2013,2020,29,371.3552,355.9,23.558,554.9797,0.0634,353.8,416.5,62.7
drive shaft -(right rear),skoda,octavia,2013,2020,66,235.1258,236.65,23.0185,529.851,0.0979,200.5,285.6,85.1
contact roll airbag -,toyota,corolla,2019,2027,25,211.724,214.2,22.8143,520.4914,0.1078,177.6,238.0,60.4
brake caliper -(left rear),toyota,corolla,2019,2027,50,187.736,177.7,22.3298,498.6179,0.1189,165.8,238.0,72.2
dragkrok styrenhet -,skoda,octavia,2005,2013,7,104.8714,118.0,22.2885,496.7792,0.2125,59.2,119.0,59.8
"side airbags - , e-(right)",vw,golf,2004,2009,18,102.9778,118.0,21.7657,473.7451,0.2114,71.9,119.0,47.1
"inter axle compl. - , e-",vw,golf,2009,2013,21,439.7762,427.0,21.3518,455.899,0.0486,424.6,476.0,51.4
abs hydraulic pump -,toyota,corolla,2019,2027,30,526.8133,533.15,20.8616,435.2072,0.0396,438.1,547.4,109.3
power steering control unit -,toyota,corolla,2008,2012,14,228.3714,236.8,20.7381,430.0706,0.0908,177.6,238.0,60.4
"drive shaft - , e-(left rear)",vw,golf,2009,2013,11,182.3182,200.5,20.7269,429.6033,0.1137,159.2,202.3,43.1
hub rear -(rear),toyota,corolla,1998,2001,7,67.6571,59.2,20.7157,429.1396,0.3062,59.2,118.4,59.2
drive shaft -(left front),toyota,corolla,2019,2027,70,285.5414,294.9,20.2016,408.1039,0.0707,235.9,297.5,61.6
abs control unit -,toyota,corolla,1998,2001,18,75.0111,88.5,19.5491,382.1665,0.2606,47.2,89.3,42.1
"fuel tank injection - , e-",vw,golf,1998,2006,23,94.3609,84.5,18.6819,349.0128,0.198,71.9,121.4,49.5
brake caliper-(left front),toyota,corolla,2019,2027,4,160.3,160.3,18.2,331.24,0.1135,142.1,178.5,36.4
airbag control unit -,toyota,corolla,2008,2012,14,224.3857,236.4,18.0886,327.1984,0.0806,181.2,238.0,56.8
engine diesel-,toyota,corolla,2002,2007,2,787.35,787.35,17.75,315.0625,0.0225,769.6,805.1,35.5
turbo aggregate -,skoda,octavia,2013,2020,24,393.5625,396.85,17.558,308.284,0.0446,365.6,416.5,50.9
"knee - , e-",vw,golf,2013,2020,30,197.6733,201.15,17.4055,302.952,0.0881,176.9,220.1,43.2
rear sensor -(rear),skoda,octavia,2013,2020,6,78.7167,71.05,17.3003,299.3014,0.2198,70.8,117.4,46.6
drive shaft -(left front),toyota,corolla,2013,2018,4,190.9,183.5,16.9237,286.41,0.0887,177.6,219.0,41.4
drive shaft -(right front),skoda,octavia,2013,2020,36,261.4056,259.9,16.9032,285.7183,0.0647,241.8,297.5,55.7
curtain airbags -(right),skoda,octavia,2013,2020,54,156.9685,148.1,16.7527,280.6529,0.1067,141.5,184.4,42.9
side airbags -(right),skoda,octavia,2013,2020,18,153.9389,142.3,16.7496,280.549,0.1088,141.5,178.5,37.0
"fly wheel manual - , e-",vw,golf,2004,2009,18,130.2,141.6,16.7399,280.2233,0.1286,106.1,142.8,36.7
gear box 5 speed -,toyota,corolla,1998,2001,7,632.6571,639.4,16.7017,278.9482,0.0264,592.0,642.6,50.6
contact roll airbag -,toyota,corolla,2008,2012,7,218.2286,225.0,16.5989,275.522,0.0761,177.6,226.1,48.5
"drive shaft - , e-(right front)",vw,golf,2013,2020,33,252.2879,243.2,15.7294,247.415,0.0623,241.8,296.0,54.2
"brake caliper - , e-(right rear)",vw,golf,2013,2020,23,198.4217,212.3,15.3278,234.9417,0.0772,180.4,214.2,33.8
curtain airbags -(right),toyota,corolla,2019,2027,43,243.4488,237.2,15.1999,231.0383,0.0624,224.1,261.8,37.7
"gear distributor box - , e-",vw,golf,2013,2020,12,1080.0917,1080.95,15.1691,230.1024,0.014,1061.5,1100.8,39.3
drive shaft -(left front),toyota,corolla,2002,2007,8,211.6625,213.25,15.0333,225.9998,0.071,177.6,236.8,59.2
drive shaft -(right front),toyota,corolla,2002,2007,8,179.075,177.6,15.0189,225.5669,0.0839,153.9,213.1,59.2
"drive shaft - , e-(left front)",vw,golf,2013,2020,54,300.5148,306.7,14.9808,224.4231,0.0499,265.4,321.3,55.9
"turbo aggregate - , e-",vw,golf,2013,2020,12,352.125,352.35,14.8323,219.9969,0.0421,336.1,368.9,32.8
alternator bracket / accessories -,skoda,octavia,2005,2013,12,32.55,32.5,14.8004,219.0508,0.4547,17.7,47.6,29.9
passenger airbag -,toyota,corolla,2019,2027,30,302.6167,296.0,14.7228,216.7621,0.0487,281.2,333.2,52.0
control unit xenon -,toyota,corolla,2019,2027,19,124.0158,118.6,14.5711,212.3161,0.1175,82.9,142.8,59.9
diesel injection pump -,skoda,octavia,2005,2013,18,245.8111,236.65,14.5637,212.101,0.0592,233.5,267.8,34.3
curtain airbags -(left),toyota,corolla,2019,2027,41,237.9951,236.0,14.5419,211.4668,0.0611,224.1,261.8,37.7
hub rear -(rear),toyota,corolla,1993,1997,9,59.2222,47.4,14.4883,209.9106,0.2446,47.4,82.9,35.5
rear axle -,toyota,corolla,2002,2007,13,285.4538,294.9,14.4518,208.8548,0.0506,260.5,297.5,37.0
brake servo -,toyota,corolla,2013,2018,4,137.625,139.1,14.1178,199.3119,0.1026,118.4,153.9,35.5
rear axle -,toyota,corolla,2008,2012,21,314.6381,319.7,13.9874,195.6462,0.0445,260.5,321.3,60.8
dragkrok styrenhet -,skoda,octavia,2013,2020,17,119.5353,129.5,13.97,195.1623,0.1169,100.2,130.9,30.7
engine gasoline -,skoda,octavia,2020,2027,5,4619.32,4617.6,13.8375,191.4776,0.003,4599.7,4641.0,41.3
starter diesel -,toyota,corolla,2002,2007,15,73.4133,71.0,13.7878,190.1025,0.1878,59.2,95.2,36.0
automatic gear -(front),skoda,octavia,2013,2020,6,4367.75,4366.4,13.5458,183.4892,0.0031,4352.0,4391.1,39.1
wheel bearing spindle shaft -(left rear),toyota,corolla,2019,2027,60,187.81,177.9,13.5445,183.4529,0.0721,165.8,208.3,42.5
brake caliper -(left front),skoda,octavia,2013,2020,36,159.8556,154.1,13.2519,175.6119,0.0829,153.3,190.4,37.1
brake caliper -(right front),skoda,octavia,2013,2020,36,159.8556,154.1,13.2519,175.6119,0.0829,153.3,190.4,37.1
throttle housing -,toyota,corolla,2008,2012,11,142.0818,153.3,12.9906,168.756,0.0914,127.4,154.7,27.3
wheel bearing spindle shaft -(right rear),toyota,corolla,2019,2027,52,189.7673,189.75,12.9583,167.9184,0.0683,165.8,208.3,42.5
starter diesel -,toyota,corolla,2008,2012,3,85.7,94.8,12.9401,167.4467,0.151,67.4,94.9,27.5
caliper bracket -,toyota,corolla,2002,2007,7,66.9857,72.2,12.8558,165.2727,0.1919,35.5,72.6,37.1
engine gasoline -(front),skoda,octavia,2013,2020,6,4142.8333,4141.55,12.8545,165.2389,0.0031,4127.9,4165.0,37.1
wheel bearing spindle shaft -(right rear),skoda,octavia,2013,2020,39,218.4897,213.1,12.8403,164.8737,0.0588,200.5,238.0,37.5
"ignition diesel relay - , e-",vw,golf,2004,2009,17,23.4647,23.7,12.8118,164.1411,0.546,5.9,38.1,32.2
rear sensor -,skoda,octavia,2020,2027,16,68.9563,59.3,12.623,159.34,0.1831,59.0,85.7,26.7
komfort styrdon-,skoda,octavia,2013,2020,2,224.75,224.75,12.45,155.0025,0.0554,212.3,237.2,24.9
"air-flow sensor - , e-",vw,golf,1998,2006,12,47.9417,47.9,12.426,154.4058,0.2592,35.4,60.7,25.3
"other control unit - , e-",vw,golf,2009,2013,12,254.0583,254.2,12.316,151.6841,0.0485,240.9,267.8,26.9
automatic gear -,skoda,octavia,2013,2020,6,3965.2833,3964.05,12.3109,151.5581,0.0031,3951.0,3986.5,35.5
"parking control unit - , e-",vw,golf,2004,2009,18,76.5278,84.9,12.267,150.4787,0.1603,59.0,85.7,26.7
"automatic gear - , e-",vw,golf,2020,2027,6,3906.1,3904.9,12.1345,147.2467,0.0031,3892.0,3927.0,35.0
"wheel bearing spindle shaft - , e-(left rear)",vw,golf,2013,2020,36,219.9722,213.3,12.0529,145.2731,0.0548,206.4,238.0,31.6
wheel bearing spindle shaft-(left rear),skoda,octavia,2013,2020,2,225.35,225.35,11.85,140.4225,0.0526,213.5,237.2,23.7
"fly wheel manual - , e-",vw,golf,2009,2013,12,130.2,130.25,11.8403,140.1917,0.0909,117.9,142.8,24.9
baklucka styrenhet -,skoda,octavia,2013,2020,12,106.5333,106.55,11.8379,140.1356,0.1111,94.4,119.0,24.6
"adaptiv farthållare sensor - , e-",vw,golf,2013,2020,30,421.14,424.7,11.8178,139.6611,0.0281,401.0,439.1,38.1
rear axle beam -,skoda,octavia,2013,2020,11,306.6636,297.5,11.8154,139.6041,0.0385,294.9,321.3,26.4
"brake caliper - , e-(left rear)",vw,golf,2013,2020,30,204.78,212.35,11.6173,134.9623,0.0567,182.8,214.2,31.4
"wheel bearing spindle shaft - , e-(right rear)",vw,golf,2013,2020,30,227.2667,235.95,11.6149,134.9069,0.0511,212.3,238.0,25.7
wheel bearing spindle shaft -(left rear),skoda,octavia,2013,2020,46,221.7935,213.5,11.4381,130.8297,0.0516,212.3,238.0,25.7
"insp.pump diesel control unit - , e-",vw,golf,2009,2013,18,434.0,427.0,11.2533,126.6367,0.0259,424.6,452.2,27.6
"hub rear - , e-(rear)",vw,golf,2009,2013,36,244.6333,237.2,11.1972,125.3778,0.0458,235.9,261.8,25.9
gear lever -,skoda,octavia,2013,2020,18,244.6333,237.2,11.1972,125.3778,0.0458,235.9,261.8,25.9
brake caliper -(left rear),skoda,octavia,2013,2020,15,161.96,154.2,11.1811,125.0171,0.069,153.4,178.5,25.1
turbo aggregate -,toyota,corolla,2002,2007,18,126.3,118.6,11.1793,124.9767,0.0885,117.9,142.8,24.9
brake caliper -(right rear),skoda,octavia,2013,2020,18,161.8278,154.2,11.1757,124.8965,0.0691,153.3,178.5,25.2
fuse box / electricity central -,toyota,corolla,2008,2012,21,101.0381,94.8,11.1666,124.6938,0.1105,85.2,119.0,33.8
baklucka styrenhet -,skoda,octavia,2020,2027,18,102.5889,94.9,11.161,124.5677,0.1088,94.4,119.0,24.6
"steering wheel airbag - , e-",vw,golf,2013,2020,18,530.0167,532.2,10.9477,119.8514,0.0207,485.4,535.5,50.1
brake servo -,skoda,octavia,2013,2020,29,164.9586,160.0,10.8803,118.3804,0.066,153.3,178.5,25.2
central lock control unit -,toyota,corolla,2002,2007,10,39.08,47.2,10.6516,113.4576,0.2726,23.7,47.6,23.9
inverter 12 -> 220 v -,skoda,octavia,2013,2020,24,136.1167,141.75,10.2567,105.1989,0.0754,117.9,142.8,24.9
deliverer -,skoda,octavia,2005,2013,30,245.04,237.6,10.2009,104.0591,0.0416,235.9,258.9,23.0
sump -,skoda,octavia,2013,2020,17,106.8059,106.4,9.586,91.8923,0.0898,95.2,119.0,23.8
"air throttle housing / throttle housing - , e-",vw,golf,2004,2009,23,86.4696,94.4,9.5159,90.5526,0.11,70.8,95.2,24.4
strut rear -(left),toyota,corolla,2002,2007,39,47.8359,42.8,9.4542,89.3828,0.1976,23.7,59.5,35.8
rear axle beam -,skoda,octavia,2005,2013,13,309.5692,303.4,9.4375,89.0667,0.0305,296.0,321.3,25.3
"abs hydraulic aggregate - , e-",vw,golf,2013,2020,30,600.72,601.2,9.333,87.1043,0.0155,589.7,612.9,23.2
strut rear -(right),toyota,corolla,1988,1992,14,49.45,44.9,9.1432,83.5982,0.1849,33.0,59.5,26.5
airbag control unit -,toyota,corolla,2019,2027,11,347.1182,353.8,8.9612,80.3033,0.0258,336.1,357.0,20.9
"wheel bearing spindle shaft - , e-(right rear)",vw,golf,2020,2027,10,227.84,228.0,8.9117,79.4184,0.0391,218.2,238.0,19.8
"wheel bearing spindle shaft- , e-(right rear)",vw,golf,2020,2027,2,227.9,227.9,8.9,79.21,0.0391,219.0,236.8,17.8
"fuel distributor - , e-",vw,golf,2009,2013,20,103.64,103.65,8.8848,78.9404,0.0857,94.4,113.0,18.6
drive shaft -(left front),toyota,corolla,2008,2012,5,162.2,159.8,8.8731,78.732,0.0547,153.9,177.6,23.7
gear box bracket -,toyota,corolla,2002,2007,2,26.65,26.65,8.85,78.3225,0.3321,17.8,35.5,17.7
alternator -,skoda,octavia,2013,2020,30,229.6267,235.95,8.7314,76.2373,0.038,218.2,238.0,19.8
deliverer -,toyota,corolla,2002,2007,30,140.5133,142.1,8.5188,72.5698,0.0606,94.7,142.8,48.1
gear box bracket -,toyota,corolla,2008,2012,9,42.2222,47.2,8.4798,71.9062,0.2008,26.6,47.6,21.0
alternator -,toyota,corolla,2008,2012,21,138.7143,142.1,8.3034,68.9469,0.0599,118.4,142.8,24.4
strut rear -(left),toyota,corolla,1998,2001,7,55.8286,59.2,8.3007,68.902,0.1487,35.5,59.5,24.0
actuator loom -(right rear),toyota,corolla,2008,2012,2,50.9,50.9,8.3,68.89,0.1631,42.6,59.2,16.6
strut rear -(left rear),toyota,corolla,2002,2007,12,50.925,50.9,8.293,68.7735,0.1628,42.5,59.5,17.0
clutch cylinder main -,toyota,corolla,1998,2001,8,42.925,47.3,8.2403,67.9019,0.192,23.7,47.6,23.9
drive shaft -(left front),skoda,octavia,2013,2020,35,242.1743,238.0,8.0274,64.4385,0.0331,235.9,261.8,25.9
"throttle housing - , e-",vw,golf,2004,2009,12,193.3833,193.5,7.8721,61.9697,0.0407,184.9,202.3,17.4
strut rear -(left),toyota,corolla,1983,1987,2,31.55,31.55,7.85,61.6225,0.2488,23.7,39.4,15.7
distributors -,toyota,corolla,1988,1992,23,75.6304,80.2,7.8333,61.3612,0.1036,59.2,84.5,25.3
"stolsvärme styrenhet/relä - , e-",vw,golf,2004,2009,24,19.2375,23.65,7.7006,59.2998,0.4003,5.9,23.8,17.9
fuel filter / holder -,toyota,corolla,2002,2007,29,39.4069,35.6,7.6566,58.6234,0.1943,17.8,47.6,29.8
förpump diesel -,skoda,octavia,2005,2013,24,95.5875,95.35,7.5539,57.0619,0.079,85.0,107.1,22.1
distributors -,toyota,corolla,1993,1997,16,84.6438,84.2,7.5505,57.01,0.0892,60.4,95.2,34.8
"trailing link rear - , e-(left)",vw,golf,2009,2013,18,84.8389,82.85,7.3836,54.5168,0.087,76.7,95.2,18.5
fuse box / electricity central -,toyota,corolla,2002,2007,11,92.2455,95.5,7.1462,51.0679,0.0775,71.0,96.4,25.4
fuel filling pipe / tube -,toyota,corolla,1998,2001,38,53.6158,59.0,7.0586,49.8245,0.1317,35.5,59.5,24.0
komfort styrdon -,skoda,octavia,2013,2020,28,224.7607,224.55,7.0552,49.7752,0.0314,212.4,238.0,25.6
"fuse box / electricity central - , e-",vw,golf,2004,2009,18,99.0333,100.55,6.8515,46.9433,0.0692,89.7,107.1,17.4
starter gasoline -,skoda,octavia,2013,2020,29,131.0207,130.1,6.8457,46.863,0.0522,123.8,142.8,19.0
hub rear -(rear),toyota,corolla,2002,2007,44,96.8841,94.8,6.8422,46.8159,0.0706,94.4,119.0,24.6
airbag control unit -,toyota,corolla,2002,2007,13,258.7077,260.5,6.3707,40.5853,0.0246,236.8,261.8,25.0
air purifier -,toyota,corolla,2008,2012,14,73.1071,72.15,6.3107,39.8249,0.0863,67.4,94.8,27.4
fuel injection pump -,toyota,corolla,1988,1992,7,115.8571,118.4,6.2381,38.9139,0.0538,100.6,119.0,18.4
curtain airbags -(left),skoda,octavia,2013,2020,30,145.18,142.3,6.1771,38.1569,0.0425,141.5,158.3,16.8
"sensor abs - , e-",vw,golf,1998,2006,18,51.6889,47.4,6.1382,37.6777,0.1188,47.2,60.7,13.5
other sensor-,skoda,octavia,2005,2013,2,41.5,41.5,6.1,37.21,0.147,35.4,47.6,12.2
other control unit -,skoda,octavia,2013,2020,11,243.2727,247.7,5.9771,35.7256,0.0246,235.9,249.9,14.0
sump -,skoda,octavia,2005,2013,11,112.9364,117.9,5.9573,35.4896,0.0527,106.1,119.0,12.9
air purifier-,skoda,octavia,2005,2013,2,89.25,89.25,5.95,35.4025,0.0667,83.3,95.2,11.9
carbon canister-,toyota,corolla,2002,2007,2,11.85,11.85,5.95,35.4025,0.5021,5.9,17.8,11.9
"sump - , e-",vw,golf,2004,2009,12,100.6167,100.65,5.9251,35.1064,0.0589,94.4,107.1,12.7
mass air-flow sensor -,skoda,octavia,2013,2020,12,88.7833,88.85,5.9225,35.0764,0.0667,82.6,95.2,12.6
"parking control unit - , e-",vw,golf,2013,2020,12,79.2833,79.35,5.9225,35.0764,0.0747,73.1,85.7,12.6
"avgas temperaturgivare - , e-",vw,golf,2004,2009,12,53.2667,53.3,5.9188,35.0322,0.1111,47.2,59.5,12.3
motor cushion -,skoda,octavia,2013,2020,12,53.2667,53.3,5.9188,35.0322,0.1111,47.2,59.5,12.3
"tank transmitters - , e-",vw,golf,2013,2020,12,53.2667,53.3,5.9188,35.0322,0.1111,47.2,59.5,12.3
tank transmitters -,toyota,corolla,1998,2001,12,41.45,41.45,5.918,35.0225,0.1428,35.4,47.6,12.2
carbon canister -,skoda,octavia,2005,2013,12,41.4333,41.45,5.918,35.0222,0.1428,35.4,47.6,12.2
"thermostat housing / cap - , e-",vw,golf,1992,1999,12,41.4333,41.45,5.918,35.0222,0.1428,35.4,47.6,12.2
fuse box / electricity central -,skoda,octavia,2005,2013,11,96.9,100.8,5.9165,35.0055,0.0611,85.3,101.7,16.4
tank transmitters -,toyota,corolla,2002,2007,8,32.575,35.45,5.9133,34.9669,0.1815,17.8,35.7,17.9
alternator -,toyota,corolla,1998,2001,2,112.5,112.5,5.9,34.81,0.0524,106.6,118.4,11.8
strut rear -(right rear),toyota,corolla,1988,1992,2,29.6,29.6,5.9,34.81,0.1993,23.7,35.5,11.8
brake servo -,toyota,corolla,2008,2012,2,124.3,124.3,5.9,34.81,0.0475,118.4,130.2,11.8
air purifier -,skoda,octavia,2005,2013,11,89.2364,94.4,5.8963,34.766,0.0661,82.6,94.9,12.3
engine block -,skoda,octavia,2005,2013,11,82.3182,77.3,5.886,34.6451,0.0715,76.7,89.3,12.6
other sensor -,skoda,octavia,2005,2013,10,41.42,41.45,5.8808,34.5836,0.142,35.4,47.4,12.0
drive shaft -(right front),skoda,octavia,2020,2027,11,302.4545,306.6,5.8557,34.2898,0.0194,294.9,309.4,14.5
air purifier -,skoda,octavia,2013,2020,17,88.4294,83.3,5.847,34.188,0.0661,82.6,95.2,12.6
fly wheel manual -,skoda,octavia,2005,2013,30,122.5133,118.8,5.8187,33.8578,0.0475,117.9,133.9,16.0
fuel filling pipe / tube-,toyota,corolla,1998,2001,2,53.2,53.2,5.8,33.64,0.109,47.4,59.0,11.6
strut rear -(right),toyota,corolla,1998,2001,19,54.8526,59.0,5.7161,32.6741,0.1042,47.2,59.5,12.3
strut rear -(right rear),toyota,corolla,2002,2007,3,39.4667,35.5,5.6097,31.4689,0.1421,35.5,47.4,11.9
valve cap -,skoda,octavia,2005,2013,30,53.8667,55.05,5.6048,31.4142,0.1041,47.2,60.7,13.5
"diesel tank - , e-",vw,golf,2009,2013,18,173.6111,177.0,5.596,31.3154,0.0322,165.1,178.5,13.4
"fuel pump electric - , e-",vw,golf,2013,2020,18,173.6111,177.0,5.596,31.3154,0.0322,165.1,178.5,13.4
actuator loom -,skoda,octavia,2013,2020,18,102.6333,106.2,5.5955,31.31,0.0545,94.4,107.1,12.7
"brake caliper - , e-(right front)",vw,golf,2020,2027,18,169.6722,166.1,5.5951,31.3053,0.033,165.1,178.5,13.4
"starter diesel - , e-",vw,golf,2013,2020,18,122.3111,118.6,5.5914,31.2632,0.0457,117.9,130.9,13.0
side airbags -(right),skoda,octavia,2005,2013,18,86.8444,83.0,5.5842,31.1836,0.0643,82.6,95.2,12.6
air throttle housing / throttle housing -,skoda,octavia,2005,2013,18,51.2944,47.4,5.5804,31.1405,0.1088,47.2,59.5,12.3
coil -,skoda,octavia,2005,2013,18,51.2944,47.4,5.5804,31.1405,0.1088,47.2,59.5,12.3
battery cable -,skoda,octavia,2013,2020,30,64.8933,65.15,5.5781,31.1153,0.086,57.8,71.4,13.6
alternator -,toyota,corolla,2002,2007,3,126.2667,130.2,5.5626,30.9422,0.0441,118.4,130.2,11.8
"gear box 5 speed - , e-(front)",vw,golf,2013,2020,6,1775.5,1774.95,5.5091,30.35,0.0031,1769.1,1785.0,15.9
adaptiv farthållare sensor -,skoda,octavia,2013,2020,26,399.1462,401.0,5.4121,29.2909,0.0136,392.2,409.0,16.8
"alternator bracket / accessories - , e-",vw,golf,1998,2006,17,43.8706,47.2,5.3919,29.0727,0.1229,35.4,47.6,12.2
fuel pump electric -,skoda,octavia,2013,2020,21,133.5381,130.2,5.3884,29.0347,0.0404,129.7,142.8,13.1
strut rear -(right),toyota,corolla,2002,2007,14,57.1,59.2,5.3098,28.1943,0.093,41.4,59.5,18.1
main cylinder -,toyota,corolla,2002,2007,4,65.7,65.7,5.3,28.09,0.0807,60.4,71.0,10.6
trailing link rear -(right),skoda,octavia,2005,2013,22,76.2591,74.65,5.2363,27.4188,0.0687,70.8,84.5,13.7
belt tensioner for fan belt -,skoda,octavia,2005,2013,23,20.587,23.6,5.2008,27.0481,0.2526,11.8,23.8,12.0
strut rear-(left),toyota,corolla,2002,2007,2,47.9,47.9,5.2,27.04,0.1086,42.7,53.1,10.4
hand brake lever -,toyota,corolla,1998,2001,8,44.4,47.3,5.1398,26.4175,0.1158,35.5,47.6,12.1
"fuel filter / holder - , e-",vw,golf,2009,2013,24,68.0708,70.9,5.1353,26.3712,0.0754,59.0,71.4,12.4
engine casing -,skoda,octavia,2013,2020,24,62.1458,59.25,5.1346,26.3641,0.0826,59.0,71.4,12.4
"rear axle beam - , e-",vw,golf,2013,2020,22,362.7364,364.85,5.1339,26.3569,0.0142,353.8,368.9,15.1
central lock control unit -,skoda,octavia,2013,2020,24,97.6583,94.8,5.1327,26.3449,0.0526,94.4,107.1,12.7
passenger airbag -,toyota,corolla,2008,2012,4,287.15,284.2,5.1095,26.1075,0.0178,284.2,296.0,11.8
shock absorbers rear -(rear),skoda,octavia,2013,2020,49,50.2429,47.4,5.0936,25.9445,0.1014,47.2,59.5,12.3
"komfort styrdon - , e-",vw,golf,2009,2013,12,172.5417,172.65,5.0363,25.3641,0.0292,166.9,178.5,11.6
"gear regulator - , e-",vw,golf,1998,2006,24,68.95,71.65,4.9834,24.8342,0.0723,60.1,72.6,12.5
brake disc -(front),toyota,corolla,1983,1987,19,12.5211,13.0,4.907,24.0785,0.3919,5.9,17.8,11.9
trailing link rear -(right),toyota,corolla,2019,2027,62,68.6581,71.0,4.9068,24.0766,0.0715,56.2,71.4,15.2
caliper bracket -(left front),toyota,corolla,2002,2007,4,36.525,33.7,4.893,23.9419,0.134,33.7,45.0,11.3
main cylinder -,skoda,octavia,2013,2020,23,73.6217,71.1,4.8848,23.8608,0.0663,70.8,83.3,12.5
trailing link rear -(left),skoda,octavia,2005,2013,36,74.3833,71.65,4.8093,23.1292,0.0647,70.8,84.5,13.7
tank lid -,toyota,corolla,2019,2027,13,57.8462,59.2,4.7506,22.5686,0.0821,41.4,59.5,18.1
fuel distributor -,skoda,octavia,2013,2020,30,121.9167,124.2,4.748,22.5434,0.0389,112.0,124.9,12.9
sensor steering -,skoda,octavia,2005,2013,30,49.7367,47.4,4.7423,22.489,0.0953,47.2,59.5,12.3
"piston / rod - , e-",vw,golf,2004,2009,30,26.05,23.7,4.734,22.4105,0.1817,23.6,35.7,12.1
trailing link rear -(left),toyota,corolla,2019,2027,69,68.9029,71.0,4.7083,22.1681,0.0683,56.2,71.4,15.2
motor cushion -,toyota,corolla,2002,2007,35,23.9657,23.7,4.6522,21.6428,0.1941,5.9,28.6,22.7
"other relay - , e-",vw,golf,1998,2006,30,19.8967,23.6,4.6381,21.5117,0.2331,14.2,23.8,9.6
mass air-flow sensor -,skoda,octavia,2005,2013,18,88.3667,85.4,4.4873,20.1356,0.0508,84.9,95.2,10.3
tank lid -,skoda,octavia,2005,2013,12,51.7667,51.8,4.4195,19.5322,0.0854,47.2,56.5,9.3
engine casing -,toyota,corolla,2002,2007,24,56.8042,59.1,4.3865,19.2412,0.0772,47.4,59.5,12.1
motor cushion -,skoda,octavia,2005,2013,18,47.75,47.35,4.3523,18.9425,0.0911,42.5,53.5,11.0
"curtain airbags - , e-(left)",vw,golf,2013,2020,42,144.5714,142.3,4.3352,18.7939,0.03,141.5,154.7,13.2
other relay -,toyota,corolla,2002,2007,32,43.0062,41.5,4.1899,17.555,0.0974,29.6,47.6,18.0
"shock absorbers rear - , e-(rear)",vw,golf,1998,2006,36,61.75,60.25,4.1897,17.5536,0.0678,59.0,71.4,12.4
"curtain airbags - , e-(right)",vw,golf,2013,2020,42,146.2667,147.45,4.1694,17.3837,0.0285,141.5,154.7,13.2
fuel filter / holder -,toyota,corolla,2008,2012,7,45.6714,47.4,4.1544,17.2592,0.091,35.5,47.6,12.1
motor bracket -,toyota,corolla,1993,1997,7,45.6714,47.4,4.1544,17.2592,0.091,35.5,47.6,12.1
pulley -,toyota,corolla,2002,2007,14,57.5286,59.2,4.1382,17.1249,0.0719,47.4,59.5,12.1
airbag front sensor -(left),toyota,corolla,1998,2001,29,35.531,35.6,4.1106,16.8966,0.1157,23.7,47.4,23.7
engine casing -,toyota,corolla,2008,2012,14,57.5714,59.2,4.0349,16.2806,0.0701,47.4,59.5,12.1
central lock control unit -,toyota,corolla,1998,2001,13,43.5769,41.6,4.0334,16.2679,0.0926,33.7,47.6,13.9
tank lid -,toyota,corolla,2002,2007,4,37.575,38.45,4.0202,16.1619,0.107,32.0,41.4,9.4
actuator loom -(right rear),toyota,corolla,2019,2027,7,65.8714,67.4,3.9517,15.6163,0.06,56.2,67.8,11.6
"fuse box / electricity central - , e-",vw,golf,2009,2013,12,102.1833,101.9,3.9499,15.6014,0.0387,94.6,107.1,12.5
fuel injection pump -,toyota,corolla,2008,2012,16,116.925,118.4,3.9156,15.3319,0.0335,106.6,119.0,12.4
"other airbags - , e-",vw,golf,2004,2009,18,18.55,17.75,3.9063,15.2592,0.2106,14.2,23.8,9.6
mass air-flow sensor -,toyota,corolla,2002,2007,28,81.4143,82.9,3.7762,14.2598,0.0464,71.0,83.3,12.3
rear gear / diff. -,skoda,octavia,2013,2020,10,1184.06,1183.3,3.7683,14.2004,0.0032,1179.4,1190.0,10.6
suspension -(rear),toyota,corolla,2002,2007,9,46.0333,47.4,3.7262,13.8844,0.0809,35.5,47.6,12.1
"trailing link rear - , e-(left)",vw,golf,2004,2009,24,80.5,80.5,3.5581,12.66,0.0442,76.7,84.5,7.8
bränslepump styrenhet -,skoda,octavia,2005,2013,12,67.4833,67.55,3.5564,12.6481,0.0527,63.7,71.4,7.7
deliverer -,toyota,corolla,1998,2001,8,85.425,84.1,3.5056,12.2894,0.041,84.1,94.7,10.6
clutch cylinder main -,toyota,corolla,2002,2007,26,45.1692,47.2,3.5021,12.2644,0.0775,35.5,47.6,12.1
"gear distributor box - , e-",vw,golf,2004,2009,6,1100.8,1100.45,3.4307,11.77,0.0031,1096.8,1106.7,9.9
"alternator - , e-",vw,golf,2013,2020,30,219.37,219.0,3.4211,11.7041,0.0156,212.4,226.1,13.7
"cam belt / transmission cap - , e-",vw,golf,2013,2020,21,14.881,17.7,3.3905,11.4958,0.2278,9.5,17.8,8.3
fuel pump electric -,skoda,octavia,2005,2013,8,139.55,141.75,3.3664,11.3325,0.0241,134.8,142.8,8.0
"thermostat housing / cap - , e-",vw,golf,2004,2009,18,37.8833,35.6,3.3487,11.2136,0.0884,35.4,42.8,7.4
hand brake lever -,toyota,corolla,2008,2012,12,46.3917,47.4,3.2865,10.8008,0.0708,35.5,47.6,12.1
"trailing link rear - , e-(right)",vw,golf,2004,2009,17,81.9588,83.8,3.2496,10.5601,0.0396,76.7,84.5,7.8
ljusinställning lägesgivare -,skoda,octavia,2005,2013,17,73.3588,71.2,3.1408,9.8648,0.0428,70.8,78.0,7.2
gear distributor box -,skoda,octavia,2005,2013,6,1006.1167,1005.8,3.1291,9.7914,0.0031,1002.5,1011.5,9.0
"gear distributor box - , e-(front)",vw,golf,2013,2020,6,1006.1167,1005.8,3.1291,9.7914,0.0031,1002.5,1011.5,9.0
"belt tensioner for fan belt - , e-",vw,golf,1998,2006,24,45.575,47.25,3.0775,9.471,0.0675,40.1,47.6,7.5
wheel bearing spindle shaft-(left rear),toyota,corolla,2019,2027,2,203.5,203.5,3.0,9.0,0.0147,200.5,206.5,6.0
"gear distributor box - , e-",vw,golf,1998,2006,6,958.75,958.45,2.9815,8.8892,0.0031,955.3,963.9,8.6
"rubber bellow / tube - , e-",vw,golf,2013,2020,18,38.4667,38.5,2.9796,8.8778,0.0775,35.4,41.6,6.2
"sump - , e-",vw,golf,2009,2013,12,109.4833,109.55,2.9701,8.8214,0.0271,106.1,113.0,6.9
"brake disc - , e-(front)",vw,golf,1998,2006,24,26.65,26.65,2.968,8.8092,0.1114,23.6,29.8,6.2
coil -,skoda,octavia,1996,2011,12,50.3083,50.35,2.9618,8.7724,0.0589,47.2,53.5,6.3
"engine block - , e-",vw,golf,1998,2006,12,50.3083,50.35,2.9618,8.7724,0.0589,47.2,53.5,6.3
avgas temperaturgivare -,skoda,octavia,2005,2013,12,56.2333,56.3,2.9553,8.7339,0.0526,53.1,59.5,6.4
"motor bracket - , e-",vw,golf,2013,2020,12,56.2333,56.3,2.9553,8.7339,0.0526,53.1,59.5,6.4
brake disc -(front),toyota,corolla,1998,2001,23,14.9391,17.7,2.9537,8.7241,0.1977,11.8,17.8,6.0
gear box 5 speed -,skoda,octavia,2005,2013,12,946.9333,946.65,2.9528,8.7189,0.0031,943.5,952.0,8.5
"trailing link rear - , e-(right)",vw,golf,2009,2013,11,79.6364,77.3,2.9524,8.7169,0.0371,76.7,83.3,6.6
gear box cushion -,skoda,octavia,2005,2013,12,32.5667,32.6,2.9519,8.7139,0.0906,29.5,35.7,6.2
gear box cushion -,skoda,octavia,2013,2020,12,32.5667,32.6,2.9519,8.7139,0.0906,29.5,35.7,6.2
contact roll airbag -,toyota,corolla,2013,2018,2,180.55,180.55,2.95,8.7025,0.0163,177.6,183.5,5.9
caliper bracket -(right rear),toyota,corolla,2002,2007,2,50.35,50.35,2.95,8.7025,0.0586,47.4,53.3,5.9
hand brake lever -,toyota,corolla,1988,1992,2,38.45,38.45,2.95,8.7025,0.0767,35.5,41.4,5.9
hand brake lever -,toyota,corolla,2002,2007,14,43.9714,41.55,2.9426,8.6592,0.0669,41.3,47.6,6.3
aktivt kollisionsskydd sensor -(left),skoda,octavia,2013,2020,11,228.3091,230.0,2.9318,8.5954,0.0128,224.2,232.0,7.8
clutch cylinder slave -,toyota,corolla,1998,2001,15,31.98,29.7,2.9029,8.4269,0.0908,29.5,35.7,6.2
rubber bellow / tube -,toyota,corolla,2002,2007,30,31.9833,29.75,2.9006,8.4134,0.0907,29.5,35.7,6.2
brake disc -(front),skoda,octavia,2005,2013,16,14.075,11.9,2.86,8.1794,0.2032,11.8,17.8,6.0
brake caliper -(right rear),skoda,octavia,2020,2027,18,179.5944,177.9,2.8508,8.1272,0.0159,176.9,184.4,7.5
trailing link rear-(right),skoda,octavia,2005,2013,2,73.85,73.85,2.85,8.1225,0.0386,71.0,76.7,5.7
injection control unit -,toyota,corolla,2002,2007,5,356.62,355.2,2.84,8.0656,0.008,355.2,362.3,7.1
fuse box / electricity central -,skoda,octavia,2013,2020,7,108.9429,107.1,2.8399,8.0653,0.0261,106.1,112.5,6.4
fuel injection pump -,skoda,octavia,2013,2020,18,144.0111,142.3,2.8333,8.0277,0.0197,141.5,148.8,7.3
"fuel injection pump - , e-",vw,golf,2013,2020,18,144.0111,142.3,2.8333,8.0277,0.0197,141.5,148.8,7.3
steering wheel airbag -,toyota,corolla,2019,2027,29,295.5172,296.0,2.8321,8.0207,0.0096,281.2,297.5,16.3
carbon canister -,toyota,corolla,2002,2007,18,25.6611,23.7,2.7982,7.8302,0.109,23.6,29.8,6.2
"engine block - , e-",vw,golf,2004,2009,18,63.1278,64.9,2.7962,7.8187,0.0443,59.0,65.5,6.5
"hand brake lever - , e-",vw,golf,2004,2009,18,55.2389,53.4,2.7937,7.8046,0.0506,53.1,59.5,6.4
"valve cap - , e-",vw,golf,2004,2009,18,49.3222,47.4,2.7928,7.7995,0.0566,47.2,53.5,6.3
airbag front sensor -(right),toyota,corolla,1998,2001,3,37.4667,35.5,2.7813,7.7356,0.0742,35.5,41.4,5.9
hand brake lever -,toyota,corolla,1993,1997,3,37.4667,35.5,2.7813,7.7356,0.0742,35.5,41.4,5.9
other relay -,toyota,corolla,2019,2027,3,33.5333,35.5,2.7813,7.7356,0.0829,29.6,35.5,5.9
air purifier -,toyota,corolla,2002,2007,5,57.44,59.2,2.7412,7.5144,0.0477,53.3,60.4,7.1
hand brake lever -,skoda,octavia,2005,2013,23,57.6783,59.2,2.6163,6.8452,0.0454,53.1,59.5,6.4
piston / rod -,skoda,octavia,2005,2013,23,39.8696,41.3,2.588,6.6978,0.0649,35.4,41.6,6.2
gear lever -,toyota,corolla,2019,2027,27,177.8556,177.6,2.5616,6.5617,0.0144,171.7,189.4,17.7
rubber bellow / tube -,skoda,octavia,2013,2020,24,36.9917,35.55,2.557,6.5383,0.0691,35.4,41.6,6.2
"rear gear / diff. - , e-",vw,golf,2004,2009,6,828.5667,828.3,2.5565,6.5356,0.0031,825.6,833.0,7.4
motor bracket -,toyota,corolla,2002,2007,21,46.8048,47.4,2.531,6.4062,0.0541,35.5,47.6,12.1
tank lid -,toyota,corolla,2008,2012,14,44.9214,45.0,2.4722,6.1117,0.055,41.4,47.6,6.2
starter gasoline -,toyota,corolla,2008,2012,23,95.2478,94.7,2.4543,6.0234,0.0258,94.4,106.7,12.3
"rear axle beam- , e-",vw,golf,2013,2020,2,363.3,363.3,2.4,5.76,0.0066,360.9,365.7,4.8
"mass air-flow sensor - , e-",vw,golf,2004,2009,12,80.4917,80.55,2.3869,5.6974,0.0297,77.8,83.3,5.5
clutch cylinder slave -,toyota,corolla,1993,1997,15,28.44,29.6,2.3717,5.6251,0.0834,23.7,29.8,6.1
"battery cable - , e-",vw,golf,2009,2013,24,42.4083,41.4,2.213,4.8974,0.0522,41.3,47.6,6.3
suspension -(rear),toyota,corolla,2019,2027,59,46.3373,47.2,2.1025,4.4206,0.0454,35.5,47.6,12.1
strut rear -(right),toyota,corolla,1993,1997,7,46.5143,47.4,2.0918,4.3755,0.045,41.4,47.6,6.2
clutch cylinder slave -,toyota,corolla,1983,1987,2,25.7,25.7,2.0,4.0,0.0778,23.7,27.7,4.0
airbag krocksensor -,toyota,corolla,2008,2012,16,58.475,59.2,1.962,3.8494,0.0336,53.3,59.5,6.2
main cylinder -,toyota,corolla,2019,2027,31,592.0806,592.0,1.8188,3.308,0.0031,589.7,595.0,5.3
suspension -(rear),skoda,octavia,2013,2020,39,48.0744,47.4,1.7153,2.9424,0.0357,47.2,52.4,5.2
motor bracket -,toyota,corolla,2008,2012,7,43.3286,42.7,1.6654,2.7735,0.0384,42.5,47.4,4.9
"steering wheel airbag - , e-",vw,golf,2020,2027,12,532.65,532.5,1.6601,2.7558,0.0031,530.7,535.5,4.8
coil -,toyota,corolla,2002,2007,35,52.7857,53.3,1.6543,2.7367,0.0313,47.4,53.5,6.1
caliper bracket -(right front),toyota,corolla,2002,2007,2,32.05,32.05,1.65,2.7225,0.0515,30.4,33.7,3.3
central lock control unit -,toyota,corolla,1993,1997,13,40.9769,41.4,1.5846,2.511,0.0387,35.5,41.6,6.1
"other transmitters - , e-",vw,golf,2009,2013,24,34.625,35.45,1.5479,2.396,0.0447,31.8,35.7,3.9
passenger airbag -,skoda,octavia,2013,2020,29,485.4793,485.4,1.5282,2.3354,0.0031,483.6,487.9,4.3
actuator loom -,toyota,corolla,2019,2027,3,49.5333,50.6,1.5085,2.2756,0.0305,47.4,50.6,3.2
injection control unit -,skoda,octavia,2005,2013,12,473.6667,473.9,1.4738,2.1722,0.0031,471.8,476.0,4.2
injection control unit -,skoda,octavia,2013,2020,12,473.6667,473.9,1.4738,2.1722,0.0031,471.8,476.0,4.2
aktivt kollisionsskydd sensor -,toyota,corolla,2019,2027,6,473.6667,473.9,1.4738,2.1722,0.0031,471.8,476.0,4.2
aktivt kollisionsskydd sensor -(left rear),toyota,corolla,2019,2027,6,473.6667,473.9,1.4738,2.1722,0.0031,471.8,476.0,4.2
aktivt kollisionsskydd sensor -(left),toyota,corolla,2019,2027,6,473.6667,473.9,1.4738,2.1722,0.0031,471.8,476.0,4.2
"abs hydraulic pump - , e-",vw,golf,2013,2020,30,473.4667,473.3,1.4693,2.1589,0.0031,471.8,476.0,4.2
"passenger airbag - , e-(interior front)",vw,golf,2013,2020,6,473.4667,473.3,1.4693,2.1589,0.0031,471.8,476.0,4.2
abs hydraulic pump -,skoda,octavia,2013,2020,29,473.731,474.2,1.457,2.1228,0.0031,471.8,476.0,4.2
"insp.pump diesel control unit - , e-",vw,golf,2004,2009,9,414.0667,413.9,1.4119,1.9933,0.0034,412.8,416.5,3.7
"injection control unit - , e-",vw,golf,2013,2020,30,449.8,449.65,1.3988,1.9567,0.0031,448.2,452.2,4.0
"inter axle compl. - , e-",vw,golf,2013,2020,5,473.8,473.6,1.3871,1.924,0.0029,471.9,476.0,4.1
injection control unit -,skoda,octavia,2020,2027,5,474.02,474.2,1.3629,1.8576,0.0029,471.8,476.0,4.2
adaptiv farthållare sensor -(front),skoda,octavia,2013,2020,4,426.7,426.9,1.3601,1.85,0.0032,424.6,428.4,3.8
shock absorbers rear -(rear),toyota,corolla,2019,2027,23,60.4826,59.2,1.3448,1.8084,0.0222,59.2,62.2,3.0
airbag control unit-,skoda,octavia,2013,2020,2,296.2,296.2,1.3,1.69,0.0044,294.9,297.5,2.6
steering wheel airbag -,skoda,octavia,2013,2020,12,414.45,414.65,1.2971,1.6825,0.0031,412.8,416.5,3.7
steering wheel airbag -(interior front),skoda,octavia,2013,2020,6,414.45,414.65,1.2971,1.6825,0.0031,412.8,416.5,3.7
"passenger airbag - , e-",vw,golf,2004,2009,6,414.2833,414.15,1.2928,1.6714,0.0031,412.8,416.5,3.7
suspension-(rear),toyota,corolla,2019,2027,2,46.2,46.2,1.2,1.44,0.026,45.0,47.4,2.4
"turbo aggregate - , e-",vw,golf,2009,2013,6,378.7667,378.65,1.187,1.4089,0.0031,377.4,380.8,3.4
sensor abs -,toyota,corolla,1998,2001,25,47.136,47.4,1.1767,1.3847,0.025,41.4,47.6,6.2
"dipstick - , e-",vw,golf,1998,2006,12,17.7583,17.8,1.1765,1.3841,0.0662,16.5,19.0,2.5
avgas temperaturgivare -,skoda,octavia,2013,2020,18,59.9722,59.3,1.1318,1.2809,0.0189,59.0,61.9,2.9
insp.pump diesel control unit -,skoda,octavia,1996,2011,6,355.1,355.0,1.1165,1.2467,0.0031,353.8,357.0,3.2
insp.pump diesel control unit -,skoda,octavia,2013,2020,6,355.1,355.0,1.1165,1.2467,0.0031,353.8,357.0,3.2
turbo aggregate -,skoda,octavia,2005,2013,6,355.1,355.0,1.1165,1.2467,0.0031,353.8,357.0,3.2
insp.pump diesel control unit -,skoda,octavia,2005,2013,17,355.1706,355.2,1.1092,1.2303,0.0031,353.8,357.0,3.2
"cylinder head fuel - , e-",vw,golf,1992,1999,6,343.2667,343.2,1.0765,1.1589,0.0031,342.0,345.1,3.1
strut rear -(left),toyota,corolla,1993,1997,11,54.4545,55.2,1.0474,1.097,0.0192,53.1,55.7,2.6
"rear axle beam - , e-",vw,golf,2004,2009,5,355.36,355.2,1.0442,1.0904,0.0029,353.9,357.0,3.1
rear axle -(rear),toyota,corolla,2008,2012,6,331.5333,331.7,1.0435,1.0889,0.0031,330.2,333.2,3.0
airbag krocksensor -,toyota,corolla,2019,2027,24,56.1875,56.2,1.0329,1.0669,0.0184,54.9,59.2,4.3
passenger airbag -,toyota,corolla,2002,2007,5,295.94,296.0,0.981,0.9624,0.0033,294.9,297.5,2.6
"diesel injection pump - , e-",vw,golf,1998,2006,5,331.64,331.5,0.9749,0.9504,0.0029,330.3,333.2,2.9
"diesel injection pump - , e-",vw,golf,2013,2020,5,331.64,331.5,0.9749,0.9504,0.0029,330.3,333.2,2.9
drive shaft -(left front),skoda,octavia,2020,2027,6,307.7333,307.65,0.969,0.9389,0.0031,306.6,309.4,2.8
knee -,toyota,corolla,2013,2018,12,296.0333,296.2,0.9195,0.8456,0.0031,294.9,297.5,2.6
"cylinder head diesel - , e-",vw,golf,2004,2009,12,295.9167,295.85,0.91,0.8281,0.0031,294.9,297.5,2.6
"cylinder head fuel - , e-",vw,golf,2004,2009,6,295.9167,295.85,0.91,0.8281,0.0031,294.9,297.5,2.6
"drive shaft - , e-(left front)",vw,golf,2020,2027,6,295.9167,295.85,0.91,0.8281,0.0031,294.9,297.5,2.6
kamera utvändig -,skoda,octavia,2020,2027,6,295.9167,295.85,0.91,0.8281,0.0031,294.9,297.5,2.6
rear axle beam -(rear),skoda,octavia,2013,2020,6,295.9167,295.85,0.91,0.8281,0.0031,294.9,297.5,2.6
signal horn-,skoda,octavia,2013,2020,2,34.8,34.8,0.9,0.81,0.0259,33.9,35.7,1.8
"drive shaft - , e-(right rear)",vw,golf,2020,2027,3,355.9,355.9,0.8981,0.8067,0.0025,354.8,357.0,2.2
wheel bearing spindle shaft-(right rear),skoda,octavia,2013,2020,3,213.5667,214.2,0.8957,0.8022,0.0042,212.3,214.2,1.9
airbag control unit -,skoda,octavia,2013,2020,28,295.8964,295.85,0.872,0.7603,0.0029,294.9,297.5,2.6
diesel tank -(rear),skoda,octavia,2013,2020,6,284.1,284.0,0.8679,0.7533,0.0031,283.1,285.6,2.5
steering wheel airbag -,toyota,corolla,2013,2018,7,296.0286,296.0,0.8514,0.7249,0.0029,294.9,297.5,2.6
"other control unit - , e-",vw,golf,1998,2006,5,260.32,260.2,0.828,0.6856,0.0032,259.5,261.8,2.3
"diesel injection pump - , e-",vw,golf,1984,1991,5,266.52,266.4,0.8035,0.6456,0.003,265.4,267.8,2.4
"inter axle compl.- , e-",vw,golf,2009,2013,2,425.4,425.4,0.8,0.64,0.0019,424.6,426.2,1.6
gear lever -,skoda,octavia,2020,2027,6,260.4333,260.35,0.7972,0.6356,0.0031,259.5,261.8,2.3
gear lever -(interior front),skoda,octavia,2013,2020,6,260.4333,260.35,0.7972,0.6356,0.0031,259.5,261.8,2.3
"other control unit - , e-",vw,golf,2004,2009,6,260.4333,260.35,0.7972,0.6356,0.0031,259.5,261.8,2.3
trailing link rear-(left),skoda,octavia,2013,2020,3,83.6,83.7,0.7789,0.6067,0.0093,82.6,84.5,1.9
signal horn -,skoda,octavia,2013,2020,22,35.1091,35.45,0.771,0.5945,0.022,33.6,35.7,2.1
other control unit -,skoda,octavia,2020,2027,17,236.8118,236.8,0.7379,0.5446,0.0031,235.9,238.0,2.1
knee -,skoda,octavia,2013,2020,30,242.75,242.85,0.732,0.5358,0.003,241.8,243.9,2.1
"fly wheel automat - , e-(front)",vw,golf,2013,2020,6,242.65,242.55,0.732,0.5358,0.003,241.8,243.9,2.1
aktivt kollisionsskydd sensor -,skoda,octavia,2013,2020,6,236.8333,236.95,0.7226,0.5222,0.0031,235.9,238.0,2.1
"airbag control unit - , e-",vw,golf,2013,2020,24,236.7333,236.65,0.7203,0.5189,0.003,235.9,238.0,2.1
"airbag control unit - , e-",vw,golf,2004,2009,6,236.7333,236.65,0.7203,0.5189,0.003,235.9,238.0,2.1
fuel tank injection -,skoda,octavia,2013,2020,6,236.7333,236.65,0.7203,0.5189,0.003,235.9,238.0,2.1
inter axle compl. -,skoda,octavia,1996,2011,6,236.7333,236.65,0.7203,0.5189,0.003,235.9,238.0,2.1
"deliverer - , e-",vw,golf,2013,2020,17,236.7824,236.8,0.7114,0.5062,0.003,235.9,238.0,2.1
diesel tank -,skoda,octavia,2005,2013,6,234.4,234.35,0.7095,0.5033,0.003,233.6,235.6,2.0
aktivt kollisionsskydd sensor -(right rear),skoda,octavia,2013,2020,6,230.9167,231.05,0.6962,0.4847,0.003,230.0,232.0,2.0
aktivt kollisionsskydd sensor -(right),skoda,octavia,2013,2020,6,230.9167,231.05,0.6962,0.4847,0.003,230.0,232.0,2.0
"other control unit - , e-",vw,golf,2020,2027,5,307.4,307.5,0.6782,0.46,0.0022,306.6,308.4,1.8
insp.pump diesel control unit -,toyota,corolla,1998,2001,6,213.15,213.25,0.6551,0.4292,0.0031,212.3,214.2,1.9
"cylinder head diesel - , e-",vw,golf,1984,1991,6,204.7667,204.7,0.6498,0.4222,0.0032,204.0,205.9,1.9
kamera utvändig -(rear),skoda,octavia,2013,2020,6,213.0667,213.0,0.6498,0.4222,0.003,212.3,214.2,1.9
"wheel bearing spindle shaft - , e-(right rear)",vw,golf,2009,2013,6,213.0667,213.0,0.6498,0.4222,0.003,212.3,214.2,1.9
"wheel bearing spindle shaft - , e-(left rear)",vw,golf,2004,2009,5,213.2,213.1,0.6325,0.4,0.003,212.3,214.2,1.9
contact roll airbag -,toyota,corolla,2002,2007,6,201.3167,201.4,0.6229,0.3881,0.0031,200.5,202.3,1.8
"tank transmitters - , e-",vw,golf,1998,2006,12,42.025,42.05,0.618,0.3819,0.0147,41.3,42.8,1.5
trailing link rear -(right),skoda,octavia,2013,2020,18,83.2611,83.0,0.6111,0.3735,0.0073,82.6,84.5,1.9
oil filter holder -,skoda,octavia,2005,2013,12,23.0833,23.1,0.6039,0.3647,0.0262,22.4,23.8,1.4
starter gasoline -,toyota,corolla,1998,2001,2,83.5,83.5,0.6,0.36,0.0072,82.9,84.1,1.2
brake caliper -(left front),skoda,octavia,2020,2027,6,189.4667,189.55,0.5878,0.3456,0.0031,188.7,190.4,1.7
brake caliper -(right front),skoda,octavia,2020,2027,6,189.4667,189.55,0.5878,0.3456,0.0031,188.7,190.4,1.7
gear lever -,toyota,corolla,2013,2018,6,189.4667,189.55,0.5878,0.3456,0.0031,188.7,190.4,1.7
"cylinder head diesel - , e-",vw,golf,1998,2006,6,189.3833,189.3,0.5843,0.3414,0.0031,188.7,190.4,1.7
"throttle housing - , e-",vw,golf,2009,2013,6,189.3833,189.3,0.5843,0.3414,0.0031,188.7,190.4,1.7
control unit xenon -,skoda,octavia,2005,2013,5,165.76,165.8,0.5607,0.3144,0.0034,165.1,166.6,1.5
"brake caliper - , e-(right rear)",vw,golf,2020,2027,6,183.4667,183.4,0.5558,0.3089,0.003,182.8,184.4,1.6
shock absorbers rear -(rear),toyota,corolla,1998,2001,16,60.1,60.3,0.5477,0.3,0.0091,59.2,60.7,1.5
trailing link rear -(left),skoda,octavia,2013,2020,15,83.1933,83.0,0.5471,0.2993,0.0066,82.6,84.2,1.6
contact roll airbag -,skoda,octavia,2013,2020,18,177.6167,177.7,0.5459,0.2981,0.0031,176.9,178.5,1.6
control unit xenon -(left front),skoda,octavia,2013,2020,6,177.6167,177.7,0.5459,0.2981,0.0031,176.9,178.5,1.6
contact roll airbag -,skoda,octavia,2020,2027,12,177.6167,177.7,0.5459,0.2981,0.0031,176.9,178.5,1.6
"komfort styrdon - , e-",vw,golf,2013,2020,18,177.55,177.5,0.5439,0.2958,0.0031,176.9,178.5,1.6
"control unit xenon - , e-",vw,golf,2020,2027,12,177.55,177.5,0.5439,0.2958,0.0031,176.9,178.5,1.6
"hub rear - , e-(rear)",vw,golf,2004,2009,12,177.55,177.5,0.5439,0.2958,0.0031,176.9,178.5,1.6
"throttle housing - , e-",vw,golf,2013,2020,12,177.55,177.5,0.5439,0.2958,0.0031,176.9,178.5,1.6
"brake caliper - , e-(left front rear)",vw,golf,2013,2020,6,177.55,177.5,0.5439,0.2958,0.0031,176.9,178.5,1.6
"control unit xenon - , e-",vw,golf,2013,2020,6,177.55,177.5,0.5439,0.2958,0.0031,176.9,178.5,1.6
"curtain airbags - , e-(right)",vw,golf,2004,2009,6,177.55,177.5,0.5439,0.2958,0.0031,176.9,178.5,1.6
"diesel tank - , e-",vw,golf,2004,2009,6,177.55,177.5,0.5439,0.2958,0.0031,176.9,178.5,1.6
"fuel pump electric - , e-",vw,golf,2009,2013,6,177.55,177.5,0.5439,0.2958,0.0031,176.9,178.5,1.6
"hub rear - , e-(left rear)",vw,golf,2013,2020,6,177.55,177.5,0.5439,0.2958,0.0031,176.9,178.5,1.6
"hub rear - , e-(right rear)",vw,golf,2013,2020,6,177.55,177.5,0.5439,0.2958,0.0031,176.9,178.5,1.6
"side airbags - , e-(right)",vw,golf,2009,2013,6,177.55,177.5,0.5439,0.2958,0.0031,176.9,178.5,1.6
"contact roll airbag - , e-",vw,golf,2013,2020,30,177.55,177.5,0.5439,0.2958,0.0031,176.9,178.5,1.6
"gear lever - , e-",vw,golf,2013,2020,17,177.5882,177.6,0.5356,0.2869,0.003,176.9,178.5,1.6
"gear lever - , e-",vw,golf,2009,2013,11,177.6091,177.6,0.5299,0.2808,0.003,176.9,178.5,1.6
"starter gasoline - , e-",vw,golf,2020,2027,5,147.96,147.8,0.5238,0.2744,0.0035,147.4,148.8,1.4
fuel tank injection -,toyota,corolla,2002,2007,12,165.8,165.9,0.5196,0.27,0.0031,165.1,166.6,1.5
control unit xenon -,skoda,octavia,2013,2020,6,165.8,165.9,0.5196,0.27,0.0031,165.1,166.6,1.5
control unit xenon -(front),skoda,octavia,2013,2020,6,165.8,165.9,0.5196,0.27,0.0031,165.1,166.6,1.5
side airbags -(left rear),skoda,octavia,2013,2020,6,157.5,157.6,0.5196,0.27,0.0033,156.8,158.3,1.5
side airbags -(right rear),skoda,octavia,2013,2020,6,157.5,157.6,0.5196,0.27,0.0033,156.8,158.3,1.5
"brake caliper - , e-(left front)",vw,golf,2020,2027,18,165.7333,165.7,0.5153,0.2656,0.0031,165.1,166.6,1.5
"control unit xenon - , e-",vw,golf,2009,2013,12,165.7333,165.7,0.5153,0.2656,0.0031,165.1,166.6,1.5
control unit xenon -(left),skoda,octavia,2005,2013,6,159.85,159.9,0.5058,0.2558,0.0032,159.2,160.7,1.5
parking control unit -,skoda,octavia,2013,2020,23,94.9565,94.8,0.4853,0.2355,0.0051,94.4,96.0,1.6
brake caliper -(left rear),skoda,octavia,2020,2027,10,177.76,177.8,0.4841,0.2344,0.0027,177.0,178.5,1.5
"starter gasoline - , e-",vw,golf,2013,2020,6,147.9667,147.9,0.4784,0.2289,0.0032,147.4,148.8,1.4
alternator -,toyota,corolla,2013,2018,12,148.0333,148.1,0.4784,0.2289,0.0032,147.4,148.8,1.4
"crankshaft - , e-",vw,golf,2009,2013,6,153.8667,153.8,0.4784,0.2289,0.0031,153.3,154.7,1.4
"diesel tank - , e-",vw,golf,1998,2006,6,153.8667,153.8,0.4784,0.2289,0.0031,153.3,154.7,1.4
curtain airbags -(left),skoda,octavia,2005,2013,6,153.9333,154.0,0.4784,0.2289,0.0031,153.3,154.7,1.4
"deliverer - , e-",vw,golf,1998,2006,10,159.92,159.8,0.4665,0.2176,0.0029,159.3,160.7,1.4
throttle housing -,toyota,corolla,2013,2018,13,153.9462,154.1,0.4618,0.2133,0.003,153.3,154.7,1.4
fuel injection pump -,toyota,corolla,2002,2007,10,118.28,118.4,0.46,0.2116,0.0039,117.2,119.0,1.8
throttle housing -,skoda,octavia,1996,2011,6,144.4,144.35,0.4546,0.2067,0.0031,143.9,145.2,1.3
roof assembled -(left),skoda,octavia,2005,2013,6,142.1,142.2,0.4435,0.1967,0.0031,141.5,142.8,1.3
roof assembled -(right),skoda,octavia,2005,2013,6,142.1,142.2,0.4435,0.1967,0.0031,141.5,142.8,1.3
throttle housing -,toyota,corolla,1998,2001,6,142.1,142.2,0.4435,0.1967,0.0031,141.5,142.8,1.3
fuel injection pump -,skoda,octavia,2005,2013,12,142.0333,142.0,0.4384,0.1922,0.0031,141.5,142.8,1.3
fuel tank injection -,skoda,octavia,2005,2013,12,142.0333,142.0,0.4384,0.1922,0.0031,141.5,142.8,1.3
hub rear -(rear),skoda,octavia,1996,2011,12,142.0333,142.0,0.4384,0.1922,0.0031,141.5,142.8,1.3
"fuel pump electric - , e-(rear)",vw,golf,2013,2020,6,142.0333,142.0,0.4384,0.1922,0.0031,141.5,142.8,1.3
hub rear -(left rear),skoda,octavia,1996,2011,6,142.0333,142.0,0.4384,0.1922,0.0031,141.5,142.8,1.3
hub rear -(left rear),skoda,octavia,2020,2027,6,142.0333,142.0,0.4384,0.1922,0.0031,141.5,142.8,1.3
hub rear -(right rear),skoda,octavia,2020,2027,6,142.0333,142.0,0.4384,0.1922,0.0031,141.5,142.8,1.3
throttle housing -,skoda,octavia,2005,2013,6,142.0333,142.0,0.4384,0.1922,0.0031,141.5,142.8,1.3
"starter gasoline - , e-",vw,golf,2009,2013,18,142.0333,142.0,0.4384,0.1922,0.0031,141.5,142.8,1.3
throttle housing -,skoda,octavia,2013,2020,18,142.0333,142.0,0.4384,0.1922,0.0031,141.5,142.8,1.3
"fuel injection pump - , e-(rear)",vw,golf,2009,2013,6,134.9333,134.9,0.4384,0.1922,0.0032,134.4,135.7,1.3
gear lever -,toyota,corolla,2002,2007,5,177.44,177.6,0.4128,0.1704,0.0023,176.9,177.9,1.0
starter diesel -,skoda,octavia,2013,2020,30,130.2,130.15,0.4082,0.1667,0.0031,129.7,130.9,1.2
hub rear -(rear),skoda,octavia,2005,2013,24,130.2,130.15,0.4082,0.1667,0.0031,129.7,130.9,1.2
inverter 12 -> 220 v -(interior rear),skoda,octavia,2013,2020,5,142.14,142.1,0.403,0.1624,0.0028,141.6,142.8,1.2
"cylinder head diesel - , e-",vw,golf,1992,1999,6,124.2833,124.25,0.3804,0.1447,0.0031,123.8,124.9,1.1
"insp.pump diesel control unit- , e-",vw,golf,2004,2009,3,414.9333,415.2,0.3771,0.1422,0.0009,414.4,415.2,0.8
"actuator loom - , e-",vw,golf,2004,2009,6,119.1667,119.15,0.3682,0.1356,0.0031,118.7,119.8,1.1
"fuel injection pump - , e-",vw,golf,2009,2013,6,118.3667,118.35,0.3682,0.1356,0.0031,117.9,119.0,1.1
hub rear -(rear),skoda,octavia,2013,2020,6,118.3667,118.35,0.3682,0.1356,0.0031,117.9,119.0,1.1
"starter diesel - , e-",vw,golf,2004,2009,6,118.3667,118.35,0.3682,0.1356,0.0031,117.9,119.0,1.1
"starter diesel - , e-",vw,golf,2009,2013,6,118.3667,118.35,0.3682,0.1356,0.0031,117.9,119.0,1.1
shock absorbers rear -(rear),toyota,corolla,2002,2007,28,60.3143,60.4,0.3603,0.1298,0.006,59.2,60.7,1.5
"dörr styrenhet - , e-(left)",vw,golf,2013,2020,17,106.5294,106.4,0.3544,0.1256,0.0033,106.1,107.1,1.0
"dörr styrenhet - , e-(right)",vw,golf,2013,2020,10,106.48,106.4,0.3544,0.1256,0.0033,106.1,107.1,1.0
"actuator loom - , e-",vw,golf,2013,2020,12,106.5333,106.5,0.3448,0.1189,0.0032,106.1,107.1,1.0
fuel pump electric -,toyota,corolla,1998,2001,12,106.5833,106.65,0.3436,0.1181,0.0032,106.1,107.1,1.0
actuator loom -(left front),skoda,octavia,2013,2020,6,106.5833,106.65,0.3436,0.1181,0.0032,106.1,107.1,1.0
fuel injection pump -,toyota,corolla,1998,2001,7,118.4,118.4,0.3423,0.1171,0.0029,117.9,119.0,1.1
"drive shaft - , e-(left rear)",vw,golf,2004,2009,5,159.62,159.7,0.3311,0.1096,0.0021,159.2,160.1,0.9
fuse box / electricity central -(front),skoda,octavia,2005,2013,6,101.2667,101.35,0.3197,0.1022,0.0032,100.8,101.7,0.9
"sump - , e-",vw,golf,2013,2020,6,98.2667,98.25,0.3197,0.1022,0.0033,97.9,98.8,0.9
fuse box / electricity central -,toyota,corolla,1993,1997,6,100.6333,100.7,0.3091,0.0956,0.0031,100.2,101.1,0.9
hub rear -(right rear),toyota,corolla,1993,1997,6,100.6333,100.7,0.3091,0.0956,0.0031,100.2,101.1,0.9
parking control unit -,skoda,octavia,2005,2013,6,100.6333,100.7,0.3091,0.0956,0.0031,100.2,101.1,0.9
förpump diesel -,skoda,octavia,1996,2011,6,95.8833,95.85,0.3023,0.0914,0.0032,95.5,96.4,0.9
actuator loom -(right front),skoda,octavia,2005,2013,6,95.9167,95.95,0.3023,0.0914,0.0032,95.5,96.4,0.9
"actuator loom - , e-(left rear)",vw,golf,2009,2013,6,100.5833,100.55,0.3023,0.0914,0.003,100.2,101.1,0.9
rain sensor -,skoda,octavia,2005,2013,11,94.7,94.6,0.2954,0.0873,0.0031,94.4,95.2,0.8
"trailing link rear - , e-(right)",vw,golf,2020,2027,11,94.7,94.6,0.2954,0.0873,0.0031,94.4,95.2,0.8
starter gasoline -,toyota,corolla,2002,2007,11,94.7273,94.7,0.2926,0.0856,0.0031,94.4,95.2,0.8
"actuator loom - , e-",vw,golf,2009,2013,6,94.7,94.65,0.2828,0.08,0.003,94.4,95.2,0.8
"air purifier - , e-",vw,golf,2004,2009,6,94.7,94.65,0.2828,0.08,0.003,94.4,95.2,0.8
bränslepump styrenhet -,skoda,octavia,2013,2020,6,94.7,94.65,0.2828,0.08,0.003,94.4,95.2,0.8
central lock control unit -,skoda,octavia,1996,2011,6,94.7,94.65,0.2828,0.08,0.003,94.4,95.2,0.8
dörr styrenhet -,skoda,octavia,2013,2020,6,94.7,94.65,0.2828,0.08,0.003,94.4,95.2,0.8
dörr styrenhet -(left front),skoda,octavia,2013,2020,6,94.7,94.65,0.2828,0.08,0.003,94.4,95.2,0.8
dörr styrenhet -(left front),skoda,octavia,2020,2027,6,94.7,94.65,0.2828,0.08,0.003,94.4,95.2,0.8
dörr styrenhet -(right front),skoda,octavia,2013,2020,6,94.7,94.65,0.2828,0.08,0.003,94.4,95.2,0.8
dörr styrenhet -(right front),skoda,octavia,2020,2027,6,94.7,94.65,0.2828,0.08,0.003,94.4,95.2,0.8
"rear sensor - , e-",vw,golf,2009,2013,6,94.7,94.65,0.2828,0.08,0.003,94.4,95.2,0.8
"sensor acceleration - , e-",vw,golf,2004,2009,6,94.7,94.65,0.2828,0.08,0.003,94.4,95.2,0.8
"side airbags - , e-(right)",vw,golf,2013,2020,6,94.7,94.65,0.2828,0.08,0.003,94.4,95.2,0.8
"trailing link rear - , e-(either side)",vw,golf,2009,2013,6,94.7,94.65,0.2828,0.08,0.003,94.4,95.2,0.8
"trailing link rear - , e-(right)",vw,golf,2013,2020,6,94.7,94.65,0.2828,0.08,0.003,94.4,95.2,0.8
"air purifier - , e-",vw,golf,2013,2020,24,94.7,94.65,0.2828,0.08,0.003,94.4,95.2,0.8
bränslepump styrenhet -,skoda,octavia,2020,2027,12,94.7,94.65,0.2828,0.08,0.003,94.4,95.2,0.8
"trailing link rear - , e-(left)",vw,golf,2020,2027,12,94.7,94.65,0.2828,0.08,0.003,94.4,95.2,0.8
control unit xenon -(left),toyota,corolla,2019,2027,6,94.7333,94.75,0.2809,0.0789,0.003,94.4,95.2,0.8
control unit xenon -(right),toyota,corolla,2019,2027,6,94.7333,94.75,0.2809,0.0789,0.003,94.4,95.2,0.8
fuel tank injection -,toyota,corolla,1998,2001,6,94.7333,94.75,0.2809,0.0789,0.003,94.4,95.2,0.8
fuse box / electricity central -(interior front),skoda,octavia,2013,2020,6,94.7333,94.75,0.2809,0.0789,0.003,94.4,95.2,0.8
starter diesel -,toyota,corolla,1993,1997,6,94.7333,94.75,0.2809,0.0789,0.003,94.4,95.2,0.8
starter diesel -,toyota,corolla,1998,2001,6,94.7333,94.75,0.2809,0.0789,0.003,94.4,95.2,0.8
bensin/dieselvärmare styrenhet -,skoda,octavia,2013,2020,22,94.7273,94.7,0.2799,0.0783,0.003,94.4,95.2,0.8
fuel tank injection -,skoda,octavia,1996,2011,12,89.5,89.5,0.2769,0.0767,0.0031,89.2,90.0,0.8
air purifier -,toyota,corolla,2019,2027,11,94.7636,94.8,0.2739,0.075,0.0029,94.4,95.2,0.8
"fuel distributor - , e-",vw,golf,2013,2020,5,94.76,94.7,0.2728,0.0744,0.0029,94.4,95.2,0.8
rain sensor -,skoda,octavia,2013,2020,16,94.6688,94.6,0.2709,0.0734,0.0029,94.4,95.2,0.8
distributors vacuum regulator -,toyota,corolla,1998,2001,8,100.625,100.6,0.2681,0.0719,0.0027,100.2,101.1,0.9
fuel pump electric -,toyota,corolla,2002,2007,8,100.625,100.6,0.2681,0.0719,0.0027,100.2,101.1,0.9
distributors vacuum regulator -,toyota,corolla,1993,1997,32,100.625,100.6,0.2681,0.0719,0.0027,100.2,101.1,0.9
"main cylinder - , e-",vw,golf,2004,2009,5,72.2,72.1,0.2608,0.068,0.0036,71.9,72.6,0.7
trailing link rear -(right rear lower),skoda,octavia,2005,2013,5,82.84,82.8,0.2577,0.0664,0.0031,82.6,83.3,0.7
rain sensor-,skoda,octavia,2013,2020,2,94.95,94.95,0.25,0.0625,0.0026,94.7,95.2,0.5
hub rear -(left rear),toyota,corolla,1993,1997,5,100.54,100.6,0.2498,0.0624,0.0025,100.2,100.8,0.6
fuel pump electric -,toyota,corolla,1993,1997,18,100.6111,100.6,0.2492,0.0621,0.0025,100.2,101.1,0.9
ljusinställning lägesgivare -,skoda,octavia,2013,2020,6,82.9,82.95,0.2449,0.06,0.003,82.6,83.3,0.7
main cylinder -(front),skoda,octavia,2013,2020,6,82.9,82.95,0.2449,0.06,0.003,82.6,83.3,0.7
side airbags -(left),skoda,octavia,2005,2013,6,82.9,82.95,0.2449,0.06,0.003,82.6,83.3,0.7
"main cylinder - , e-",vw,golf,2009,2013,12,82.8667,82.85,0.2427,0.0589,0.0029,82.6,83.3,0.7
"main cylinder - , e-",vw,golf,2013,2020,6,82.8667,82.85,0.2427,0.0589,0.0029,82.6,83.3,0.7
"mass air-flow sensor - , e-",vw,golf,1998,2006,6,82.8667,82.85,0.2427,0.0589,0.0029,82.6,83.3,0.7
"mass air-flow sensor - , e-",vw,golf,2013,2020,6,82.8667,82.85,0.2427,0.0589,0.0029,82.6,83.3,0.7
"rain sensor - , e-",vw,golf,2013,2020,6,82.8667,82.85,0.2427,0.0589,0.0029,82.6,83.3,0.7
"rain sensor - , e-(interior front)",vw,golf,2013,2020,6,82.8667,82.85,0.2427,0.0589,0.0029,82.6,83.3,0.7
"seat assembled - , e-",vw,golf,1998,2006,6,82.8667,82.85,0.2427,0.0589,0.0029,82.6,83.3,0.7
"seat assembled - , e-",vw,golf,2004,2009,6,82.8667,82.85,0.2427,0.0589,0.0029,82.6,83.3,0.7
"seat assembled - , e-(left front)",vw,golf,2004,2009,6,82.8667,82.85,0.2427,0.0589,0.0029,82.6,83.3,0.7
"seat assembled - , e-(left front)",vw,golf,2009,2013,6,82.8667,82.85,0.2427,0.0589,0.0029,82.6,83.3,0.7
"seat assembled - , e-(right front)",vw,golf,2009,2013,6,82.8667,82.85,0.2427,0.0589,0.0029,82.6,83.3,0.7
"side airbags - , e-(left)",vw,golf,1998,2006,6,82.8667,82.85,0.2427,0.0589,0.0029,82.6,83.3,0.7
"trailing link rear - , e-(left rear)",vw,golf,2020,2027,6,82.8667,82.85,0.2427,0.0589,0.0029,82.6,83.3,0.7
"trailing link rear - , e-(right rear)",vw,golf,2020,2027,6,82.8667,82.85,0.2427,0.0589,0.0029,82.6,83.3,0.7
trailing link rear -(left rear lower),skoda,octavia,2005,2013,6,82.8667,82.85,0.2427,0.0589,0.0029,82.6,83.3,0.7
"main cylinder - , e-",vw,golf,1998,2006,6,72.2,72.15,0.238,0.0567,0.0033,71.9,72.6,0.7
trailing link rear -(left),toyota,corolla,1998,2001,6,72.2333,72.25,0.2357,0.0556,0.0033,71.9,72.6,0.7
trailing link rear -(right),toyota,corolla,1998,2001,6,72.2333,72.25,0.2357,0.0556,0.0033,71.9,72.6,0.7
"mass air-flow sensor - , e-",vw,golf,1992,1999,6,78.1167,78.1,0.2339,0.0547,0.003,77.8,78.5,0.7
air purifier -,toyota,corolla,1993,1997,5,78.18,78.2,0.2315,0.0536,0.003,77.8,78.5,0.7
mass air-flow sensor -,toyota,corolla,2019,2027,7,82.9,82.9,0.2268,0.0514,0.0027,82.6,83.3,0.7
sensor steering -,toyota,corolla,2008,2012,6,71.05,71.05,0.2141,0.0458,0.003,70.8,71.4,0.6
starter diesel -,toyota,corolla,1988,1992,6,71.05,71.05,0.2141,0.0458,0.003,70.8,71.4,0.6
trailing link rear -(right upper),toyota,corolla,2019,2027,6,71.05,71.05,0.2141,0.0458,0.003,70.8,71.4,0.6
"crankshaft - , e-",vw,golf,1998,2006,6,71.0333,71.0,0.2134,0.0456,0.003,70.8,71.4,0.6
"engine casing - , e-(front)",vw,golf,2013,2020,6,71.0333,71.0,0.2134,0.0456,0.003,70.8,71.4,0.6
"ljusinställning lägesgivare - , e-",vw,golf,2004,2009,6,71.0333,71.0,0.2134,0.0456,0.003,70.8,71.4,0.6
"ljusinställning lägesgivare - , e-(rear)",vw,golf,2013,2020,6,71.0333,71.0,0.2134,0.0456,0.003,70.8,71.4,0.6
"pulley - , e-",vw,golf,1998,2006,6,71.0333,71.0,0.2134,0.0456,0.003,70.8,71.4,0.6
"pulley - , e-(exterior)",vw,golf,1998,2006,6,71.0333,71.0,0.2134,0.0456,0.003,70.8,71.4,0.6
crankshaft -,skoda,octavia,1996,2011,12,71.0333,71.0,0.2134,0.0456,0.003,70.8,71.4,0.6
"engine casing - , e-",vw,golf,2013,2020,12,71.0333,71.0,0.2134,0.0456,0.003,70.8,71.4,0.6
"ljusinställning lägesgivare - , e-",vw,golf,2013,2020,12,71.0333,71.0,0.2134,0.0456,0.003,70.8,71.4,0.6
"pulley - , e-(exterior)",vw,golf,2004,2009,18,71.0333,71.0,0.2134,0.0456,0.003,70.8,71.4,0.6
"gear regulator - , e-",vw,golf,2004,2009,6,63.9333,63.9,0.2134,0.0456,0.0033,63.7,64.3,0.6
"engine casing - , e-",vw,golf,2009,2013,11,71.0545,71.0,0.2105,0.0443,0.003,70.8,71.4,0.6
shock absorbers rear -(rear),toyota,corolla,1993,1997,6,60.4,60.45,0.2,0.04,0.0033,60.1,60.7,0.6
engine casing -,skoda,octavia,2005,2013,6,60.3667,60.35,0.1972,0.0389,0.0033,60.1,60.7,0.6
"fuel filter / holder - , e-",vw,golf,1998,2006,6,60.3667,60.35,0.1972,0.0389,0.0033,60.1,60.7,0.6
"side airbags - , e-(right)",vw,golf,1998,2006,6,60.3667,60.35,0.1972,0.0389,0.0033,60.1,60.7,0.6
"bränslepump styrenhet - , e-",vw,golf,2009,2013,5,55.08,55.0,0.1939,0.0376,0.0035,54.9,55.4,0.5
hand brake lever -,skoda,octavia,1996,2011,5,59.22,59.3,0.1939,0.0376,0.0033,59.0,59.5,0.5
"shock absorbers rear - , e-(rear)",vw,golf,2004,2009,5,59.18,59.1,0.1939,0.0376,0.0033,59.0,59.5,0.5
"suspension - , e-(rear)",vw,golf,2020,2027,5,59.18,59.1,0.1939,0.0376,0.0033,59.0,59.5,0.5
caliper bracket -(left front),skoda,octavia,2005,2013,5,59.2,59.2,0.1897,0.036,0.0032,59.0,59.5,0.5
"fuel tank injection - , e-",vw,golf,2004,2009,5,88.7,88.7,0.1897,0.036,0.0021,88.5,89.0,0.5
rear sensor -,skoda,octavia,2013,2020,5,59.2,59.2,0.1897,0.036,0.0032,59.0,59.5,0.5
parkeringshjälp frontsensor -,skoda,octavia,2013,2020,19,59.2,59.2,0.1864,0.0347,0.0031,59.0,59.5,0.5
parkeringshjälp frontsensor -,toyota,corolla,2019,2027,22,59.2136,59.25,0.1841,0.0339,0.0031,59.0,59.5,0.5
caliper bracket -(right front),skoda,octavia,2005,2013,11,59.2091,59.2,0.1832,0.0336,0.0031,59.0,59.5,0.5
"rear sensor - , e-",vw,golf,2013,2020,10,59.19,59.15,0.1814,0.0329,0.0031,59.0,59.5,0.5
shock absorbers rear-(rear),skoda,octavia,2013,2020,5,47.4,47.4,0.1789,0.032,0.0038,47.2,47.6,0.4
ljusinställning lägesgivare -(rear),skoda,octavia,2013,2020,6,73.1167,73.15,0.1772,0.0314,0.0024,72.9,73.4,0.5
"airbag krocksensor - , e-",vw,golf,2013,2020,12,56.1833,56.15,0.1772,0.0314,0.0032,56.0,56.5,0.5
"coil - , e-",vw,golf,2013,2020,12,59.1833,59.15,0.1772,0.0314,0.003,59.0,59.5,0.5
"motor cushion - , e-",vw,golf,2009,2013,12,59.1833,59.15,0.1772,0.0314,0.003,59.0,59.5,0.5
"motor cushion - , e-",vw,golf,2013,2020,12,59.1833,59.15,0.1772,0.0314,0.003,59.0,59.5,0.5
pulley -,skoda,octavia,2013,2020,12,59.1833,59.15,0.1772,0.0314,0.003,59.0,59.5,0.5
"sensor abs - , e-",vw,golf,2004,2009,12,59.1833,59.15,0.1772,0.0314,0.003,59.0,59.5,0.5
"suspension - , e-(rear)",vw,golf,2004,2009,12,59.1833,59.15,0.1772,0.0314,0.003,59.0,59.5,0.5
"suspension - , e-(rear)",vw,golf,2009,2013,12,59.1833,59.15,0.1772,0.0314,0.003,59.0,59.5,0.5
"airbag krocksensor - , e-",vw,golf,2004,2009,6,59.1833,59.15,0.1772,0.0314,0.003,59.0,59.5,0.5
gear box bracket -(left front),skoda,octavia,2013,2020,6,59.1833,59.15,0.1772,0.0314,0.003,59.0,59.5,0.5
"hand brake lever - , e-",vw,golf,2009,2013,6,59.1833,59.15,0.1772,0.0314,0.003,59.0,59.5,0.5
"ljusinställning lägesgivare - , e-(left rear)",vw,golf,2013,2020,6,59.1833,59.15,0.1772,0.0314,0.003,59.0,59.5,0.5
"motor bracket - , e-",vw,golf,1998,2006,6,59.1833,59.15,0.1772,0.0314,0.003,59.0,59.5,0.5
"motor bracket - , e-(right)",vw,golf,2009,2013,6,59.1833,59.15,0.1772,0.0314,0.003,59.0,59.5,0.5
"motor cushion - , e-",vw,golf,1998,2006,6,59.1833,59.15,0.1772,0.0314,0.003,59.0,59.5,0.5
parkeringshjälp frontsensor -,skoda,octavia,2020,2027,6,59.1833,59.15,0.1772,0.0314,0.003,59.0,59.5,0.5
piston / rod -,skoda,octavia,2013,2020,6,59.1833,59.15,0.1772,0.0314,0.003,59.0,59.5,0.5
"shock absorbers rear - , e-(rear)",vw,golf,1992,1999,6,59.1833,59.15,0.1772,0.0314,0.003,59.0,59.5,0.5
"shock absorbers rear - , e-(rear)",vw,golf,2020,2027,6,59.1833,59.15,0.1772,0.0314,0.003,59.0,59.5,0.5
"shock absorbers rear - , e-(right rear)",vw,golf,2013,2020,6,59.1833,59.15,0.1772,0.0314,0.003,59.0,59.5,0.5
shock absorbers rear -(rear),skoda,octavia,2020,2027,6,59.1833,59.15,0.1772,0.0314,0.003,59.0,59.5,0.5
"suspension - , e-(rear)",vw,golf,1998,2006,6,59.1833,59.15,0.1772,0.0314,0.003,59.0,59.5,0.5
"tank lid - , e-(rear)",vw,golf,2009,2013,6,59.1833,59.15,0.1772,0.0314,0.003,59.0,59.5,0.5
"tank transmitters - , e-",vw,golf,2009,2013,6,59.1833,59.15,0.1772,0.0314,0.003,59.0,59.5,0.5
"suspension - , e-(rear)",vw,golf,2013,2020,24,59.1833,59.15,0.1772,0.0314,0.003,59.0,59.5,0.5
gear box bracket -,skoda,octavia,2013,2020,18,59.1833,59.15,0.1772,0.0314,0.003,59.0,59.5,0.5
pulley -,skoda,octavia,2005,2013,18,59.1833,59.15,0.1772,0.0314,0.003,59.0,59.5,0.5
"tank lid - , e-",vw,golf,2013,2020,18,59.1833,59.15,0.1772,0.0314,0.003,59.0,59.5,0.5
caliper bracket -(rear),skoda,octavia,2013,2020,12,56.2167,56.25,0.1772,0.0314,0.0032,56.0,56.5,0.5
airbag krocksensor -,skoda,octavia,2013,2020,12,59.2167,59.25,0.1772,0.0314,0.003,59.0,59.5,0.5
airbag krocksensor -(left front),skoda,octavia,2013,2020,12,59.2167,59.25,0.1772,0.0314,0.003,59.0,59.5,0.5
airbag krocksensor -(right front),skoda,octavia,2013,2020,6,59.2167,59.25,0.1772,0.0314,0.003,59.0,59.5,0.5
caliper bracket -,toyota,corolla,2008,2012,6,56.2167,56.25,0.1772,0.0314,0.0032,56.0,56.5,0.5
dragkrok styrenhet -(rear),skoda,octavia,2013,2020,6,59.2167,59.25,0.1772,0.0314,0.003,59.0,59.5,0.5
"motor bracket - , e-",vw,golf,2004,2009,6,53.2833,53.25,0.1772,0.0314,0.0033,53.1,53.6,0.5
pulley -,toyota,corolla,1993,1997,6,59.2167,59.25,0.1772,0.0314,0.003,59.0,59.5,0.5
pulley -,toyota,corolla,1998,2001,6,59.2167,59.25,0.1772,0.0314,0.003,59.0,59.5,0.5
pulley -,toyota,corolla,2008,2012,6,59.2167,59.25,0.1772,0.0314,0.003,59.0,59.5,0.5
sensor abs -,toyota,corolla,2002,2007,6,59.2167,59.25,0.1772,0.0314,0.003,59.0,59.5,0.5
sensor abs -,toyota,corolla,2008,2012,6,59.2167,59.25,0.1772,0.0314,0.003,59.0,59.5,0.5
shock absorbers rear -(left rear),toyota,corolla,2002,2007,6,59.2167,59.25,0.1772,0.0314,0.003,59.0,59.5,0.5
sump -,toyota,corolla,1998,2001,6,59.2167,59.25,0.1772,0.0314,0.003,59.0,59.5,0.5
actuator loom -(left rear),toyota,corolla,2019,2027,12,67.4833,67.45,0.1772,0.0314,0.0026,67.3,67.8,0.5
actuator loom -(left front),toyota,corolla,2019,2027,6,67.4833,67.45,0.1772,0.0314,0.0026,67.3,67.8,0.5
actuator loom -(right front),toyota,corolla,2019,2027,6,67.4833,67.45,0.1772,0.0314,0.0026,67.3,67.8,0.5
gear box bracket -,skoda,octavia,1996,2011,6,55.4,55.4,0.1732,0.03,0.0031,55.2,55.7,0.5
rear sensor -,toyota,corolla,2019,2027,19,59.2158,59.2,0.1725,0.0298,0.0029,59.0,59.5,0.5
caliper bracket -,toyota,corolla,2019,2027,5,67.52,67.5,0.172,0.0296,0.0025,67.3,67.8,0.5
rear sensor -(interior),toyota,corolla,2019,2027,13,59.2154,59.2,0.1703,0.029,0.0029,59.0,59.5,0.5
motor bracket -,skoda,octavia,2013,2020,29,59.1724,59.1,0.17,0.0289,0.0029,59.0,59.5,0.5
"parkeringshjälp frontsensor - , e-",vw,golf,2013,2020,29,59.1724,59.1,0.17,0.0289,0.0029,59.0,59.5,0.5
"air throttle housing / throttle housing - , e-",vw,golf,1998,2006,7,59.1857,59.2,0.1641,0.0269,0.0028,59.0,59.5,0.5
suspension-(rear),skoda,octavia,2013,2020,3,47.4,47.4,0.1633,0.0267,0.0034,47.2,47.6,0.4
"rear sensor- , e-",vw,golf,2013,2020,2,59.15,59.15,0.15,0.0225,0.0025,59.0,59.3,0.3
"avgas temperaturgivare - , e-",vw,golf,2013,2020,5,47.34,47.3,0.1497,0.0224,0.0032,47.2,47.6,0.4
"trailing link rear - , e-(right rear upper)",vw,golf,2004,2009,5,47.34,47.3,0.1497,0.0224,0.0032,47.2,47.6,0.4
tank lid -,skoda,octavia,1996,2011,5,47.36,47.4,0.1497,0.0224,0.0032,47.2,47.6,0.4
brake intensity regulator -,toyota,corolla,2002,2007,25,47.36,47.4,0.1497,0.0224,0.0032,47.2,47.6,0.4
"caliper bracket - , e-(right front)",vw,golf,2013,2020,6,50.5667,50.55,0.1491,0.0222,0.0029,50.4,50.8,0.4
"gear box bracket - , e-",vw,golf,1998,2006,6,53.2667,53.25,0.1491,0.0222,0.0028,53.1,53.5,0.4
"valve cap - , e-",vw,golf,1998,2006,6,53.2667,53.25,0.1491,0.0222,0.0028,53.1,53.5,0.4
"coil - , e-",vw,golf,1998,2006,18,53.2667,53.25,0.1491,0.0222,0.0028,53.1,53.5,0.4
"avgas temperaturgivare - , e-",vw,golf,2009,2013,12,53.2667,53.25,0.1491,0.0222,0.0028,53.1,53.5,0.4
caliper bracket -(left rear),toyota,corolla,2002,2007,12,53.2833,53.3,0.1462,0.0214,0.0027,53.1,53.5,0.4
"trailing link rear - , e-(right upper)",vw,golf,2013,2020,17,47.3471,47.3,0.1419,0.0201,0.003,47.2,47.6,0.4
"caliper bracket - , e-(left front)",vw,golf,2013,2020,5,50.6,50.6,0.1414,0.02,0.0028,50.4,50.8,0.4
"gear box bracket - , e-",vw,golf,2004,2009,5,53.3,53.3,0.1414,0.02,0.0027,53.1,53.5,0.4
"gear box cushion - , e-",vw,golf,2013,2020,24,47.35,47.35,0.1384,0.0192,0.0029,47.2,47.6,0.4
"brake disc - , e-(rear)",vw,golf,2013,2020,18,47.35,47.35,0.1384,0.0192,0.0029,47.2,47.6,0.4
tank transmitters -,skoda,octavia,2005,2013,18,47.35,47.35,0.1384,0.0192,0.0029,47.2,47.6,0.4
"trailing link rear - , e-(left upper)",vw,golf,2009,2013,18,47.35,47.35,0.1384,0.0192,0.0029,47.2,47.6,0.4
"brake disc - , e-(front)",vw,golf,2013,2020,12,47.35,47.35,0.1384,0.0192,0.0029,47.2,47.6,0.4
carbon canister -,skoda,octavia,2013,2020,12,47.35,47.35,0.1384,0.0192,0.0029,47.2,47.6,0.4
"gear box bracket - , e-",vw,golf,2013,2020,12,47.35,47.35,0.1384,0.0192,0.0029,47.2,47.6,0.4
suspension -(rear),skoda,octavia,2020,2027,12,47.35,47.35,0.1384,0.0192,0.0029,47.2,47.6,0.4
"airbag krocksensor - , e-(right front)",vw,golf,2013,2020,6,47.35,47.35,0.1384,0.0192,0.0029,47.2,47.6,0.4
"airbag krocksensor - , e-(right)",vw,golf,2004,2009,6,47.35,47.35,0.1384,0.0192,0.0029,47.2,47.6,0.4
"alternator bracket / accessories - , e-",vw,golf,1992,1999,6,47.35,47.35,0.1384,0.0192,0.0029,47.2,47.6,0.4
"alternator bracket / accessories - , e-",vw,golf,2009,2013,6,47.35,47.35,0.1384,0.0192,0.0029,47.2,47.6,0.4
"battery cable - , e-",vw,golf,2013,2020,6,47.35,47.35,0.1384,0.0192,0.0029,47.2,47.6,0.4
"caliper bracket - , e-",vw,golf,2004,2009,6,47.35,47.35,0.1384,0.0192,0.0029,47.2,47.6,0.4
"caliper bracket - , e-(right rear)",vw,golf,1998,2006,6,47.35,47.35,0.1384,0.0192,0.0029,47.2,47.6,0.4
"gear box bracket - , e-",vw,golf,2009,2013,6,47.35,47.35,0.1384,0.0192,0.0029,47.2,47.6,0.4
"gear box cushion - , e-",vw,golf,2009,2013,6,47.35,47.35,0.1384,0.0192,0.0029,47.2,47.6,0.4
suspension -(rear),skoda,octavia,2005,2013,6,47.35,47.35,0.1384,0.0192,0.0029,47.2,47.6,0.4
tank lid -,skoda,octavia,2013,2020,6,47.35,47.35,0.1384,0.0192,0.0029,47.2,47.6,0.4
tank lid -,skoda,octavia,2020,2027,6,47.35,47.35,0.1384,0.0192,0.0029,47.2,47.6,0.4
"tank lid - , e-",vw,golf,2009,2013,6,47.35,47.35,0.1384,0.0192,0.0029,47.2,47.6,0.4
"trailing link rear - , e-(left rear upper)",vw,golf,2004,2009,6,47.35,47.35,0.1384,0.0192,0.0029,47.2,47.6,0.4
"trailing link rear - , e-(left upper)",vw,golf,2013,2020,6,47.35,47.35,0.1384,0.0192,0.0029,47.2,47.6,0.4
"trailing link rear - , e-(right upper)",vw,golf,2009,2013,6,47.35,47.35,0.1384,0.0192,0.0029,47.2,47.6,0.4
"valve cap - , e-",vw,golf,2013,2020,6,47.35,47.35,0.1384,0.0192,0.0029,47.2,47.6,0.4
airbag front sensor -(right),toyota,corolla,2002,2007,24,47.3667,47.4,0.1374,0.0189,0.0029,47.2,47.6,0.4
piston / rod -,toyota,corolla,2008,2012,12,47.3667,47.4,0.1374,0.0189,0.0029,47.2,47.6,0.4
airbag front sensor -(right front),toyota,corolla,1998,2001,6,47.3667,47.4,0.1374,0.0189,0.0029,47.2,47.6,0.4
airbag front sensor -(right front),toyota,corolla,2008,2012,6,47.3667,47.4,0.1374,0.0189,0.0029,47.2,47.6,0.4
gear box bracket -(rear),toyota,corolla,1998,2001,6,47.3667,47.4,0.1374,0.0189,0.0029,47.2,47.6,0.4
gear box bracket -(rear),toyota,corolla,2008,2012,6,47.3667,47.4,0.1374,0.0189,0.0029,47.2,47.6,0.4
strut rear -(left rear),toyota,corolla,1998,2001,6,47.3667,47.4,0.1374,0.0189,0.0029,47.2,47.6,0.4
sump -,toyota,corolla,2002,2007,6,47.3667,47.4,0.1374,0.0189,0.0029,47.2,47.6,0.4
sump -,toyota,corolla,2008,2012,6,47.3667,47.4,0.1374,0.0189,0.0029,47.2,47.6,0.4
load air pressure transmitters -,skoda,octavia,2005,2013,18,37.8833,37.85,0.1344,0.0181,0.0035,37.7,38.1,0.4
piston / rod -,toyota,corolla,1998,2001,19,47.3684,47.4,0.134,0.018,0.0028,47.2,47.6,0.4
airbag front sensor -(right front),toyota,corolla,2002,2007,11,47.3818,47.4,0.1336,0.0179,0.0028,47.2,47.6,0.4
"caliper bracket - , e-",vw,golf,1998,2006,5,47.38,47.4,0.1327,0.0176,0.0028,47.2,47.6,0.4
airbag front sensor -(left),toyota,corolla,2002,2007,13,47.3692,47.4,0.1323,0.0175,0.0028,47.2,47.6,0.4
tank lid -,toyota,corolla,2013,2018,7,47.3714,47.4,0.1278,0.0163,0.0027,47.2,47.6,0.4
gear box bracket -,toyota,corolla,1998,2001,12,47.35,47.4,0.119,0.0142,0.0025,47.2,47.6,0.4
parkeringshjälp frontsensor -(interior),skoda,octavia,2020,2027,5,59.12,59.1,0.1166,0.0136,0.002,59.0,59.3,0.3
other sensor -,skoda,octavia,2013,2020,15,35.5267,35.5,0.1123,0.0126,0.0032,35.4,35.7,0.3
battery box / fixing / holder -,skoda,octavia,2013,2020,12,35.5333,35.55,0.1106,0.0122,0.0031,35.4,35.7,0.3
battery box / fixing / holder -(front),skoda,octavia,2013,2020,12,35.5333,35.55,0.1106,0.0122,0.0031,35.4,35.7,0.3
tank transmitters -,toyota,corolla,1988,1992,12,35.5333,35.55,0.1106,0.0122,0.0031,35.4,35.7,0.3
airbag front sensor -(left front),toyota,corolla,2002,2007,6,35.5333,35.55,0.1106,0.0122,0.0031,35.4,35.7,0.3
battery box / fixing / holder -,skoda,octavia,2005,2013,6,35.5333,35.55,0.1106,0.0122,0.0031,35.4,35.7,0.3
signal horn -(front),skoda,octavia,2013,2020,6,35.5333,35.55,0.1106,0.0122,0.0031,35.4,35.7,0.3
sump -,toyota,corolla,2013,2018,6,35.5333,35.55,0.1106,0.0122,0.0031,35.4,35.7,0.3
wiper arm motor relay -,toyota,corolla,1998,2001,6,35.5333,35.55,0.1106,0.0122,0.0031,35.4,35.7,0.3
clutch cylinder slave -,toyota,corolla,2008,2012,6,32.6333,32.65,0.1106,0.0122,0.0034,32.5,32.8,0.3
"battery box / fixing / holder - , e-",vw,golf,2013,2020,17,35.5176,35.5,0.1097,0.012,0.0031,35.4,35.7,0.3
"ignition diesel relay - , e-",vw,golf,2009,2013,5,35.5,35.5,0.1095,0.012,0.0031,35.4,35.7,0.3
ignition diesel relay -,skoda,octavia,2005,2013,28,29.6143,29.6,0.1093,0.0119,0.0037,29.5,29.8,0.3
"signal horn - , e-",vw,golf,2009,2013,29,29.6172,29.6,0.1085,0.0118,0.0037,29.5,29.8,0.3
parkeringshjälp frontsensor -,toyota,corolla,2013,2018,10,47.38,47.4,0.1077,0.0116,0.0023,47.2,47.6,0.4
"sensor steering - , e-",vw,golf,2004,2009,30,35.5167,35.5,0.1067,0.0114,0.003,35.4,35.7,0.3
"airbag front sensor - , e-(right front)",vw,golf,2013,2020,6,35.5167,35.5,0.1067,0.0114,0.003,35.4,35.7,0.3
"belt tensioner for fan belt - , e-",vw,golf,2004,2009,6,35.5167,35.5,0.1067,0.0114,0.003,35.4,35.7,0.3
carbon canister -,skoda,octavia,1996,2011,6,35.5167,35.5,0.1067,0.0114,0.003,35.4,35.7,0.3
"carbon canister - , e-",vw,golf,1992,1999,6,35.5167,35.5,0.1067,0.0114,0.003,35.4,35.7,0.3
"central lock control unit - , e-",vw,golf,1998,2006,6,35.5167,35.5,0.1067,0.0114,0.003,35.4,35.7,0.3
"ignition diesel relay - , e-",vw,golf,1992,1999,6,35.5167,35.5,0.1067,0.0114,0.003,35.4,35.7,0.3
"load air pressure transmitters - , e-",vw,golf,2004,2009,6,41.4167,41.4,0.1067,0.0114,0.0026,41.3,41.6,0.3
"load air pressure transmitters - , e-",vw,golf,2009,2013,6,41.4167,41.4,0.1067,0.0114,0.0026,41.3,41.6,0.3
"other transmitters - , e-",vw,golf,1998,2006,6,35.5167,35.5,0.1067,0.0114,0.003,35.4,35.7,0.3
rubber bellow / tube -,skoda,octavia,2005,2013,6,41.4167,41.4,0.1067,0.0114,0.0026,41.3,41.6,0.3
"rubber bellow / tube - , e-",vw,golf,2004,2009,6,35.5167,35.5,0.1067,0.0114,0.003,35.4,35.7,0.3
"rubber bellow / tube - , e-",vw,golf,2009,2013,6,35.5167,35.5,0.1067,0.0114,0.003,35.4,35.7,0.3
"carbon canister - , e-",vw,golf,2009,2013,24,41.4167,41.4,0.1067,0.0114,0.0026,41.3,41.6,0.3
alternator bracket / accessories -,skoda,octavia,1996,2011,12,35.5167,35.5,0.1067,0.0114,0.003,35.4,35.7,0.3
"battery box / fixing / holder - , e-",vw,golf,2009,2013,12,35.5167,35.5,0.1067,0.0114,0.003,35.4,35.7,0.3
load air pressure transmitters -,skoda,octavia,2013,2020,12,35.5167,35.5,0.1067,0.0114,0.003,35.4,35.7,0.3
"load air pressure transmitters - , e-",vw,golf,2013,2020,18,41.4167,41.4,0.1067,0.0114,0.0026,41.3,41.6,0.3
tank transmitters -,skoda,octavia,1996,2011,12,41.4167,41.4,0.1067,0.0114,0.0026,41.3,41.6,0.3
carbon canister -,toyota,corolla,1993,1997,12,29.6167,29.6,0.1067,0.0114,0.0036,29.5,29.8,0.3
"oil filter holder - , e-",vw,golf,2004,2009,6,29.6167,29.6,0.1067,0.0114,0.0036,29.5,29.8,0.3
sensor tire pressure -,toyota,corolla,2019,2027,18,29.6167,29.6,0.1067,0.0114,0.0036,29.5,29.8,0.3
trailing link rear -(left exterior rear),skoda,octavia,2005,2013,4,70.9,70.9,0.1,0.01,0.0014,70.8,71.0,0.2
fuel pump electric-,toyota,corolla,1993,1997,2,100.7,100.7,0.1,0.01,0.001,100.6,100.8,0.2
trailing link rear-(left exterior rear),skoda,octavia,2005,2013,2,71.3,71.3,0.1,0.01,0.0014,71.2,71.4,0.2
trailing link rear-(left),toyota,corolla,2019,2027,2,70.9,70.9,0.1,0.01,0.0014,70.8,71.0,0.2
hub rear-(rear),toyota,corolla,2002,2007,3,94.7667,94.7,0.0943,0.0089,0.001,94.7,94.9,0.2
mapp sensor -,toyota,corolla,1988,1992,3,59.3667,59.3,0.0943,0.0089,0.0016,59.3,59.5,0.2
trailing link rear -(right upper),skoda,octavia,2005,2013,12,26.0333,26.0,0.0943,0.0089,0.0036,25.9,26.2,0.3
wiper arm motor relay -,toyota,corolla,2008,2012,5,31.98,32.0,0.0748,0.0056,0.0023,31.9,32.1,0.2
"sensor ac inner temperature - , e-",vw,golf,2004,2009,11,23.6818,23.7,0.0716,0.0051,0.003,23.6,23.8,0.2
strut bearing rear -(rear),toyota,corolla,1988,1992,30,23.6833,23.7,0.0687,0.0047,0.0029,23.6,23.8,0.2
other relay -,skoda,octavia,1996,2011,12,23.6833,23.7,0.0687,0.0047,0.0029,23.6,23.8,0.2
sensor ac inner temperature -,skoda,octavia,2013,2020,12,23.6833,23.7,0.0687,0.0047,0.0029,23.6,23.8,0.2
belt tensioner for fan belt -,skoda,octavia,1996,2011,6,23.6833,23.7,0.0687,0.0047,0.0029,23.6,23.8,0.2
"brake disc - , e-(front)",vw,golf,1992,1999,6,23.6833,23.7,0.0687,0.0047,0.0029,23.6,23.8,0.2
cam belt / transmission cap -,skoda,octavia,2005,2013,6,23.6833,23.7,0.0687,0.0047,0.0029,23.6,23.8,0.2
"dipstick - , e-",vw,golf,1992,1999,6,23.6833,23.7,0.0687,0.0047,0.0029,23.6,23.8,0.2
"dipstick - , e-",vw,golf,2004,2009,6,23.6833,23.7,0.0687,0.0047,0.0029,23.6,23.8,0.2
"other airbags - , e-",vw,golf,1992,1999,6,23.6833,23.7,0.0687,0.0047,0.0029,23.6,23.8,0.2
other relay -,skoda,octavia,2013,2020,6,24.8833,24.9,0.0687,0.0047,0.0028,24.8,25.0,0.2
"sensor ac inner temperature - , e-",vw,golf,1992,1999,6,23.6833,23.7,0.0687,0.0047,0.0029,23.6,23.8,0.2
"sensor ac inner temperature - , e-",vw,golf,2009,2013,6,23.6833,23.7,0.0687,0.0047,0.0029,23.6,23.8,0.2
"sensor ac inner temperature - , e-(front centre)",vw,golf,2004,2009,6,23.6833,23.7,0.0687,0.0047,0.0029,23.6,23.8,0.2
"stolsvärme styrenhet/relä - , e-(left front)",vw,golf,2009,2013,6,23.6833,23.7,0.0687,0.0047,0.0029,23.6,23.8,0.2
strut bearing rear -(left rear),toyota,corolla,1998,2001,6,23.6833,23.7,0.0687,0.0047,0.0029,23.6,23.8,0.2
air-flow sensor -,toyota,corolla,2002,2007,32,23.6844,23.7,0.0667,0.0044,0.0028,23.6,23.8,0.2
sump -,toyota,corolla,1983,1987,5,23.7,23.7,0.0632,0.004,0.0027,23.6,23.8,0.2
cam belt / transmission cap -,skoda,octavia,2013,2020,24,17.75,17.75,0.05,0.0025,0.0028,17.7,17.8,0.1
"ignition module - , e-",vw,golf,1984,1991,12,17.75,17.75,0.05,0.0025,0.0028,17.7,17.8,0.1
clutch cylinder main -,skoda,octavia,2005,2013,6,17.75,17.75,0.05,0.0025,0.0028,17.7,17.8,0.1
"dipstick - , e-",vw,golf,2009,2013,6,17.75,17.75,0.05,0.0025,0.0028,17.7,17.8,0.1
"fuel tank lid - , e-",vw,golf,1992,1999,6,17.75,17.75,0.05,0.0025,0.0028,17.7,17.8,0.1
"fuel tank lid - , e-",vw,golf,2009,2013,6,17.75,17.75,0.05,0.0025,0.0028,17.7,17.8,0.1
ignition diesel relay-,skoda,octavia,2005,2013,2,29.65,29.65,0.05,0.0025,0.0017,29.6,29.7,0.1
"fuel tank lid - , e-",vw,golf,1998,2006,17,17.7471,17.7,0.0499,0.0025,0.0028,17.7,17.8,0.1
brake disc -(rear),skoda,octavia,2005,2013,11,11.8545,11.9,0.0498,0.0025,0.0042,11.8,11.9,0.1
sensor ac inner temperature -,skoda,octavia,2005,2013,18,18.9333,18.9,0.0471,0.0022,0.0025,18.9,19.0,0.1
other relay -,skoda,octavia,2005,2013,12,17.7667,17.8,0.0471,0.0022,0.0027,17.7,17.8,0.1
other sensor-,skoda,octavia,2013,2020,3,35.4667,35.5,0.0471,0.0022,0.0013,35.4,35.5,0.1
"brake shield - , e-(rear)",vw,golf,1998,2006,6,11.8333,11.8,0.0471,0.0022,0.004,11.8,11.9,0.1
"cam belt / transmission cap - , e-",vw,golf,1998,2006,6,11.8333,11.8,0.0471,0.0022,0.004,11.8,11.9,0.1
rear sensor -(exterior),toyota,corolla,2019,2027,3,59.2,59.2,0.0,0.0,0.0,59.2,59.2,0.0
"airbag front sensor - , e-(left)",vw,golf,2004,2009,6,5.9,5.9,0.0,0.0,0.0,5.9,5.9,0.0
"airbag front sensor - , e-(right)",vw,golf,2004,2009,6,5.9,5.9,0.0,0.0,0.0,5.9,5.9,0.0
suspension -(rear),toyota,corolla,2008,2012,8,35.5,35.5,0.0,0.0,0.0,35.5,35.5,0.0
rear sensor -(centre),toyota,corolla,2019,2027,4,59.2,59.2,0.0,0.0,0.0,59.2,59.2,0.0
starter gasoline -,toyota,corolla,2013,2018,4,94.7,94.7,0.0,0.0,0.0,94.7,94.7,0.0
mass air-flow sensor -,toyota,corolla,2008,2012,3,71.0,71.0,0.0,0.0,0.0,71.0,71.0,0.0
sensor abs -,toyota,corolla,1993,1997,3,41.4,41.4,0.0,0.0,0.0,41.4,41.4,0.0
bensin/dieselvärmare styrenhet-,skoda,octavia,2013,2020,2,94.4,94.4,0.0,0.0,0.0,94.4,94.4,0.0
brake disc-(front),skoda,octavia,2005,2013,2,11.8,11.8,0.0,0.0,0.0,11.8,11.8,0.0
coil -,toyota,corolla,1998,2001,2,47.4,47.4,0.0,0.0,0.0,47.4,47.4,0.0
coil -,toyota,corolla,2019,2027,2,47.4,47.4,0.0,0.0,0.0,47.4,47.4,0.0
"dörr styrenhet- , e-(right)",vw,golf,2013,2020,2,106.8,106.8,0.0,0.0,0.0,106.8,106.8,0.0
other relay -,toyota,corolla,1998,2001,2,35.5,35.5,0.0,0.0,0.0,35.5,35.5,0.0
rear axle beam-,toyota,corolla,2019,2027,2,415.2,415.2,0.0,0.0,0.0,415.2,415.2,0.0
starter diesel-,toyota,corolla,2008,2012,2,59.2,59.2,0.0,0.0,0.0,59.2,59.2,0.0
steering wheel airbag -,toyota,corolla,2008,2012,2,260.5,260.5,0.0,0.0,0.0,260.5,260.5,0.0
suspension -(rear),toyota,corolla,2013,2018,2,35.5,35.5,0.0,0.0,0.0,35.5,35.5,0.0
trailing link rear -(left),toyota,corolla,1993,1997,2,59.2,59.2,0.0,0.0,0.0,59.2,59.2,0.0
trailing link rear -(right),toyota,corolla,1993,1997,2,59.2,59.2,0.0,0.0,0.0,59.2,59.2,0.0
abs hydraulic pump -,toyota,corolla,1998,2001,1,236.8,236.8,,,,236.8,236.8,0.0
abs hydraulic pump-,skoda,octavia,2013,2020,1,471.8,471.8,,,,471.8,471.8,0.0
abs hydraulic pump-,toyota,corolla,2019,2027,1,530.9,530.9,,,,530.9,530.9,0.0
actuator loom -(left rear),toyota,corolla,2008,2012,1,59.2,59.2,,,,59.2,59.2,0.0
actuator loom -(left),toyota,corolla,2019,2027,1,56.2,56.2,,,,56.2,56.2,0.0
actuator loom -(right front),toyota,corolla,2002,2007,1,60.4,60.4,,,,60.4,60.4,0.0
actuator loom -(right rear),toyota,corolla,2002,2007,1,60.4,60.4,,,,60.4,60.4,0.0
air purifier -,toyota,corolla,1998,2001,1,63.9,63.9,,,,63.9,63.9,0.0
air purifier-,toyota,corolla,1993,1997,1,77.9,77.9,,,,77.9,77.9,0.0
air purifier-,toyota,corolla,2002,2007,1,71.0,71.0,,,,71.0,71.0,0.0
air purifier-,toyota,corolla,2008,2012,1,71.0,71.0,,,,71.0,71.0,0.0
air purifier-,toyota,corolla,2019,2027,1,94.4,94.4,,,,94.4,94.4,0.0
airbag control unit-,toyota,corolla,2008,2012,1,201.3,201.3,,,,201.3,201.3,0.0
airbag control unit-,toyota,corolla,2019,2027,1,337.8,337.8,,,,337.8,337.8,0.0
airbag front sensor -(left front),toyota,corolla,2008,2012,1,47.4,47.4,,,,47.4,47.4,0.0
airbag front sensor-(right front),toyota,corolla,2002,2007,1,47.2,47.2,,,,47.2,47.2,0.0
aktivt kollisionsskydd sensor-(left),skoda,octavia,2013,2020,1,224.1,224.1,,,,224.1,224.1,0.0
"alternator bracket / accessories- , e-",vw,golf,1998,2006,1,35.5,35.5,,,,35.5,35.5,0.0
alternator-,toyota,corolla,2008,2012,1,142.1,142.1,,,,142.1,142.1,0.0
alternator-,toyota,corolla,2013,2018,1,142.1,142.1,,,,142.1,142.1,0.0
automatic gear -,toyota,corolla,2013,2018,1,2960.0,2960.0,,,,2960.0,2960.0,0.0
"avgas temperaturgivare- , e-",vw,golf,2013,2020,1,47.4,47.4,,,,47.4,47.4,0.0
"battery box / fixing / holder- , e-",vw,golf,2013,2020,1,35.5,35.5,,,,35.5,35.5,0.0
belt tensioner for fan belt-,skoda,octavia,2005,2013,1,23.8,23.8,,,,23.8,23.8,0.0
"brake caliper- , e-(right front)",vw,golf,2013,2020,1,147.5,147.5,,,,147.5,147.5,0.0
"brake caliper- , e-(right rear)",vw,golf,2013,2020,1,180.5,180.5,,,,180.5,180.5,0.0
brake disc-(front),toyota,corolla,1998,2001,1,11.8,11.8,,,,11.8,11.8,0.0
brake disc-(rear),skoda,octavia,2005,2013,1,11.8,11.8,,,,11.8,11.8,0.0
brake servo -,toyota,corolla,1998,2001,1,118.4,118.4,,,,118.4,118.4,0.0
"brake servo - , e-",vw,golf,2009,2013,1,179.9,179.9,,,,179.9,179.9,0.0
brake servo-,skoda,octavia,2013,2020,1,177.6,177.6,,,,177.6,177.6,0.0
"bränslepump styrenhet- , e-",vw,golf,2009,2013,1,55.1,55.1,,,,55.1,55.1,0.0
caliper bracket -(right front),toyota,corolla,2008,2012,1,20.2,20.2,,,,20.2,20.2,0.0
caliper bracket-,toyota,corolla,2019,2027,1,67.3,67.3,,,,67.3,67.3,0.0
"caliper bracket- , e-",vw,golf,1998,2006,1,47.2,47.2,,,,47.2,47.2,0.0
"caliper bracket- , e-(left front)",vw,golf,2013,2020,1,50.4,50.4,,,,50.4,50.4,0.0
caliper bracket-(left front),skoda,octavia,2005,2013,1,59.3,59.3,,,,59.3,59.3,0.0
caliper bracket-(right front),skoda,octavia,2005,2013,1,59.3,59.3,,,,59.3,59.3,0.0
central lock control unit -,toyota,corolla,2008,2012,1,33.7,33.7,,,,33.7,33.7,0.0
clutch cylinder main -,toyota,corolla,1983,1987,1,35.5,35.5,,,,35.5,35.5,0.0
clutch cylinder main -,toyota,corolla,2008,2012,1,27.0,27.0,,,,27.0,27.0,0.0
clutch cylinder main-,toyota,corolla,2002,2007,1,41.6,41.6,,,,41.6,41.6,0.0
clutch cylinder slave -,toyota,corolla,2002,2007,1,29.6,29.6,,,,29.6,29.6,0.0
clutch cylinder slave-,toyota,corolla,1993,1997,1,29.5,29.5,,,,29.5,29.5,0.0
coil-,toyota,corolla,2002,2007,1,53.1,53.1,,,,53.1,53.1,0.0
control unit xenon -,skoda,octavia,2020,2027,1,168.9,168.9,,,,168.9,168.9,0.0
control unit xenon -,toyota,corolla,2008,2012,1,63.9,63.9,,,,63.9,63.9,0.0
curtain airbags -(left),toyota,corolla,2013,2018,1,236.8,236.8,,,,236.8,236.8,0.0
curtain airbags -(right),toyota,corolla,2013,2018,1,236.8,236.8,,,,236.8,236.8,0.0
curtain airbags-(left),toyota,corolla,2019,2027,1,260.5,260.5,,,,260.5,260.5,0.0
deliverer-,toyota,corolla,1998,2001,1,84.1,84.1,,,,84.1,84.1,0.0
deliverer-,toyota,corolla,2002,2007,1,142.3,142.3,,,,142.3,142.3,0.0
diesel injection pump-,skoda,octavia,1996,2011,1,178.5,178.5,,,,178.5,178.5,0.0
diesel tank-,skoda,octavia,2013,2020,1,236.8,236.8,,,,236.8,236.8,0.0
distributors -,toyota,corolla,1983,1987,1,71.0,71.0,,,,71.0,71.0,0.0
"drive shaft- , e-(left rear)",vw,golf,2004,2009,1,160.7,160.7,,,,160.7,160.7,0.0
"drive shaft- , e-(left rear)",vw,golf,2009,2013,1,160.7,160.7,,,,160.7,160.7,0.0
"drive shaft- , e-(right rear)",vw,golf,2013,2020,1,309.4,309.4,,,,309.4,309.4,0.0
drive shaft-(left front),skoda,octavia,2013,2020,1,259.5,259.5,,,,259.5,259.5,0.0
drive shaft-(left front),toyota,corolla,2013,2018,1,236.8,236.8,,,,236.8,236.8,0.0
drive shaft-(left front),toyota,corolla,2019,2027,1,236.8,236.8,,,,236.8,236.8,0.0
drive shaft-(right front),skoda,octavia,2020,2027,1,294.9,294.9,,,,294.9,294.9,0.0
drive shaft-(right front),toyota,corolla,2002,2007,1,236.8,236.8,,,,236.8,236.8,0.0
drive shaft-(right front),toyota,corolla,2008,2012,1,294.9,294.9,,,,294.9,294.9,0.0
drive shaft-(right front),toyota,corolla,2013,2018,1,177.6,177.6,,,,177.6,177.6,0.0
"dörr styrenhet- , e-(left)",vw,golf,2013,2020,1,106.6,106.6,,,,106.6,106.6,0.0
engine block-,skoda,octavia,2005,2013,1,89.0,89.0,,,,89.0,89.0,0.0
engine casing -,toyota,corolla,1998,2001,1,53.3,53.3,,,,53.3,53.3,0.0
engine casing-,toyota,corolla,2008,2012,1,47.4,47.4,,,,47.4,47.4,0.0
"engine casing- , e-",vw,golf,2009,2013,1,70.8,70.8,,,,70.8,70.8,0.0
"engine diesel- , e-",vw,golf,2013,2020,1,3499.3,3499.3,,,,3499.3,3499.3,0.0
engine gasoline-,skoda,octavia,2020,2027,1,4601.2,4601.2,,,,4601.2,4601.2,0.0
engine gasoline-,toyota,corolla,2019,2027,1,3657.4,3657.4,,,,3657.4,3657.4,0.0
fuel filter / holder -,toyota,corolla,1998,2001,1,17.8,17.8,,,,17.8,17.8,0.0
fuel filter / holder-,toyota,corolla,2008,2012,1,35.5,35.5,,,,35.5,35.5,0.0
fuel pump electric-,skoda,octavia,2005,2013,1,141.5,141.5,,,,141.5,141.5,0.0
"fuel tank injection- , e-",vw,golf,1998,2006,1,102.3,102.3,,,,102.3,102.3,0.0
"fuel tank injection- , e-",vw,golf,2004,2009,1,89.3,89.3,,,,89.3,89.3,0.0
"fuel tank lid- , e-",vw,golf,1998,2006,1,17.8,17.8,,,,17.8,17.8,0.0
fuse box / electricity central -,toyota,corolla,1998,2001,1,72.2,72.2,,,,72.2,72.2,0.0
fuse box / electricity central-,toyota,corolla,2002,2007,1,94.7,94.7,,,,94.7,94.7,0.0
gear box 6 speed -(front),toyota,corolla,2008,2012,1,899.8,899.8,,,,899.8,899.8,0.0
gear box 6 speed-,skoda,octavia,2013,2020,1,2358.8,2358.8,,,,2358.8,2358.8,0.0
gear box bracket -,toyota,corolla,2019,2027,1,35.5,35.5,,,,35.5,35.5,0.0
gear box bracket-,toyota,corolla,1998,2001,1,47.6,47.6,,,,47.6,47.6,0.0
"gear box bracket- , e-",vw,golf,2004,2009,1,53.1,53.1,,,,53.1,53.1,0.0
gear distributor box-,skoda,octavia,2013,2020,1,949.0,949.0,,,,949.0,949.0,0.0
gear lever-,toyota,corolla,2002,2007,1,178.5,178.5,,,,178.5,178.5,0.0
gear lever-,toyota,corolla,2019,2027,1,176.9,176.9,,,,176.9,176.9,0.0
"gear lever- , e-",vw,golf,2009,2013,1,176.9,176.9,,,,176.9,176.9,0.0
"gear lever- , e-",vw,golf,2013,2020,1,176.9,176.9,,,,176.9,176.9,0.0
hand brake lever-,skoda,octavia,1996,2011,1,59.2,59.2,,,,59.2,59.2,0.0
hand brake lever-,skoda,octavia,2005,2013,1,59.0,59.0,,,,59.0,59.0,0.0
hand brake lever-,toyota,corolla,2008,2012,1,47.2,47.2,,,,47.2,47.2,0.0
hub rear -(left rear),toyota,corolla,1998,2001,1,71.0,71.0,,,,71.0,71.0,0.0
hub rear -(left rear),toyota,corolla,2002,2007,1,82.9,82.9,,,,82.9,82.9,0.0
hub rear -(rear),toyota,corolla,2008,2012,1,71.0,71.0,,,,71.0,71.0,0.0
hub rear -(right rear),toyota,corolla,1998,2001,1,71.0,71.0,,,,71.0,71.0,0.0
hub rear -(right rear),toyota,corolla,2002,2007,1,112.5,112.5,,,,112.5,112.5,0.0
hub rear-(left rear),toyota,corolla,1993,1997,1,101.1,101.1,,,,101.1,101.1,0.0
"ignition diesel relay- , e-",vw,golf,2004,2009,1,5.9,5.9,,,,5.9,5.9,0.0
"ignition diesel relay- , e-",vw,golf,2009,2013,1,35.6,35.6,,,,35.6,35.6,0.0
injection control unit -,toyota,corolla,1998,2001,1,355.2,355.2,,,,355.2,355.2,0.0
injection control unit -(interior front),toyota,corolla,2002,2007,1,362.3,362.3,,,,362.3,362.3,0.0
injection control unit-,skoda,octavia,2020,2027,1,471.9,471.9,,,,471.9,471.9,0.0
injection control unit-,toyota,corolla,2019,2027,1,535.5,535.5,,,,535.5,535.5,0.0
insp.pump diesel control unit-,skoda,octavia,2005,2013,1,353.9,353.9,,,,353.9,353.9,0.0
"inter axle compl.- , e-",vw,golf,2013,2020,1,471.8,471.8,,,,471.8,471.8,0.0
inverter 12 -> 220 v-(interior rear),skoda,octavia,2013,2020,1,141.5,141.5,,,,141.5,141.5,0.0
kamera utvändig -,toyota,corolla,2013,2018,1,532.8,532.8,,,,532.8,532.8,0.0
kamera utvändig -(rear),toyota,corolla,2019,2027,1,307.8,307.8,,,,307.8,307.8,0.0
kamera utvändig-,skoda,octavia,2013,2020,1,296.5,296.5,,,,296.5,296.5,0.0
knee -(left front),toyota,corolla,2008,2012,1,67.4,67.4,,,,67.4,67.4,0.0
ljusinställning lägesgivare -(front),skoda,octavia,2005,2013,1,83.0,83.0,,,,83.0,83.0,0.0
main cylinder -,toyota,corolla,1993,1997,1,59.2,59.2,,,,59.2,59.2,0.0
main cylinder -,toyota,corolla,2008,2012,1,71.0,71.0,,,,71.0,71.0,0.0
main cylinder -,toyota,corolla,2013,2018,1,59.2,59.2,,,,59.2,59.2,0.0
main cylinder-,skoda,octavia,2013,2020,1,83.0,83.0,,,,83.0,83.0,0.0
main cylinder-,toyota,corolla,1988,1992,1,60.4,60.4,,,,60.4,60.4,0.0
main cylinder-,toyota,corolla,1993,1997,1,60.4,60.4,,,,60.4,60.4,0.0
"main cylinder- , e-",vw,golf,2004,2009,1,72.2,72.2,,,,72.2,72.2,0.0
mass air-flow sensor -,toyota,corolla,1998,2001,1,77.0,77.0,,,,77.0,77.0,0.0
mass air-flow sensor-,toyota,corolla,2002,2007,1,71.0,71.0,,,,71.0,71.0,0.0
motor bracket -,toyota,corolla,1998,2001,1,47.4,47.4,,,,47.4,47.4,0.0
motor bracket -(left front),toyota,corolla,2002,2007,1,35.5,35.5,,,,35.5,35.5,0.0
motor bracket -(rear),toyota,corolla,2002,2007,1,35.5,35.5,,,,35.5,35.5,0.0
motor bracket -(right front),toyota,corolla,1998,2001,1,47.4,47.4,,,,47.4,47.4,0.0
motor bracket-,skoda,octavia,2013,2020,1,59.5,59.5,,,,59.5,59.5,0.0
motor bracket-,toyota,corolla,2002,2007,1,47.4,47.4,,,,47.4,47.4,0.0
motor cushion-,toyota,corolla,2002,2007,1,23.6,23.6,,,,23.6,23.6,0.0
other control unit-,skoda,octavia,2013,2020,1,237.1,237.1,,,,237.1,237.1,0.0
other control unit-,skoda,octavia,2020,2027,1,237.2,237.2,,,,237.2,237.2,0.0
"other control unit- , e-",vw,golf,2020,2027,1,309.4,309.4,,,,309.4,309.4,0.0
other relay -,toyota,corolla,1993,1997,1,35.5,35.5,,,,35.5,35.5,0.0
other relay -,toyota,corolla,2008,2012,1,35.5,35.5,,,,35.5,35.5,0.0
other relay-,toyota,corolla,2002,2007,1,41.6,41.6,,,,41.6,41.6,0.0
"parkeringshjälp frontsensor- , e-",vw,golf,2013,2020,1,59.5,59.5,,,,59.5,59.5,0.0
parking control unit-,skoda,octavia,2013,2020,1,94.9,94.9,,,,94.9,94.9,0.0
passenger airbag-,skoda,octavia,2013,2020,1,486.1,486.1,,,,486.1,486.1,0.0
passenger airbag-,toyota,corolla,2002,2007,1,296.5,296.5,,,,296.5,296.5,0.0
passenger airbag-,toyota,corolla,2019,2027,1,296.5,296.5,,,,296.5,296.5,0.0
piston / rod-,skoda,octavia,2005,2013,1,41.6,41.6,,,,41.6,41.6,0.0
pulley -,toyota,corolla,1983,1987,1,11.8,11.8,,,,11.8,11.8,0.0
rain sensor-,skoda,octavia,2005,2013,1,94.7,94.7,,,,94.7,94.7,0.0
rear axle beam -,toyota,corolla,1988,1992,1,80.5,80.5,,,,80.5,80.5,0.0
"rear axle beam- , e-",vw,golf,2004,2009,1,353.8,353.8,,,,353.8,353.8,0.0
rear axle-,skoda,octavia,2013,2020,1,414.4,414.4,,,,414.4,414.4,0.0
rear gear / diff.-,skoda,octavia,2005,2013,1,1065.6,1065.6,,,,1065.6,1065.6,0.0
rear gear / diff.-,skoda,octavia,2013,2020,1,1179.4,1179.4,,,,1179.4,1179.4,0.0
rear sensor -(rear),skoda,octavia,2005,2013,1,88.9,88.9,,,,88.9,88.9,0.0
rear sensor-,skoda,octavia,2020,2027,1,59.5,59.5,,,,59.5,59.5,0.0
rear sensor-(interior),toyota,corolla,2019,2027,1,59.2,59.2,,,,59.2,59.2,0.0
rear sensor-(rear),skoda,octavia,2013,2020,1,71.4,71.4,,,,71.4,71.4,0.0
"sensor ac inner temperature- , e-",vw,golf,2004,2009,1,23.7,23.7,,,,23.7,23.7,0.0
"shock absorbers rear- , e-(rear)",vw,golf,2004,2009,1,59.2,59.2,,,,59.2,59.2,0.0
shock absorbers rear-(rear),toyota,corolla,2019,2027,1,61.7,61.7,,,,61.7,61.7,0.0
"signal horn- , e-",vw,golf,2009,2013,1,29.6,29.6,,,,29.6,29.6,0.0
starter diesel -,toyota,corolla,1982,1987,1,71.0,71.0,,,,71.0,71.0,0.0
starter diesel-,toyota,corolla,2002,2007,1,70.8,70.8,,,,70.8,70.8,0.0
starter gasoline-,skoda,octavia,2013,2020,1,134.8,134.8,,,,134.8,134.8,0.0
"starter gasoline- , e-",vw,golf,2020,2027,1,148.0,148.0,,,,148.0,148.0,0.0
steering wheel airbag -,toyota,corolla,1993,1997,1,272.3,272.3,,,,272.3,272.3,0.0
steering wheel airbag-,toyota,corolla,2019,2027,1,296.0,296.0,,,,296.0,296.0,0.0
strut rear -(left rear),toyota,corolla,1988,1992,1,35.5,35.5,,,,35.5,35.5,0.0
strut rear -(right rear),toyota,corolla,1998,2001,1,47.4,47.4,,,,47.4,47.4,0.0
strut rear -(right),toyota,corolla,1983,1987,1,29.6,29.6,,,,29.6,29.6,0.0
strut rear-(left),toyota,corolla,1993,1997,1,53.1,53.1,,,,53.1,53.1,0.0
sump-,skoda,octavia,2005,2013,1,107.1,107.1,,,,107.1,107.1,0.0
sump-,skoda,octavia,2013,2020,1,107.1,107.1,,,,107.1,107.1,0.0
sump-,toyota,corolla,1983,1987,1,23.6,23.6,,,,23.6,23.6,0.0
"suspension- , e-(rear)",vw,golf,2020,2027,1,59.2,59.2,,,,59.2,59.2,0.0
tank lid -,toyota,corolla,1993,1997,1,35.5,35.5,,,,35.5,35.5,0.0
tank lid -(right rear),skoda,octavia,2013,2020,1,59.1,59.1,,,,59.1,59.1,0.0
tank lid-,toyota,corolla,2008,2012,1,47.4,47.4,,,,47.4,47.4,0.0
tank transmitters -,toyota,corolla,2008,2012,1,35.5,35.5,,,,35.5,35.5,0.0
trailing link rear -(left rear lower),toyota,corolla,2019,2027,1,71.0,71.0,,,,71.0,71.0,0.0
trailing link rear -(left rear),toyota,corolla,2019,2027,1,71.0,71.0,,,,71.0,71.0,0.0
trailing link rear -(left upper),toyota,corolla,2019,2027,1,71.0,71.0,,,,71.0,71.0,0.0
trailing link rear -(right rear lower),toyota,corolla,2019,2027,1,71.0,71.0,,,,71.0,71.0,0.0
trailing link rear -(right rear),toyota,corolla,2019,2027,1,71.0,71.0,,,,71.0,71.0,0.0
"trailing link rear- , e-(right rear upper)",vw,golf,2004,2009,1,47.4,47.4,,,,47.4,47.4,0.0
"trailing link rear- , e-(right upper)",vw,golf,2013,2020,1,47.4,47.4,,,,47.4,47.4,0.0
"trailing link rear- , e-(right)",vw,golf,2004,2009,1,77.0,77.0,,,,77.0,77.0,0.0
"trailing link rear- , e-(right)",vw,golf,2009,2013,1,82.9,82.9,,,,82.9,82.9,0.0
"trailing link rear- , e-(right)",vw,golf,2020,2027,1,94.7,94.7,,,,94.7,94.7,0.0
trailing link rear-(right rear lower),skoda,octavia,2005,2013,1,83.0,83.0,,,,83.0,83.0,0.0
"wheel bearing spindle shaft - , e-(left rear)",vw,golf,2009,2013,1,200.6,200.6,,,,200.6,200.6,0.0
wheel bearing spindle shaft-(right rear),toyota,corolla,2019,2027,1,206.5,206.5,,,,206.5,206.5,0.0
wiper arm motor relay-,toyota,corolla,2008,2012,1,32.0,32.0,,,,32.0,32.0,0.0
