component_id,component_size,product_id_count,identity_key_count,target_mean,min_row_index
candidate_component_000001,71,26,2,68.95915492957747,4286
candidate_component_000002,70,13,1,285.5414285714285,4155
candidate_component_000003,66,11,1,235.12575757575758,8141
candidate_component_000004,62,22,2,188.31612903225806,4240
candidate_component_000005,62,22,1,68.65806451612903,4291
candidate_component_000006,61,17,2,46.3327868852459,4260
candidate_component_000007,55,20,2,193.9218181818182,3845
candidate_component_000010,54,9,2,49.979629629629635,8235
candidate_component_000008,54,9,1,300.5148148148148,465
candidate_component_000009,54,9,1,156.96851851851855,7709
candidate_component_000011,53,23,2,190.08301886792452,4245
candidate_component_000012,50,20,1,187.736,3840
candidate_component_000013,48,18,2,180.82291666666666,3830
candidate_component_000015,48,8,2,221.9416666666667,8276
candidate_component_000014,48,8,1,240.44375,8137
candidate_component_000016,47,17,1,182.27872340425532,3835
candidate_component_000017,47,9,2,96.74893617021276,4274
candidate_component_000018,44,11,2,330.52500000000003,4160
candidate_component_000019,43,8,1,243.4488372093023,3800
candidate_component_000022,42,7,2,238.53095238095236,3795
candidate_component_000023,42,7,2,48.02619047619047,8245
candidate_component_000024,42,7,2,218.13809523809522,8281
candidate_component_000020,42,7,1,144.57142857142858,19
candidate_component_000021,42,7,1,146.26666666666665,24
candidate_component_000025,41,11,2,47.83902439024391,4225
candidate_component_000031,40,16,2,53.595000000000006,4095
candidate_component_000026,40,15,2,577.635,3825
candidate_component_000030,40,15,2,3612.7300000000005,4024
candidate_component_000027,40,15,1,1287.9025,3945
candidate_component_000028,40,15,1,1013.5825000000001,3950
candidate_component_000029,40,15,1,425.195,3995
candidate_component_000032,39,14,2,2911.8025641025642,4150
candidate_component_000033,38,13,1,611.2236842105264,3925
candidate_component_000038,36,11,2,52.794444444444444,4014
candidate_component_000039,36,11,2,23.955555555555556,4077
candidate_component_000034,36,6,2,231.40277777777777,471
candidate_component_000042,36,6,2,242.65555555555557,8132
candidate_component_000035,36,6,1,244.63333333333333,544
candidate_component_000036,36,6,1,61.75,564
candidate_component_000037,36,6,1,219.97222222222223,614
candidate_component_000040,36,6,1,159.85555555555555,7735
candidate_component_000041,36,6,1,159.85555555555555,7740
candidate_component_000043,36,6,1,261.40555555555557,8146
candidate_component_000044,36,6,1,74.38333333333334,8257
candidate_component_000046,34,12,2,395.88823529411764,4255
candidate_component_000045,34,9,2,1296.979411764706,4195
candidate_component_000048,33,8,2,42.96363636363636,3930
candidate_component_000047,33,7,1,252.28787878787878,480
candidate_component_000049,32,12,1,100.625,4039
candidate_component_000050,32,7,1,23.684375,4135
candidate_component_000051,31,11,2,302.4193548387097,3815
candidate_component_000054,31,6,2,526.9451612903225,3877
candidate_component_000055,31,6,2,140.57096774193548,4090
candidate_component_000052,31,6,1,550.3483870967742,3862
candidate_component_000053,31,6,1,592.0806451612904,3872
candidate_component_000056,30,7,1,177.55,0
candidate_component_000067,30,7,1,219.37,266
candidate_component_000087,30,7,1,3888.4966666666664,7974
candidate_component_000079,30,6,2,165.38,7765
candidate_component_000058,30,6,1,600.7199999999999,51
candidate_component_000064,30,5,2,59.18333333333333,161
candidate_component_000066,30,5,2,29.616666666666667,178
candidate_component_000070,30,5,2,229.15333333333334,477
candidate_component_000073,30,5,2,529.5433333333333,3920
candidate_component_000077,30,5,2,485.5,7694
candidate_component_000080,30,5,2,473.6666666666667,7785
candidate_component_000081,30,5,2,224.76000000000002,7830
candidate_component_000084,30,5,2,29.616666666666667,7890
candidate_component_000085,30,5,2,295.9166666666667,7915
candidate_component_000089,30,5,2,131.14666666666668,7996
candidate_component_000091,30,5,2,59.18333333333333,8044
candidate_component_000095,30,5,2,2342.4700000000003,8180
candidate_component_000096,30,5,2,385.87,8220
candidate_component_000057,30,5,1,197.67333333333332,39
candidate_component_000059,30,5,1,204.78,66
candidate_component_000060,30,5,1,473.46666666666664,111
candidate_component_000061,30,5,1,421.14000000000004,121
candidate_component_000062,30,5,1,449.8,141
candidate_component_000063,30,5,1,19.896666666666665,156
candidate_component_000065,30,5,1,35.516666666666666,173
candidate_component_000068,30,5,1,4096.08,288
candidate_component_000069,30,5,1,26.05,368
candidate_component_000071,30,5,1,2199.2533333333336,509
candidate_component_000072,30,5,1,227.26666666666668,621
candidate_component_000074,30,5,1,31.983333333333334,4140
candidate_component_000075,30,5,1,23.683333333333334,4281
candidate_component_000076,30,5,1,242.75,7689
candidate_component_000078,30,5,1,145.18,7704
candidate_component_000082,30,5,1,49.736666666666665,7860
candidate_component_000083,30,5,1,64.89333333333333,7875
candidate_component_000086,30,5,1,229.62666666666667,7964
candidate_component_000088,30,5,1,130.2,7991
candidate_component_000090,30,5,1,53.86666666666667,8011
candidate_component_000092,30,5,1,245.04,8059
candidate_component_000093,30,5,1,121.91666666666667,8069
candidate_component_000094,30,5,1,122.51333333333334,8170
candidate_component_000100,29,9,1,295.51724137931035,3820
candidate_component_000101,29,9,1,35.53103448275862,3902
candidate_component_000102,29,9,1,39.40689655172414,4124
candidate_component_000098,29,6,2,3870.934482758621,283
candidate_component_000097,29,5,1,268.89310344827584,91
candidate_component_000099,29,5,1,371.35517241379307,554
candidate_component_000104,28,13,2,177.82142857142858,4182
candidate_component_000103,28,8,1,81.41428571428571,4108
candidate_component_000105,28,8,1,60.31428571428571,4215
candidate_component_000106,27,12,1,190.42222222222222,3812
candidate_component_000107,27,12,1,202.26666666666665,3990
candidate_component_000108,27,7,2,45.03703703703704,4185
candidate_component_000110,26,12,1,673.9192307692308,4176
candidate_component_000109,26,11,1,190.8230769230769,3935
candidate_component_000111,26,5,1,399.1461538461538,7795
candidate_component_000112,25,10,1,211.72400000000002,3790
candidate_component_000114,25,10,1,47.136,3942
candidate_component_000115,25,10,1,893.816,4034
candidate_component_000113,25,5,1,47.36,3882
candidate_component_000140,24,14,2,60.53333333333333,4210
candidate_component_000138,24,9,1,56.1875,3962
candidate_component_000139,24,9,1,56.80416666666667,4044
candidate_component_000156,24,6,1,249.44583333333333,8205
candidate_component_000155,24,5,2,982.6833333333334,8192
candidate_component_000120,24,5,1,42.40833333333333,188
candidate_component_000117,24,4,2,199.7458333333333,61
candidate_component_000118,24,4,2,197.67499999999998,71
candidate_component_000128,24,4,2,94.69166666666666,453
candidate_component_000130,24,4,2,1976.4583333333333,504
candidate_component_000135,24,4,2,362.7833333333333,629
candidate_component_000136,24,4,2,14.808333333333335,3856
candidate_component_000141,24,4,2,57.73333333333333,7775
candidate_component_000142,24,4,2,74.0125,7780
candidate_component_000143,24,4,2,94.95416666666667,7851
candidate_component_000144,24,4,2,35.083333333333336,7866
candidate_component_000146,24,4,2,94.7,7925
candidate_component_000150,24,4,2,20.720833333333335,8017
candidate_component_000152,24,4,2,39.94166666666667,8031
candidate_component_000158,24,4,2,76.05833333333334,8263
candidate_component_000116,24,4,1,221.9375,56
candidate_component_000119,24,4,1,26.650000000000002,81
candidate_component_000121,24,4,1,236.73333333333335,211
candidate_component_000122,24,4,1,19.2375,236
candidate_component_000123,24,4,1,34.625,255
candidate_component_000124,24,4,1,45.574999999999996,349
candidate_component_000125,24,4,1,94.7,378
candidate_component_000126,24,4,1,68.07083333333334,398
candidate_component_000127,24,4,1,41.416666666666664,443
candidate_component_000129,24,4,1,3522.15,460
candidate_component_000131,24,4,1,68.95,529
candidate_component_000132,24,4,1,47.35,539
candidate_component_000133,24,4,1,59.18333333333334,575
candidate_component_000134,24,4,1,80.5,591
candidate_component_000137,24,4,1,47.36666666666667,3909
candidate_component_000145,24,4,1,136.11666666666667,7880
candidate_component_000147,24,4,1,97.65833333333335,7934
candidate_component_000148,24,4,1,62.145833333333336,7984
candidate_component_000149,24,4,1,393.5625,8006
candidate_component_000151,24,4,1,17.75,8022
candidate_component_000153,24,4,1,36.99166666666667,8090
candidate_component_000154,24,4,1,95.58749999999999,8118
candidate_component_000157,24,4,1,130.20000000000002,8215
candidate_component_000161,23,11,1,75.6304347826087,4019
candidate_component_000162,23,8,1,95.24782608695654,4029
candidate_component_000159,23,5,1,86.4695652173913,438
candidate_component_000160,23,4,2,438.52608695652174,534
candidate_component_000164,22,7,2,138.86818181818182,4010
candidate_component_000163,22,4,1,59.21363636363637,3967
candidate_component_000166,21,6,1,101.03809523809525,3955
candidate_component_000167,21,6,1,46.804761904761904,4072
candidate_component_000168,21,6,1,314.6380952380952,4206
candidate_component_000165,21,4,1,14.880952380952381,354
candidate_component_000169,21,4,1,133.53809523809525,8074
candidate_component_000171,20,10,2,100.61999999999999,4103
candidate_component_000170,20,4,1,103.64000000000001,393
candidate_component_000178,19,5,2,1102.6894736842105,8230
candidate_component_000172,19,4,1,12.521052631578948,3855
candidate_component_000173,19,4,1,59.215789473684204,3972
candidate_component_000174,19,4,1,124.01578947368422,3985
candidate_component_000175,19,4,1,47.36842105263158,4051
candidate_component_000176,19,4,1,54.852631578947374,4221
candidate_component_000177,19,4,1,59.199999999999996,7901
candidate_component_000180,18,4,1,437.9888888888889,9
candidate_component_000181,18,4,1,530.0166666666667,14
candidate_component_000208,18,4,1,38.46666666666667,423
candidate_component_000189,18,3,2,35.516666666666666,183
candidate_component_000190,18,3,2,22.48888888888889,193
candidate_component_000192,18,3,2,106.53333333333333,218
candidate_component_000196,18,3,2,43.40555555555555,272
candidate_component_000207,18,3,2,17.75,414
candidate_component_000213,18,3,2,177.55,524
candidate_component_000214,18,3,2,47.349999999999994,584
candidate_component_000216,18,3,2,81.68333333333334,594
candidate_component_000228,18,3,2,13.822222222222223,7760
candidate_component_000230,18,3,2,236.83333333333334,7841
candidate_component_000231,18,3,2,268.29999999999995,7885
candidate_component_000232,18,3,2,35.516666666666666,7896
candidate_component_000233,18,3,2,94.7,7905
candidate_component_000236,18,3,2,355.1,7945
candidate_component_000242,18,3,2,106.82222222222222,8002
candidate_component_000250,18,3,2,264.35,8122
candidate_component_000256,18,3,2,83.26111111111112,8266
candidate_component_000179,18,3,1,18.549999999999997,6
candidate_component_000182,18,3,1,102.97777777777777,44
candidate_component_000183,18,3,1,165.73333333333332,58
candidate_component_000184,18,3,1,169.67222222222222,62
candidate_component_000185,18,3,1,47.349999999999994,88
candidate_component_000186,18,3,1,55.23888888888889,102
candidate_component_000187,18,3,1,99.03333333333333,137
candidate_component_000188,18,3,1,177.55,146
candidate_component_000191,18,3,1,51.68888888888889,201
candidate_component_000193,18,3,1,434.0,225
candidate_component_000194,18,3,1,76.52777777777777,230
candidate_component_000195,18,3,1,41.416666666666664,252
candidate_component_000197,18,3,1,53.266666666666666,278
candidate_component_000198,18,3,1,63.12777777777777,293
candidate_component_000199,18,3,1,71.03333333333333,310
candidate_component_000200,18,3,1,122.3111111111111,314
candidate_component_000201,18,3,1,142.03333333333333,319
candidate_component_000202,18,3,1,37.88333333333333,330
candidate_component_000203,18,3,1,49.32222222222222,339
candidate_component_000204,18,3,1,114.41666666666667,358
candidate_component_000205,18,3,1,144.01111111111112,403
candidate_component_000206,18,3,1,173.61111111111111,408
candidate_component_000209,18,3,1,59.18333333333333,428
candidate_component_000210,18,3,1,173.61111111111111,448
candidate_component_000211,18,3,1,193.33333333333334,475
candidate_component_000212,18,3,1,130.2,499
candidate_component_000215,18,3,1,84.83888888888889,590
candidate_component_000217,18,3,1,47.349999999999994,599
candidate_component_000218,18,3,1,75.01111111111112,3977
candidate_component_000219,18,3,1,29.616666666666667,4001
candidate_component_000220,18,3,1,382.8722222222222,4064
candidate_component_000221,18,3,1,126.30000000000001,4082
candidate_component_000222,18,3,1,25.66111111111111,4120
candidate_component_000223,18,3,1,177.61666666666667,7684
candidate_component_000224,18,3,1,86.84444444444445,7722
candidate_component_000225,18,3,1,153.9388888888889,7725
candidate_component_000226,18,3,1,161.82777777777778,7750
candidate_component_000227,18,3,1,179.59444444444446,7751
candidate_component_000229,18,3,1,102.63333333333334,7790
candidate_component_000234,18,3,1,18.93333333333333,7912
candidate_component_000235,18,3,1,102.5888888888889,7921
candidate_component_000237,18,3,1,59.97222222222222,7949
candidate_component_000238,18,3,1,37.88333333333333,7954
candidate_component_000239,18,3,1,47.349999999999994,7959
candidate_component_000240,18,3,1,51.294444444444444,7969
candidate_component_000241,18,3,1,4223.716666666666,7979
candidate_component_000243,18,3,1,59.18333333333333,8037
candidate_component_000244,18,3,1,47.75,8050
candidate_component_000245,18,3,1,245.81111111111113,8064
candidate_component_000246,18,3,1,88.36666666666667,8084
candidate_component_000247,18,3,1,142.03333333333333,8101
candidate_component_000248,18,3,1,51.294444444444444,8104
candidate_component_000249,18,3,1,144.01111111111112,8112
candidate_component_000251,18,3,1,4460.444444444444,8127
candidate_component_000252,18,3,1,986.3888888888889,8175
candidate_component_000253,18,3,1,59.18333333333333,8185
candidate_component_000254,18,3,1,244.63333333333333,8201
candidate_component_000255,18,3,1,83.26111111111112,8262
candidate_component_000262,17,4,1,88.42941176470588,8054
candidate_component_000261,17,3,2,68.39999999999999,7855
candidate_component_000257,17,3,1,236.78235294117647,383
candidate_component_000258,17,3,1,651.6117647058824,7731
candidate_component_000259,17,3,1,119.53529411764706,7815
candidate_component_000260,17,3,1,73.35882352941177,7835
candidate_component_000265,16,8,2,73.25,4067
candidate_component_000267,16,6,2,28.50625,4192
candidate_component_000263,16,6,1,58.475,3964
candidate_component_000266,16,6,1,116.925,4132
candidate_component_000268,16,6,1,60.1,4212
candidate_component_000264,16,4,1,84.64375,4020
candidate_component_000269,15,5,1,31.98,4190
candidate_component_000270,15,3,1,161.96,7745
candidate_component_000272,14,9,1,224.3857142857143,3901
candidate_component_000276,14,5,1,73.10714285714286,4088
candidate_component_000271,14,4,1,43.971428571428575,3889
candidate_component_000273,14,4,1,228.37142857142857,3936
candidate_component_000274,14,4,1,57.57142857142857,4046
candidate_component_000275,14,4,1,57.528571428571425,4054
candidate_component_000277,14,4,1,44.92142857142857,4116
candidate_component_000278,14,4,1,57.1,4220
candidate_component_000279,14,4,1,49.449999999999996,4223
candidate_component_000290,13,8,1,285.45384615384614,4209
candidate_component_000280,13,3,2,46.45384615384615,3887
candidate_component_000289,13,3,2,47.36923076923077,4200
candidate_component_000292,13,3,2,89.23846153846154,8055
candidate_component_000281,13,3,1,258.70769230769235,3899
candidate_component_000282,13,3,1,47.36923076923077,3912
candidate_component_000283,13,3,1,59.215384615384615,3975
candidate_component_000284,13,3,1,43.57692307692308,3981
candidate_component_000285,13,3,1,40.97692307692308,3982
candidate_component_000286,13,3,1,915.823076923077,4036
candidate_component_000287,13,3,1,57.84615384615385,4113
candidate_component_000288,13,3,1,153.94615384615383,4145
candidate_component_000291,13,3,1,680.4846153846154,7730
candidate_component_000293,13,3,1,309.5692307692308,8225
candidate_component_000301,12,3,1,102.18333333333334,136
candidate_component_000321,12,3,1,71.03333333333333,300
candidate_component_000324,12,3,1,100.61666666666667,326
candidate_component_000305,12,2,2,59.18333333333334,171
candidate_component_000308,12,2,2,23.683333333333334,209
candidate_component_000309,12,2,2,106.53333333333335,219
candidate_component_000311,12,2,2,414.2833333333333,228
candidate_component_000320,12,2,2,71.03333333333333,298
candidate_component_000336,12,2,2,180.51666666666665,470
candidate_component_000340,12,2,2,177.54999999999998,526
candidate_component_000346,12,2,2,79.90833333333333,597
candidate_component_000348,12,2,2,94.7,608
candidate_component_000349,12,2,2,227.85,619
candidate_component_000353,12,2,2,346.3416666666667,3897
candidate_component_000354,12,2,2,47.36666666666667,3907
candidate_component_000359,12,2,2,94.73333333333333,4085
candidate_component_000364,12,2,2,54.34166666666667,4233
candidate_component_000368,12,2,2,11.850000000000001,7761
candidate_component_000370,12,2,2,59.21666666666667,7772
candidate_component_000373,12,2,2,227.95833333333334,7807
candidate_component_000376,12,2,2,242.75833333333333,7840
candidate_component_000381,12,2,2,41.43333333333333,7895
candidate_component_000382,12,2,2,94.7,7908
candidate_component_000392,12,2,2,112.45,8001
candidate_component_000394,12,2,2,82.875,8028
candidate_component_000399,12,2,2,207.14166666666665,8065
candidate_component_000407,12,2,2,301.825,8158
candidate_component_000294,12,2,1,532.65,16
candidate_component_000295,12,2,1,47.35,86
candidate_component_000296,12,2,1,82.86666666666666,106
candidate_component_000297,12,2,1,106.53333333333335,117
candidate_component_000298,12,2,1,56.18333333333334,127
candidate_component_000299,12,2,1,177.54999999999998,131
candidate_component_000300,12,2,1,165.73333333333332,134
candidate_component_000302,12,2,1,172.54166666666666,148
candidate_component_000303,12,2,1,254.0583333333333,152
candidate_component_000304,12,2,1,88.77499999999999,168
candidate_component_000306,12,2,1,35.516666666666666,186
candidate_component_000307,12,2,1,59.18333333333334,202
candidate_component_000310,12,2,1,17.75,223
candidate_component_000312,12,2,1,79.28333333333333,232
candidate_component_000313,12,2,1,53.26666666666667,240
candidate_component_000314,12,2,1,53.26666666666667,241
candidate_component_000315,12,2,1,71.03333333333333,245
candidate_component_000316,12,2,1,53.26666666666667,262
candidate_component_000317,12,2,1,42.025,264
candidate_component_000318,12,2,1,59.18333333333334,276
candidate_component_000319,12,2,1,50.30833333333334,296
candidate_component_000322,12,2,1,56.23333333333333,303
candidate_component_000323,12,2,1,109.48333333333333,324
candidate_component_000325,12,2,1,41.43333333333333,329
candidate_component_000326,12,2,1,396.5333333333333,334
candidate_component_000327,12,2,1,352.125,335
candidate_component_000328,12,2,1,295.9166666666667,344
candidate_component_000329,12,2,1,17.758333333333333,365
candidate_component_000330,12,2,1,59.18333333333334,373
candidate_component_000331,12,2,1,59.18333333333334,375
candidate_component_000332,12,2,1,80.49166666666666,419
candidate_component_000333,12,2,1,193.38333333333333,433
candidate_component_000334,12,2,1,177.54999999999998,436
candidate_component_000335,12,2,1,47.94166666666666,458
candidate_component_000337,12,2,1,130.20000000000002,500
candidate_component_000338,12,2,1,47.35,517
candidate_component_000339,12,2,1,1080.0916666666667,519
candidate_component_000341,12,2,1,177.54999999999998,552
candidate_component_000342,12,2,1,864.0666666666666,559
candidate_component_000343,12,2,1,867.025,560
candidate_component_000344,12,2,1,59.18333333333334,577
candidate_component_000345,12,2,1,59.18333333333334,582
candidate_component_000347,12,2,1,94.7,607
candidate_component_000350,12,2,1,296.0333333333333,3810
candidate_component_000351,12,2,1,53.28333333333333,3870
candidate_component_000352,12,2,1,67.48333333333333,3893
candidate_component_000355,12,2,1,41.449999999999996,4004
candidate_component_000356,12,2,1,35.53333333333333,4007
candidate_component_000357,12,2,1,148.03333333333333,4009
candidate_component_000358,12,2,1,47.36666666666667,4049
candidate_component_000360,12,2,1,106.58333333333333,4100
candidate_component_000361,12,2,1,165.79999999999998,4105
candidate_component_000362,12,2,1,29.616666666666664,4118
candidate_component_000363,12,2,1,50.925000000000004,4229
candidate_component_000365,12,2,1,177.61666666666667,7686
candidate_component_000366,12,2,1,444.05833333333334,7699
candidate_component_000367,12,2,1,414.45,7702
candidate_component_000369,12,2,1,56.21666666666667,7770
candidate_component_000371,12,2,1,59.21666666666667,7800
candidate_component_000372,12,2,1,59.21666666666667,7803
candidate_component_000374,12,2,1,473.6666666666667,7825
candidate_component_000375,12,2,1,473.6666666666667,7827
candidate_component_000377,12,2,1,23.683333333333334,7846
candidate_component_000378,12,2,1,17.766666666666666,7848
candidate_component_000379,12,2,1,35.53333333333333,7870
candidate_component_000380,12,2,1,35.53333333333333,7871
candidate_component_000383,12,2,1,23.683333333333334,7910
candidate_component_000384,12,2,1,106.53333333333335,7920
candidate_component_000385,12,2,1,94.7,7930
candidate_component_000386,12,2,1,67.48333333333333,7932
candidate_component_000387,12,2,1,56.23333333333333,7951
candidate_component_000388,12,2,1,35.516666666666666,7957
candidate_component_000389,12,2,1,41.416666666666664,7962
candidate_component_000390,12,2,1,50.30833333333334,7970
candidate_component_000391,12,2,1,23.083333333333332,7989
candidate_component_000393,12,2,1,71.03333333333333,8026
candidate_component_000395,12,2,1,59.18333333333334,8035
candidate_component_000396,12,2,1,32.550000000000004,8040
candidate_component_000397,12,2,1,35.516666666666666,8041
candidate_component_000398,12,2,1,53.26666666666667,8049
candidate_component_000400,12,2,1,142.03333333333333,8080
candidate_component_000401,12,2,1,89.5,8082
candidate_component_000402,12,2,1,88.78333333333335,8085
candidate_component_000403,12,2,1,51.76666666666667,8094
candidate_component_000404,12,2,1,41.43333333333333,8107
candidate_component_000405,12,2,1,47.35,8108
candidate_component_000406,12,2,1,142.03333333333333,8115
candidate_component_000408,12,2,1,147.95833333333334,8166
candidate_component_000409,12,2,1,139.08333333333334,8167
candidate_component_000410,12,2,1,946.9333333333334,8176
candidate_component_000411,12,2,1,32.56666666666667,8196
candidate_component_000412,12,2,1,32.56666666666667,8197
candidate_component_000413,12,2,1,142.03333333333333,8213
candidate_component_000414,12,2,1,47.35,8248
candidate_component_000415,12,2,1,26.03333333333333,8255
candidate_component_000419,11,6,2,234.65454545454543,4164
candidate_component_000416,11,6,1,92.24545454545455,3958
candidate_component_000420,11,3,1,96.9,7823
candidate_component_000422,11,2,2,1183.6363636363637,8231
candidate_component_000417,11,2,1,94.72727272727273,4032
candidate_component_000418,11,2,1,142.0818181818182,4147
candidate_component_000421,11,2,1,306.6636363636364,8228
candidate_component_000425,10,5,1,144.59,3804
candidate_component_000427,10,5,1,39.08,3980
candidate_component_000428,10,5,1,118.28,4133
candidate_component_000426,10,4,1,47.38,3970
candidate_component_000423,10,2,1,159.92000000000002,386
candidate_component_000424,10,2,1,239.85999999999999,390
candidate_component_000429,10,2,1,177.76,7746
candidate_component_000433,9,9,1,120.64444444444445,4326
candidate_component_000434,9,9,1,59.22222222222222,5054
candidate_component_000431,9,4,1,42.22222222222222,4203
candidate_component_000432,9,3,1,46.03333333333333,4269
candidate_component_000435,9,2,2,139.76666666666668,8075
candidate_component_000430,9,2,1,78.82222222222222,4128
candidate_component_000442,8,8,1,85.425,4771
candidate_component_000443,8,8,1,179.075,4867
candidate_component_000444,8,8,1,35.5,5041
candidate_component_000436,8,3,1,44.4,3888
candidate_component_000437,8,3,1,32.575,4005
candidate_component_000438,8,3,1,100.625,4041
candidate_component_000439,8,3,1,100.625,4102
candidate_component_000440,8,3,1,211.6625,4159
candidate_component_000441,8,3,1,42.925,4187
candidate_component_000462,7,7,1,67.65714285714286,4270
candidate_component_000463,7,7,1,124.67142857142856,4316
candidate_component_000466,7,2,2,77.67142857142858,7856
candidate_component_000445,7,2,1,59.18571428571429,441
candidate_component_000446,7,2,1,218.22857142857143,3793
candidate_component_000447,7,2,1,296.0285714285714,3823
candidate_component_000448,7,2,1,66.98571428571428,3867
candidate_component_000449,7,2,1,65.87142857142858,3894
candidate_component_000450,7,2,1,226.94285714285712,3991
candidate_component_000451,7,2,1,43.32857142857143,4075
candidate_component_000452,7,2,1,45.67142857142857,4076
candidate_component_000453,7,2,1,82.89999999999999,4112
candidate_component_000454,7,2,1,47.371428571428574,4115
candidate_component_000455,7,2,1,45.67142857142857,4123
candidate_component_000456,7,2,1,115.85714285714286,4130
candidate_component_000457,7,2,1,118.39999999999999,4131
candidate_component_000458,7,2,1,733.657142857143,4175
candidate_component_000459,7,2,1,632.657142857143,4177
candidate_component_000460,7,2,1,46.51428571428572,4224
candidate_component_000461,7,2,1,55.82857142857143,4230
candidate_component_000464,7,2,1,104.87142857142858,7816
candidate_component_000465,7,2,1,108.94285714285715,7820
candidate_component_000660,6,6,1,128.48333333333332,4317
candidate_component_000661,6,6,1,205.23333333333335,4869
candidate_component_000484,6,1,2,50.56666666666666,97
candidate_component_000486,6,1,2,47.35,99
candidate_component_000492,6,1,2,72.2,110
candidate_component_000500,6,1,2,307.73333333333335,151
candidate_component_000506,6,1,2,35.516666666666666,194
candidate_component_000515,6,1,2,55.083333333333336,216
candidate_component_000518,6,1,2,47.35,244
candidate_component_000541,6,1,2,147.96666666666667,323
candidate_component_000576,6,1,2,88.8,455
candidate_component_000579,6,1,2,159.79999999999998,474
candidate_component_000582,6,1,2,53.26666666666667,514
candidate_component_000589,6,1,2,473.4666666666667,536
candidate_component_000594,6,1,2,59.18333333333334,565
candidate_component_000598,6,1,2,59.18333333333334,574
candidate_component_000600,6,1,2,47.35,586
candidate_component_000609,6,1,2,355.09999999999997,632
candidate_component_000611,6,1,2,296.0333333333333,3818
candidate_component_000612,6,1,2,67.48333333333333,3868
candidate_component_000625,6,1,2,31.983333333333334,3960
candidate_component_000638,6,1,2,23.683333333333334,4063
candidate_component_000642,6,1,2,78.13333333333334,4087
candidate_component_000646,6,1,2,177.61666666666667,4181
candidate_component_000654,6,1,2,100.63333333333333,4272
candidate_component_000671,6,1,2,59.21666666666667,7773
candidate_component_000672,6,1,2,59.21666666666667,7776
candidate_component_000687,6,1,2,473.6666666666667,7829
candidate_component_000694,6,1,2,142.03333333333333,7883
candidate_component_000707,6,1,2,4616.3,7980
candidate_component_000741,6,1,2,71.03333333333333,8261
candidate_component_000742,6,1,2,82.86666666666666,8270
candidate_component_000467,6,1,1,23.683333333333334,5
candidate_component_000468,6,1,1,473.4666666666667,10
candidate_component_000469,6,1,1,414.2833333333333,12
candidate_component_000470,6,1,1,177.54999999999998,29
candidate_component_000471,6,1,1,82.86666666666666,34
candidate_component_000472,6,1,1,82.86666666666666,35
candidate_component_000473,6,1,1,82.86666666666666,36
candidate_component_000474,6,1,1,82.86666666666666,37
candidate_component_000475,6,1,1,82.86666666666666,38
candidate_component_000476,6,1,1,60.36666666666667,45
candidate_component_000477,6,1,1,177.54999999999998,46
candidate_component_000478,6,1,1,94.7,49
candidate_component_000479,6,1,1,82.86666666666666,50
candidate_component_000480,6,1,1,177.54999999999998,57
candidate_component_000481,6,1,1,183.46666666666667,74
candidate_component_000482,6,1,1,23.683333333333334,85
candidate_component_000483,6,1,1,11.833333333333334,96
candidate_component_000485,6,1,1,50.56666666666666,98
candidate_component_000487,6,1,1,47.35,100
candidate_component_000488,6,1,1,47.35,101
candidate_component_000489,6,1,1,59.18333333333334,103
candidate_component_000490,6,1,1,82.86666666666666,108
candidate_component_000491,6,1,1,72.2,109
candidate_component_000493,6,1,1,119.16666666666667,116
candidate_component_000494,6,1,1,100.58333333333333,119
candidate_component_000495,6,1,1,94.7,120
candidate_component_000496,6,1,1,59.18333333333334,126
candidate_component_000497,6,1,1,47.35,129
candidate_component_000498,6,1,1,47.35,130
candidate_component_000499,6,1,1,177.54999999999998,133
candidate_component_000501,6,1,1,260.43333333333334,153
candidate_component_000502,6,1,1,82.86666666666666,166
candidate_component_000503,6,1,1,82.86666666666666,167
candidate_component_000504,6,1,1,94.7,169
candidate_component_000505,6,1,1,47.35,189
candidate_component_000507,6,1,1,35.516666666666666,195
candidate_component_000508,6,1,1,35.516666666666666,198
candidate_component_000509,6,1,1,5.900000000000001,199
candidate_component_000510,6,1,1,5.900000000000001,200
candidate_component_000511,6,1,1,23.683333333333334,206
candidate_component_000512,6,1,1,23.683333333333334,207
candidate_component_000513,6,1,1,23.683333333333334,208
candidate_component_000514,6,1,1,236.73333333333335,212
candidate_component_000516,6,1,1,35.516666666666666,217
candidate_component_000517,6,1,1,23.683333333333334,235
candidate_component_000519,6,1,1,71.03333333333333,247
candidate_component_000520,6,1,1,71.03333333333333,248
candidate_component_000521,6,1,1,59.18333333333334,249
candidate_component_000522,6,1,1,41.416666666666664,250
candidate_component_000523,6,1,1,41.416666666666664,251
candidate_component_000524,6,1,1,35.516666666666666,256
candidate_component_000525,6,1,1,94.7,260
candidate_component_000526,6,1,1,59.18333333333334,261
candidate_component_000527,6,1,1,47.35,271
candidate_component_000528,6,1,1,47.35,273
candidate_component_000529,6,1,1,343.26666666666665,281
candidate_component_000530,6,1,1,295.9166666666667,282
candidate_component_000531,6,1,1,71.03333333333333,302
candidate_component_000532,6,1,1,53.28333333333333,304
candidate_component_000533,6,1,1,59.18333333333334,306
candidate_component_000534,6,1,1,59.18333333333334,307
candidate_component_000535,6,1,1,29.616666666666664,308
candidate_component_000536,6,1,1,71.03333333333333,309
candidate_component_000537,6,1,1,71.03333333333333,313
candidate_component_000538,6,1,1,118.36666666666667,316
candidate_component_000539,6,1,1,118.36666666666667,317
candidate_component_000540,6,1,1,147.96666666666667,322
candidate_component_000542,6,1,1,98.26666666666667,327
candidate_component_000543,6,1,1,378.76666666666665,337
candidate_component_000544,6,1,1,53.26666666666667,340
candidate_component_000545,6,1,1,47.35,343
candidate_component_000546,6,1,1,204.76666666666665,346
candidate_component_000547,6,1,1,189.38333333333333,347
candidate_component_000548,6,1,1,124.28333333333335,348
candidate_component_000549,6,1,1,35.516666666666666,353
candidate_component_000550,6,1,1,11.833333333333334,357
candidate_component_000551,6,1,1,153.86666666666667,359
candidate_component_000552,6,1,1,71.03333333333333,362
candidate_component_000553,6,1,1,23.683333333333334,363
candidate_component_000554,6,1,1,23.683333333333334,364
candidate_component_000555,6,1,1,17.75,366
candidate_component_000556,6,1,1,59.18333333333334,376
candidate_component_000557,6,1,1,94.7,382
candidate_component_000558,6,1,1,60.36666666666667,401
candidate_component_000559,6,1,1,134.93333333333334,406
candidate_component_000560,6,1,1,118.36666666666667,407
candidate_component_000561,6,1,1,177.54999999999998,409
candidate_component_000562,6,1,1,142.03333333333333,412
candidate_component_000563,6,1,1,17.75,413
candidate_component_000564,6,1,1,17.75,416
candidate_component_000565,6,1,1,82.86666666666666,418
candidate_component_000566,6,1,1,82.86666666666666,420
candidate_component_000567,6,1,1,78.11666666666666,421
candidate_component_000568,6,1,1,35.516666666666666,424
candidate_component_000569,6,1,1,35.516666666666666,425
candidate_component_000570,6,1,1,59.18333333333334,429
candidate_component_000571,6,1,1,47.35,432
candidate_component_000572,6,1,1,189.38333333333333,435
candidate_component_000573,6,1,1,35.516666666666666,447
candidate_component_000574,6,1,1,177.54999999999998,450
candidate_component_000575,6,1,1,153.86666666666667,452
candidate_component_000577,6,1,1,3906.1,461
candidate_component_000578,6,1,1,295.9166666666667,466
candidate_component_000580,6,1,1,242.65,498
candidate_component_000581,6,1,1,1775.5,508
candidate_component_000583,6,1,1,53.26666666666667,515
candidate_component_000584,6,1,1,47.35,516
candidate_component_000585,6,1,1,1100.8,520
candidate_component_000586,6,1,1,958.75,522
candidate_component_000587,6,1,1,1006.1166666666667,523
candidate_component_000588,6,1,1,63.93333333333333,532
candidate_component_000590,6,1,1,47.35,543
candidate_component_000591,6,1,1,177.54999999999998,550
candidate_component_000592,6,1,1,177.54999999999998,551
candidate_component_000593,6,1,1,828.5666666666666,562
candidate_component_000595,6,1,1,59.18333333333334,567
candidate_component_000596,6,1,1,59.18333333333334,568
candidate_component_000597,6,1,1,59.18333333333334,571
candidate_component_000599,6,1,1,59.18333333333334,581
candidate_component_000601,6,1,1,47.35,588
candidate_component_000602,6,1,1,82.86666666666666,589
candidate_component_000603,6,1,1,82.86666666666666,596
candidate_component_000604,6,1,1,47.35,600
candidate_component_000605,6,1,1,47.35,601
candidate_component_000606,6,1,1,94.7,604
candidate_component_000607,6,1,1,94.7,606
candidate_component_000608,6,1,1,213.0666666666667,623
candidate_component_000610,6,1,1,201.3166666666667,3794
candidate_component_000613,6,1,1,56.21666666666667,3869
candidate_component_000614,6,1,1,67.48333333333333,3892
candidate_component_000615,6,1,1,67.48333333333333,3895
candidate_component_000616,6,1,1,35.53333333333333,3906
candidate_component_000617,6,1,1,47.36666666666667,3908
candidate_component_000618,6,1,1,47.36666666666667,3910
candidate_component_000619,6,1,1,473.6666666666667,3917
candidate_component_000620,6,1,1,473.6666666666667,3918
candidate_component_000621,6,1,1,473.6666666666667,3919
candidate_component_000622,6,1,1,59.21666666666667,3940
candidate_component_000623,6,1,1,59.21666666666667,3941
candidate_component_000624,6,1,1,100.63333333333333,3956
candidate_component_000626,6,1,1,35.53333333333333,3961
candidate_component_000627,6,1,1,94.73333333333333,3988
candidate_component_000628,6,1,1,94.73333333333333,3989
candidate_component_000629,6,1,1,213.15,3994
candidate_component_000630,6,1,1,71.05,4000
candidate_component_000631,6,1,1,59.21666666666667,4055
candidate_component_000632,6,1,1,59.21666666666667,4056
candidate_component_000633,6,1,1,59.21666666666667,4057
candidate_component_000634,6,1,1,59.21666666666667,4059
candidate_component_000635,6,1,1,47.36666666666667,4060
candidate_component_000636,6,1,1,47.36666666666667,4061
candidate_component_000637,6,1,1,35.53333333333333,4062
candidate_component_000639,6,1,1,94.73333333333333,4068
candidate_component_000640,6,1,1,94.73333333333333,4069
candidate_component_000641,6,1,1,71.05,4071
candidate_component_000643,6,1,1,94.73333333333333,4107
candidate_component_000644,6,1,1,142.1,4148
candidate_component_000645,6,1,1,189.46666666666667,4180
candidate_component_000647,6,1,1,32.63333333333333,4191
candidate_component_000648,6,1,1,47.36666666666667,4201
candidate_component_000649,6,1,1,47.36666666666667,4204
candidate_component_000650,6,1,1,331.53333333333336,4205
candidate_component_000651,6,1,1,59.21666666666667,4214
candidate_component_000652,6,1,1,60.4,4216
candidate_component_000653,6,1,1,47.36666666666667,4228
candidate_component_000655,6,1,1,100.63333333333333,4273
candidate_component_000656,6,1,1,23.683333333333334,4280
candidate_component_000657,6,1,1,71.05,4294
candidate_component_000658,6,1,1,72.23333333333333,4301
candidate_component_000659,6,1,1,72.23333333333333,4302
candidate_component_000662,6,1,1,414.45,7700
candidate_component_000663,6,1,1,153.93333333333334,7706
candidate_component_000664,6,1,1,142.1,7719
candidate_component_000665,6,1,1,142.1,7720
candidate_component_000666,6,1,1,82.89999999999999,7721
candidate_component_000667,6,1,1,157.5,7726
candidate_component_000668,6,1,1,157.5,7727
candidate_component_000669,6,1,1,189.46666666666667,7755
candidate_component_000670,6,1,1,189.46666666666667,7756
candidate_component_000673,6,1,1,82.89999999999999,7781
candidate_component_000674,6,1,1,106.58333333333333,7792
candidate_component_000675,6,1,1,95.91666666666667,7794
candidate_component_000676,6,1,1,59.21666666666667,7802
candidate_component_000677,6,1,1,236.83333333333334,7805
candidate_component_000678,6,1,1,230.91666666666666,7806
candidate_component_000679,6,1,1,230.91666666666666,7808
candidate_component_000680,6,1,1,165.79999999999998,7810
candidate_component_000681,6,1,1,177.61666666666667,7811
candidate_component_000682,6,1,1,159.85,7812
candidate_component_000683,6,1,1,165.79999999999998,7813
candidate_component_000684,6,1,1,59.21666666666667,7818
candidate_component_000685,6,1,1,101.26666666666667,7822
candidate_component_000686,6,1,1,94.73333333333333,7824
candidate_component_000688,6,1,1,82.89999999999999,7836
candidate_component_000689,6,1,1,73.11666666666667,7837
candidate_component_000690,6,1,1,24.883333333333336,7845
candidate_component_000691,6,1,1,100.63333333333333,7850
candidate_component_000692,6,1,1,35.53333333333333,7865
candidate_component_000693,6,1,1,35.53333333333333,7873
candidate_component_000695,6,1,1,295.9166666666667,7886
candidate_component_000696,6,1,1,213.0666666666667,7888
candidate_component_000697,6,1,1,59.18333333333334,7900
candidate_component_000698,6,1,1,94.7,7929
candidate_component_000699,6,1,1,94.7,7938
candidate_component_000700,6,1,1,94.7,7939
candidate_component_000701,6,1,1,94.7,7940
candidate_component_000702,6,1,1,94.7,7941
candidate_component_000703,6,1,1,94.7,7942
candidate_component_000704,6,1,1,94.7,7943
candidate_component_000705,6,1,1,355.09999999999997,7944
candidate_component_000706,6,1,1,355.09999999999997,7948
candidate_component_000708,6,1,1,4142.833333333333,7982
candidate_component_000709,6,1,1,60.36666666666667,7985
candidate_component_000710,6,1,1,355.09999999999997,8010
candidate_component_000711,6,1,1,23.683333333333334,8016
candidate_component_000712,6,1,1,23.683333333333334,8021
candidate_component_000713,6,1,1,59.18333333333334,8030
candidate_component_000714,6,1,1,236.73333333333335,8079
candidate_component_000715,6,1,1,41.416666666666664,8089
candidate_component_000716,6,1,1,47.35,8095
candidate_component_000717,6,1,1,47.35,8096
candidate_component_000718,6,1,1,142.03333333333333,8099
candidate_component_000719,6,1,1,144.4,8100
candidate_component_000720,6,1,1,35.516666666666666,8111
candidate_component_000721,6,1,1,95.88333333333333,8117
candidate_component_000722,6,1,1,284.09999999999997,8123
candidate_component_000723,6,1,1,234.4,8124
candidate_component_000724,6,1,1,4367.75,8128
candidate_component_000725,6,1,1,3965.2833333333333,8131
candidate_component_000726,6,1,1,307.73333333333335,8157
candidate_component_000727,6,1,1,55.4,8187
candidate_component_000728,6,1,1,59.18333333333334,8189
candidate_component_000729,6,1,1,17.75,8190
candidate_component_000730,6,1,1,1006.1166666666667,8191
candidate_component_000731,6,1,1,260.43333333333334,8200
candidate_component_000732,6,1,1,260.43333333333334,8202
candidate_component_000733,6,1,1,236.73333333333335,8207
candidate_component_000734,6,1,1,142.03333333333333,8210
candidate_component_000735,6,1,1,142.03333333333333,8211
candidate_component_000736,6,1,1,142.03333333333333,8212
candidate_component_000737,6,1,1,118.36666666666667,8219
candidate_component_000738,6,1,1,295.9166666666667,8227
candidate_component_000739,6,1,1,59.18333333333334,8237
candidate_component_000740,6,1,1,47.35,8247
candidate_component_000743,6,1,1,82.86666666666666,8271
candidate_component_000750,5,5,1,356.62,4519
candidate_component_000751,5,5,1,57.44,4765
candidate_component_000752,5,5,1,162.2,4860
candidate_component_000753,5,2,1,381.9,5023
candidate_component_000744,5,1,1,260.32,154
candidate_component_000745,5,1,1,331.64,388
candidate_component_000746,5,1,1,331.64,389
candidate_component_000747,5,1,1,266.52,391
candidate_component_000748,5,1,1,94.76,397
candidate_component_000749,5,1,1,213.2,617
candidate_component_000754,5,1,1,165.76,7814
candidate_component_000755,5,1,1,59.2,7858
candidate_component_000756,5,1,1,59.120000000000005,7904
candidate_component_000757,5,1,1,47.36,8098
candidate_component_000758,4,4,1,287.15,4356
candidate_component_000759,4,4,1,137.625,4439
candidate_component_000760,4,4,1,36.525000000000006,4448
candidate_component_000761,4,4,1,65.7,4457
candidate_component_000762,4,4,1,347.79999999999995,4467
candidate_component_000763,4,4,1,266.4,4469
candidate_component_000764,4,4,1,59.2,4613
candidate_component_000765,4,4,1,94.7,4690
candidate_component_000766,4,4,1,37.575,4815
candidate_component_000767,4,4,1,190.9,4855
candidate_component_000768,4,1,1,426.7,9005
candidate_component_000770,3,3,1,37.46666666666667,4477
candidate_component_000771,3,3,1,49.53333333333333,4492
candidate_component_000772,3,3,1,37.46666666666667,4508
candidate_component_000773,3,3,1,380.8666666666666,4516
candidate_component_000774,3,3,1,33.53333333333333,4537
candidate_component_000775,3,3,1,41.4,4562
candidate_component_000776,3,3,1,59.20000000000001,4610
candidate_component_000777,3,3,1,126.26666666666665,4652
candidate_component_000779,3,3,1,71.0,4805
candidate_component_000780,3,3,1,39.46666666666667,4972
candidate_component_000778,3,2,1,85.7,4736
candidate_component_000769,3,1,1,355.90000000000003,2382
candidate_component_000781,3,1,1,59.36666666666667,6317
candidate_component_000782,2,2,1,180.55,4306
candidate_component_000783,2,2,1,260.5,4374
candidate_component_000784,2,2,1,485.45,4437
candidate_component_000785,2,2,1,124.3,4442
candidate_component_000786,2,2,1,50.349999999999994,4446
candidate_component_000787,2,2,1,32.05,4451
candidate_component_000788,2,2,1,38.45,4479
candidate_component_000789,2,2,1,50.900000000000006,4491
candidate_component_000790,2,2,1,35.5,4538
candidate_component_000791,2,2,1,112.5,4657
candidate_component_000792,2,2,1,47.4,4663
candidate_component_000793,2,2,1,47.4,4668
candidate_component_000794,2,2,1,83.5,4698
candidate_component_000795,2,2,1,787.35,4706
candidate_component_000796,2,2,1,59.2,4740
candidate_component_000797,2,2,1,11.850000000000001,4820
candidate_component_000798,2,2,1,25.7,4922
candidate_component_000799,2,2,1,26.65,4937
candidate_component_000800,2,2,1,29.6,4978
candidate_component_000801,2,2,1,31.549999999999997,4982
candidate_component_000802,2,2,1,35.5,5045
candidate_component_000803,2,2,1,59.2,5081
candidate_component_000804,2,2,1,59.2,5087
candidate_component_000805,1,1,1,179.9,93
candidate_component_000806,1,1,1,200.6,1251
candidate_component_000807,1,1,1,112.5,4271
candidate_component_000808,1,1,1,236.8,4337
candidate_component_000809,1,1,1,236.8,4338
candidate_component_000810,1,1,1,67.4,4354
candidate_component_000811,1,1,1,272.3,4371
candidate_component_000812,1,1,1,296.0,4373
candidate_component_000813,1,1,1,118.4,4445
candidate_component_000814,1,1,1,20.2,4455
candidate_component_000815,1,1,1,71.0,4459
candidate_component_000816,1,1,1,60.4,4461
candidate_component_000817,1,1,1,60.4,4462
candidate_component_000818,1,1,1,59.2,4464
candidate_component_000819,1,1,1,59.2,4465
candidate_component_000820,1,1,1,236.8,4474
candidate_component_000821,1,1,1,60.4,4486
candidate_component_000822,1,1,1,60.4,4487
candidate_component_000823,1,1,1,56.2,4489
candidate_component_000824,1,1,1,59.2,4490
candidate_component_000825,1,1,1,201.3,4504
candidate_component_000826,1,1,1,47.4,4511
candidate_component_000827,1,1,1,362.3,4518
candidate_component_000828,1,1,1,355.2,4520
candidate_component_000829,1,1,1,532.8,4528
candidate_component_000830,1,1,1,307.8,4529
candidate_component_000831,1,1,1,35.5,4540
candidate_component_000832,1,1,1,35.5,4542
candidate_component_000833,1,1,1,94.7,4590
candidate_component_000834,1,1,1,72.2,4594
candidate_component_000835,1,1,1,59.2,4608
candidate_component_000836,1,1,1,33.7,4621
candidate_component_000837,1,1,1,63.9,4626
candidate_component_000838,1,1,1,35.5,4647
candidate_component_000839,1,1,1,142.1,4651
candidate_component_000840,1,1,1,71.0,4672
candidate_component_000841,1,1,1,53.3,4723
candidate_component_000842,1,1,1,47.4,4726
candidate_component_000843,1,1,1,11.8,4733
candidate_component_000844,1,1,1,71.0,4734
candidate_component_000845,1,1,1,47.4,4745
candidate_component_000846,1,1,1,47.4,4746
candidate_component_000847,1,1,1,47.4,4747
candidate_component_000848,1,1,1,35.5,4750
candidate_component_000849,1,1,1,35.5,4753
candidate_component_000850,1,1,1,71.0,4760
candidate_component_000851,1,1,1,71.0,4761
candidate_component_000852,1,1,1,63.9,4764
candidate_component_000853,1,1,1,84.1,4779
candidate_component_000854,1,1,1,77.0,4800
candidate_component_000855,1,1,1,71.0,4804
candidate_component_000856,1,1,1,47.4,4810
candidate_component_000857,1,1,1,35.5,4817
candidate_component_000858,1,1,1,35.5,4824
candidate_component_000859,1,1,1,17.8,4828
candidate_component_000860,1,1,1,2960.0,4842
candidate_component_000861,1,1,1,236.8,4853
candidate_component_000862,1,1,1,236.8,4854
candidate_component_000863,1,1,1,236.8,4868
candidate_component_000864,1,1,1,177.6,4883
candidate_component_000865,1,1,1,35.5,4915
candidate_component_000866,1,1,1,27.0,4917
candidate_component_000867,1,1,1,29.6,4924
candidate_component_000868,1,1,1,899.8,4932
candidate_component_000869,1,1,1,35.5,4936
candidate_component_000870,1,1,1,47.4,4971
candidate_component_000871,1,1,1,35.5,4985
candidate_component_000872,1,1,1,29.6,4991
candidate_component_000873,1,1,1,80.5,5032
candidate_component_000874,1,1,1,82.9,5056
candidate_component_000875,1,1,1,71.0,5057
candidate_component_000876,1,1,1,71.0,5058
candidate_component_000877,1,1,1,71.0,5059
candidate_component_000878,1,1,1,71.0,5073
candidate_component_000879,1,1,1,71.0,5076
candidate_component_000880,1,1,1,71.0,5077
candidate_component_000881,1,1,1,71.0,5083
candidate_component_000882,1,1,1,71.0,5084
candidate_component_000883,1,1,1,168.9,10841
candidate_component_000884,1,1,1,83.0,10865
candidate_component_000885,1,1,1,88.9,10886
candidate_component_000886,1,1,1,59.1,11124
