seed,split,mean,median,std,min,max,p25,p75
0,train,278.23934054870375,129.8,566.0403372228807,5.9,4641.0,58.474999999999994,237.2
0,validation,302.67131050767415,85.55000000000001,776.3313952142655,5.9,4165.0,59.0,178.5
0,test,203.45294467578825,77.3,576.5799580427864,14.2,4641.0,47.4,154.7
1,train,285.9381066431363,119.0,606.0204618349754,5.9,4343.5,59.0,237.2
1,validation,300.02697756788666,94.6,745.2915749989382,5.9,4641.0,59.0,200.575
1,test,170.61788665879575,78.1,392.23508658341154,5.9,4391.1,47.4,177.6
2,train,259.0758207070707,106.6,571.7409748222103,5.9,4641.0,54.975,225.225
2,validation,371.9307783018868,95.2,834.9548578097871,11.8,4343.5,59.0,267.8
2,test,224.6007624633431,90.0,447.9161221368076,5.9,3064.3,47.4,237.1
3,train,286.78792386234716,118.0,611.3923200528086,5.9,4641.0,56.0,238.0
3,validation,253.12906839622642,85.2,650.978023978692,16.5,4641.0,59.0,177.6
3,test,213.48930260047283,94.7,511.74414737174584,5.9,4117.4,47.4,182.275
4,train,230.09953365263422,106.2,435.9148963961572,5.9,4289.9,53.4,236.8
4,validation,455.29321533923303,84.1,1036.556681209513,5.9,4641.0,47.4,213.0
4,test,276.765780141844,100.85,659.632617491245,17.8,4391.1,59.3,218.2
5,train,291.30590163934426,118.6,624.8400422679931,5.9,4641.0,59.0,236.8
5,validation,242.5598108747045,71.4,569.8157547303648,5.9,4343.5,47.4,213.1
5,test,203.1503237198352,94.7,530.0438486691157,5.9,4641.0,59.0,201.4
6,train,295.3601009463722,124.9,622.2098414746063,5.9,4641.0,59.0,237.2
6,validation,155.26176470588234,84.0,194.48144860652638,5.9,1785.0,50.475,177.9
6,test,271.78396226415094,76.7,758.3413199762675,5.9,4343.5,47.4,159.225
7,train,317.4835542092642,118.5,690.0190818636214,5.9,4641.0,59.0,238.0
7,validation,147.00663924794358,94.7,171.77928217404659,5.9,1190.0,47.6,178.35
7,test,176.88201650943398,88.9,387.00270563909316,5.9,4391.1,47.6,177.0
8,train,285.6118010075567,100.6,644.2757465770688,5.9,4641.0,53.2,236.0
8,validation,173.5697220579539,94.7,285.08620601118497,5.9,3986.5,59.0,213.1
8,test,298.43508875739644,117.95,635.6566005605056,5.9,4343.5,56.2,241.8
9,train,283.56408575031526,106.1,648.4739632945633,5.9,4641.0,53.2,236.8
9,validation,279.10679267572357,85.4,592.5109852608452,11.8,4165.0,53.2,185.6
9,test,202.84358068315666,106.65,340.44509233174347,11.8,4641.0,59.2,212.3
10,train,273.36685591723443,112.3,592.4462200078976,5.9,4391.1,56.0,236.8
10,validation,242.2940483205657,89.0,500.8694399408685,5.9,4641.0,47.4,235.9
10,test,287.24422850412253,89.6,738.3970785844259,5.9,4641.0,59.0,211.3
11,train,289.9468442312547,124.2,634.8823190273312,5.9,4641.0,59.0,237.2
11,validation,151.90130409010078,70.8,380.7869384749514,11.8,4391.1,47.4,119.0
11,test,299.3008177570093,95.2,625.2361597446862,5.9,4641.0,59.0,236.8
12,train,308.44940761280566,127.4,658.830021386069,5.9,4641.0,59.0,238.0
12,validation,178.76558441558444,82.9,322.09976147145983,5.9,4391.1,53.1,184.275
12,test,186.38682811577084,71.2,531.2676597516826,5.9,4165.0,42.5,154.2
13,train,298.4774621212121,107.1,651.3559278333928,5.9,4641.0,56.2,237.1
13,validation,225.98627565982403,94.7,575.862001748692,5.9,4641.0,53.2,190.4
13,test,186.53968160377357,84.05,332.9309249000832,5.9,4391.1,53.1,218.3
14,train,292.2009580234464,118.3,636.6922515003738,5.9,4641.0,56.2,237.1
14,validation,256.23280423280426,95.2,583.268676113344,5.9,4391.1,59.0,219.0
14,test,184.7879075281565,71.4,438.35147285758467,5.9,4165.0,47.4,177.0
15,train,258.16695224896057,112.5,546.5047736974392,5.9,4641.0,56.2,236.0
15,validation,319.87522228808535,94.4,740.0621572049629,5.9,4343.5,56.0,228.05
15,test,281.0364172068356,94.7,701.7063509345437,5.9,4641.0,47.6,226.1
16,train,278.4701754385965,106.4,609.4834549318824,5.9,4391.1,56.2,236.65
16,validation,299.0075615474795,112.3,644.7430778090394,5.9,4641.0,55.2,236.5
16,test,206.37901891252955,73.19999999999999,529.356192297378,5.9,4641.0,53.1,177.6
17,train,306.01430550308527,118.4,669.9377212337354,5.9,4641.0,53.5,236.8
17,validation,160.54863905325445,94.9,273.2785353471977,5.9,3986.5,59.0,177.9
17,test,215.52224852071004,84.1,492.05890321119034,5.9,4641.0,47.4,212.3
18,train,274.6647615442846,100.6,615.547191298273,5.9,4641.0,53.1,236.0
18,validation,244.02339422510312,94.4,559.4111834830665,11.8,4391.1,56.3,201.7
18,test,279.4574793875147,142.3,594.2457295802332,5.9,4641.0,59.3,236.5
19,train,270.00671707624446,112.1,580.8684773920205,5.9,4641.0,59.0,236.8
19,validation,252.94488468361916,82.8,580.0806880128614,5.9,4641.0,50.45,177.9
19,test,292.26330383480826,94.9,723.7096100017691,5.9,4343.5,47.4,237.1
20,train,270.13806158505804,106.1,610.4732625834212,5.9,4343.5,56.0,236.5
20,validation,234.65047169811322,106.8,540.1055951162548,5.9,4641.0,59.1,204.025
20,test,309.86372721928274,84.1,633.4974010309146,5.9,4641.0,47.4,236.5
21,train,278.2772148708255,106.6,612.0528770276696,5.9,4641.0,53.3,236.5
21,validation,250.9114117647059,94.9,575.5977347433521,5.9,4289.9,55.35,230.025
21,test,255.59922894424673,94.9,595.575196292269,5.9,4391.1,59.0,213.5
22,train,303.6531119808105,112.1,674.9241240000952,5.9,4641.0,55.7,236.5
22,validation,204.70082498526813,100.5,282.3727537129127,5.9,2142.0,53.3,266.4
22,test,183.7967116852613,83.0,461.4483831442628,5.9,4641.0,53.1,176.95
23,train,272.5744578920827,100.8,611.1110630493527,5.9,4641.0,50.4,236.5
23,validation,260.57554379776604,94.4,542.9335225381283,5.9,3927.0,59.1,184.4
23,test,272.7013033175355,112.6,630.6829895062956,14.2,4391.1,59.1,236.5
24,train,308.1051136363636,141.5,650.5341268632855,5.9,4391.1,59.1,238.0
24,validation,168.93944575471698,94.4,290.47201812957945,5.9,3986.5,47.6,177.8
24,test,198.7716129032258,60.1,594.616212361855,5.9,4641.0,47.2,147.5
25,train,303.5207135653051,124.2,649.0821814150992,5.9,4343.5,59.0,237.2
25,validation,243.70111962286387,90.0,611.5282843721858,5.9,4641.0,47.6,183.5
25,test,144.52263593380613,71.1,268.46870803281934,5.9,3986.5,47.4,176.9
26,train,309.03623407743726,118.0,674.530190991872,5.9,4641.0,54.9,237.2
26,validation,193.25310100413466,94.7,444.0790497965596,5.9,4641.0,47.4,177.8
26,test,169.5665685697469,94.4,301.3626613434372,5.9,3986.5,56.5,177.9
27,train,283.9503028009084,106.1,632.1532908010289,5.9,4641.0,54.9,236.8
27,validation,221.4767042086544,90.0,561.1967484080516,11.8,4391.1,53.55,178.5
27,test,258.4298009367681,118.4,502.2146416967378,5.9,3064.3,50.4,231.47500000000002
28,train,262.4685908747164,106.8,552.6616097475917,5.9,4343.5,56.5,236.0
28,validation,261.8568315665489,118.0,539.1390880318502,5.9,4641.0,60.4,237.1
28,test,318.86364712847836,71.0,847.8317941675591,5.9,4641.0,47.2,190.6
29,train,310.7481383314401,129.8,665.2720022578285,5.9,4641.0,59.1,237.14999999999998
29,validation,170.11035903472632,83.0,377.9220491272477,5.9,4391.1,47.4,203.15
29,test,185.13502060035316,70.8,449.58467009756225,5.9,4641.0,47.2,177.6
30,train,280.7240388251607,101.1,630.2476087191795,5.9,4641.0,53.3,236.5
30,validation,274.9215976331361,95.2,617.906469093882,5.9,4117.4,59.0,236.5
30,test,220.26978798586572,95.2,443.3305958788146,5.9,4641.0,55.775000000000006,177.9
31,train,316.2434952681388,118.4,691.2863558811987,5.9,4641.0,59.0,237.2
31,validation,175.61142520612486,95.75,287.10547418128806,5.9,3986.5,47.6,230.075
31,test,153.8289163722026,85.15,299.94594560182605,5.9,4391.1,47.6,177.4
32,train,266.28010088272384,100.69999999999999,595.930426405967,5.9,4641.0,53.4,236.0
32,validation,294.04141592920354,107.1,633.9521242303524,5.9,4343.5,56.1,236.0
32,test,268.6426886792453,94.7,612.789661512209,5.9,4641.0,55.35,230.225
33,train,295.15644063524076,106.6,645.0041496769242,5.9,4641.0,53.3,236.8
33,validation,272.2519174041298,100.8,619.6013108717917,5.9,4391.1,53.3,213.85
33,test,155.07163120567375,94.4,303.8887784597222,5.9,4641.0,59.0,189.95000000000002
34,train,286.861570403926,106.2,628.4043138351019,5.9,4641.0,53.3,237.1
34,validation,188.10785123966943,89.95,339.7980549511713,5.9,4391.1,59.0,211.3
34,test,278.1403571428571,94.9,684.7367738570618,5.9,4117.4,58.375,178.5
35,train,279.4141902961563,106.7,613.4212983149407,5.9,4641.0,53.1,236.8
35,validation,155.49852333136445,94.7,266.9754210429878,5.9,3986.5,59.2,177.0
35,test,345.6637920850561,100.2,767.0841401024551,5.9,4641.0,53.1,236.8
36,train,268.74347003154577,107.1,561.5900010550665,5.9,4343.5,56.3,236.5
36,validation,295.8967608951708,82.9,794.6323749590425,5.9,4641.0,50.4,183.875
36,test,255.23833922261485,94.9,575.5125112996362,5.9,4289.9,53.1,213.325
37,train,278.3984735713385,121.0,592.7548603089033,5.9,4641.0,59.0,236.8
37,validation,233.16068075117371,72.5,579.9996379236376,5.9,4641.0,47.4,177.9
37,test,273.04668639053256,83.3,676.7748254139317,5.9,4391.1,47.4,178.5
38,train,269.07899255144554,118.4,578.7966256394051,5.9,4641.0,59.0,236.8
38,validation,292.9467448680352,90.0,686.2586229412984,5.9,4391.1,47.6,182.9
38,test,256.5017699115044,88.9,632.3095664502414,5.9,4641.0,47.4,189.8
39,train,304.90752050473185,118.0,675.9373108912498,5.9,4641.0,59.0,236.8
39,validation,228.00805408583187,94.7,429.0992953368986,5.9,4165.0,47.6,225.0
39,test,154.2097935103245,83.3,312.51177143111795,5.9,4641.0,47.4,176.9
40,train,298.9545018310393,123.8,651.807094682608,5.9,4641.0,53.3,238.0
40,validation,255.3308962264151,94.7,590.6101330914892,5.9,4391.1,59.2,218.3
40,test,155.42643610785464,82.8,296.2260202282255,5.9,3986.5,47.4,176.9
41,train,246.26477717459917,100.8,510.72139678146266,5.9,4289.9,55.2,236.0
41,validation,254.9481459682166,100.8,530.0266527187678,5.9,4391.1,59.0,236.0
41,test,400.82257495590824,95.2,957.1543537004464,5.9,4641.0,50.6,233.6
42,train,270.8246938517864,106.2,588.1323706383305,5.9,4641.0,53.4,236.8
42,validation,230.11492625368732,95.2,566.590857045109,11.8,4165.0,59.1,213.4
42,test,311.06873900293255,94.6,704.3314198868189,5.9,4117.4,47.4,218.3
43,train,274.91286218190976,112.5,590.2318704258686,5.9,4641.0,59.0,236.5
43,validation,188.02003546099291,94.7,436.91705360086456,5.9,4391.1,47.4,224.1
43,test,334.25854523950323,94.4,779.8693369257034,5.9,4641.0,47.6,189.8
44,train,312.65027163613394,118.6,675.5157264959525,5.9,4641.0,59.0,237.2
44,validation,171.09935026580035,82.9,429.5807323385259,5.9,4391.1,47.4,177.0
44,test,175.90268534734383,83.3,310.02565750360384,9.5,3927.0,47.4,212.4
45,train,279.9555176767677,100.6,624.3942258835302,5.9,4641.0,53.3,236.5
45,validation,257.55014749262534,106.4,553.925807688658,5.9,4165.0,59.1,219.0
45,test,241.39753810082064,94.9,554.7232774450607,17.7,4641.0,53.2,213.4
46,train,286.3792885973764,107.1,629.8035952948309,5.9,4641.0,59.0,236.8
46,validation,245.27861339600472,100.8,535.3725004623782,11.8,4641.0,56.125,212.4
46,test,223.38273211117684,77.3,541.5247841344114,5.9,4289.9,47.3,200.55
47,train,270.1133821487186,106.2,578.9427617860246,5.9,4391.1,53.4,236.8
47,validation,184.71897466116675,96.0,245.02199897505372,5.9,2960.0,59.0,219.4
47,test,359.7082795067528,94.7,891.2003280387593,5.9,4641.0,54.85,183.4
48,train,299.2535042303321,118.5,645.1520578354041,5.9,4641.0,59.0,238.0
48,validation,214.1327868852459,83.3,518.3725647089758,5.9,4289.9,47.3,177.4
48,test,194.8595631641086,94.4,460.0040373869902,5.9,4641.0,47.6,212.3
49,train,312.1582407874811,119.0,662.445673267271,5.9,4641.0,59.0,238.0
49,validation,178.14060106069533,82.6,520.6660754666619,9.5,4641.0,47.4,165.2
49,test,170.45464705882355,85.4,299.4384113199264,5.9,3927.0,47.4,224.39999999999998
50,train,312.48656659939456,124.9,677.1257638116988,5.9,4641.0,59.0,238.0
50,validation,192.58955135773317,94.7,395.56051600512905,5.9,4641.0,53.4,201.3
50,test,154.19611536197763,70.8,332.3664785838011,5.9,4391.1,47.4,142.3
51,train,286.1021101844832,118.5,619.494943352627,5.9,4641.0,54.9,236.8
51,validation,307.4956727919384,88.7,744.4419750060421,11.8,4641.0,53.5,214.2
51,test,164.33843023255812,78.1,284.81435674264355,5.9,3927.0,53.175000000000004,178.5
52,train,309.7778449144008,118.6,666.0218686578486,5.9,4641.0,58.1,237.2
52,validation,214.5479031305375,82.6,552.8239332172036,5.9,4117.4,59.0,177.6
52,test,143.41722090261283,94.4,170.61303977368289,5.9,1785.0,47.4,178.5
53,train,261.44710346572225,118.0,542.491751749124,5.9,4641.0,59.0,236.5
53,validation,195.3087990487515,106.2,378.92649821154185,9.5,4165.0,59.2,235.9
53,test,386.6758222735141,76.9,940.7701977687161,5.9,4391.1,47.2,177.9
54,train,271.6993943217666,106.2,579.4288866540778,5.9,4641.0,53.2,236.8
54,validation,228.69329411764704,89.2,566.9809840258674,17.7,4165.0,59.0,178.5
54,test,308.7400353773585,117.9,737.6179995642586,5.9,4289.9,59.0,236.5
55,train,273.2936948297604,118.3,589.2766392805748,5.9,4641.0,59.0,236.5
55,validation,257.394683992912,100.6,565.5159366710491,11.8,4641.0,59.1,236.8
55,test,272.45653710247353,82.6,703.3226721347305,5.9,4391.1,47.4,183.8
56,train,290.8452308856926,107.1,629.4365456611532,5.9,4641.0,56.3,237.1
56,validation,211.8514705882353,94.4,521.2099155428893,5.9,4391.1,47.4,177.6
56,test,236.12542772861354,100.5,554.975878973194,5.9,4641.0,59.0,204.95
57,train,307.02822712933755,118.0,673.7142032735595,5.9,4641.0,56.3,237.1
57,validation,209.81423529411765,106.6,400.8903636239717,5.9,4641.0,59.0,235.925
57,test,162.58048349056602,84.35,366.7350955112534,5.9,3986.5,47.4,160.1
58,train,291.3500189226694,106.1,642.2834169180544,5.9,4641.0,55.4,237.1
58,validation,242.46448763250885,94.8,554.2780899148868,5.9,4391.1,59.0,235.9
58,test,203.05607311320753,94.9,441.69631565922145,5.9,3064.3,47.6,187.05
59,train,307.05955808080813,106.8,686.760080581931,5.9,4641.0,56.2,236.8
59,validation,189.5040636042403,115.2,304.4963232798736,5.9,4165.0,59.2,189.4
59,test,183.1648854961832,71.2,348.96931425486633,5.9,3927.0,47.4,201.6
60,train,251.36885307818204,118.4,514.5603319701697,5.9,4641.0,56.2,236.8
60,validation,360.09223013048637,94.4,811.132909117941,11.8,4391.1,50.4,230.075
60,test,272.9793735224586,94.4,732.1068417365098,5.9,4641.0,53.4,177.9
61,train,287.18971443012384,128.85000000000002,621.57063049373,5.9,4641.0,53.5,237.1
61,validation,302.868992248062,83.7,764.262797102907,5.9,4165.0,59.1,142.8
61,test,164.675549132948,94.4,207.95018853406336,5.9,2960.0,47.4,219.0
62,train,277.58163110718345,124.9,586.2108042137534,5.9,4641.0,59.0,237.1
62,validation,275.62047058823526,94.4,635.3790350953848,5.9,4641.0,47.6,212.4
62,test,234.31794117647058,82.6,652.7978906796543,5.9,4391.1,47.3,165.2
63,train,294.36123453673315,123.9,629.8514762118459,5.9,4641.0,59.0,238.0
63,validation,116.46238964096527,72.4,135.2478704837003,11.8,2960.0,47.4,142.1
63,test,315.18829411764705,94.7,732.8970059486253,14.2,4391.1,47.6,219.1
64,train,302.95004408615694,117.9,674.5223297633621,5.9,4641.0,59.0,236.8
64,validation,222.01668639053256,84.5,445.46435615519493,5.9,3927.0,47.6,234.425
64,test,168.61158392434987,94.4,305.2316950448265,5.9,4165.0,47.4,177.9
65,train,292.9254405840886,117.9,652.3068266704861,5.9,4641.0,56.5,236.5
65,validation,209.13812907045588,83.8,461.1162342957516,5.9,4165.0,47.6,190.4
65,test,228.3088862559242,94.75,475.96844817217385,5.9,4641.0,47.6,224.2
66,train,290.6199293197022,118.0,652.3817907709082,5.9,4641.0,59.0,236.5
66,validation,246.23615520282186,82.9,571.4336957916902,5.9,4641.0,47.4,190.4
66,test,202.82262816735417,94.4,339.53889606419796,11.8,3986.5,53.1,201.7
67,train,281.88609672938503,117.9,608.4411817146935,5.9,4641.0,59.0,236.8
67,validation,210.71632533645408,82.8,444.7558966403089,5.9,3064.3,47.4,207.5
67,test,279.53290017720025,85.2,712.0464128502248,5.9,4641.0,53.3,213.5
68,train,300.2534854405647,118.6,658.6198985002427,5.9,4641.0,59.0,237.1
68,validation,268.11889346674513,94.7,601.8456715159217,5.9,4391.1,56.1,214.2
68,test,135.0944345766726,71.0,154.7970311654371,5.9,952.0,47.4,177.0
69,train,291.7938651855592,118.3,620.5355175732142,5.9,4641.0,59.0,236.8
69,validation,223.70253388332353,94.7,551.1736824011481,11.8,4343.5,47.4,200.6
69,test,219.97955346651,83.0,572.3696771375655,5.9,4641.0,53.1,177.75
70,train,286.22312452639557,112.0,604.7090388478204,5.9,4343.5,59.0,237.2
70,validation,219.3306971294669,94.9,519.4367422824301,11.8,4641.0,59.0,204.05
70,test,250.53490566037738,83.3,674.787763602542,11.8,4641.0,47.4,181.65
71,train,315.7291556228701,117.9,682.3108031025358,5.9,4641.0,59.0,237.2
71,validation,170.46409652736904,106.6,302.3965164133362,5.9,4641.0,59.0,212.65
71,test,161.5531489111242,71.2,374.007962862087,11.8,4391.1,47.4,147.5
72,train,306.78504354411206,118.0,672.4469506633267,5.9,4641.0,57.9,236.8
72,validation,207.34694117647058,82.6,514.9719411969793,11.8,4641.0,47.6,177.9
72,test,166.35553592461721,94.7,196.96198684569885,5.9,1785.0,53.1,224.2
73,train,284.3997600404142,118.3,614.858469472913,5.9,4641.0,59.0,236.0
73,validation,182.22789598108744,76.7,419.73517200792946,5.9,4165.0,47.3,165.8
73,test,295.3901227352425,94.7,695.6503240891267,11.8,4641.0,59.1,238.0
74,train,285.94034069400635,112.1,620.5142021214864,5.9,4641.0,59.0,236.8
74,validation,244.1941141848146,83.0,634.5541811283576,5.9,4641.0,47.4,195.45
74,test,226.66847377725398,100.6,481.471659626192,5.9,4289.9,56.2,201.7
75,train,272.6966431095407,117.9,567.4759658279289,5.9,4641.0,55.075,237.2
75,validation,313.75910693301995,94.4,812.1414798545379,5.9,4641.0,59.0,214.2
75,test,218.73345132743364,94.7,517.1798174116655,5.9,4391.1,47.4,177.6
76,train,273.93409836065575,106.1,597.8944473801973,5.9,4641.0,50.625,236.5
76,validation,302.14237588652486,94.4,763.1159064658218,5.9,4343.5,55.2,201.0
76,test,224.89529134785167,106.6,427.09286316972447,5.9,4641.0,59.2,236.8
77,train,262.4025974025974,101.4,574.3271052934167,5.9,4391.1,54.25,235.9
77,validation,233.10969267139478,95.2,513.0083301250277,5.9,4117.4,59.0,242.4
77,test,347.5163722025913,94.9,790.5320717064525,11.8,4641.0,47.6,201.125
78,train,304.0692958101969,129.7,648.5463262142127,5.9,4641.0,59.0,237.39999999999998
78,validation,224.15168938944873,94.4,558.0853493831709,5.9,4289.9,47.6,189.8
78,test,162.59087719298248,71.05,377.96334060958065,5.9,4391.1,47.4,176.9
79,train,296.90853212167104,106.2,675.0637978287747,5.9,4641.0,59.0,236.0
79,validation,173.2397533763946,88.5,338.7939089954865,5.9,4641.0,47.4,201.6
79,test,246.7172861356932,106.6,425.1142816441266,5.9,4165.0,53.3,284.35
80,train,302.0969104665826,118.4,653.722649966418,5.9,4641.0,55.5,237.2
80,validation,149.16261075014765,84.1,297.7334242122975,5.9,4641.0,53.5,177.0
80,test,245.85312131919903,94.4,575.4209727290846,11.8,4391.1,47.6,212.3
81,train,281.57191365816715,118.3,626.9166290850445,5.9,4641.0,56.5,236.8
81,validation,251.8657260435038,94.7,541.2215508251192,5.9,3986.5,59.0,177.6
81,test,239.4482332155477,82.6,553.5164080152226,5.9,4641.0,47.4,212.4
82,train,281.3983499181257,117.9,612.685228446888,5.9,4641.0,56.2,236.0
82,validation,160.43425871234496,94.4,272.5902184496749,5.9,3927.0,47.6,201.3
82,test,331.546891651865,94.6,770.0614382711248,5.9,4641.0,53.4,294.9
83,train,273.1944991168307,106.4,571.6428032221969,5.9,4343.5,56.2,237.2
83,validation,269.49251179245283,82.8,709.5587800659451,5.9,4641.0,47.4,177.6
83,test,260.87139493819893,95.2,637.897291880206,11.8,4641.0,59.25,213.25
84,train,293.00006310740883,117.9,640.0758261034997,5.9,4641.0,53.45,237.2
84,validation,167.60734430082258,94.6,362.2152825788604,5.9,4165.0,59.0,178.35
84,test,270.5850235849057,94.7,616.1147138713134,5.9,4641.0,53.1,216.375
85,train,273.1115156860275,112.4,621.3747479217113,5.9,4641.0,55.4,236.8
85,validation,284.67340425531916,94.7,606.8522624256357,5.9,4165.0,59.075,206.4
85,test,246.02003546099291,83.15,513.5334811452161,11.8,3808.0,47.4,201.7
86,train,282.89689707366296,117.9,609.0847914965987,5.9,4641.0,59.0,236.8
86,validation,172.40683559222157,85.1,320.5751179711386,11.8,4165.0,47.4,178.5
86,test,312.6405660377359,83.3,767.5543689558923,5.9,4641.0,47.4,225.225
87,train,282.0253467843632,106.2,629.8164815239484,5.9,4641.0,56.3,236.8
87,validation,249.14820058997051,94.9,538.6825981099631,5.9,4641.0,47.6,230.0
87,test,239.88926886792453,96.25,539.8969006488207,5.9,4289.9,47.6,189.475
88,train,261.80760595358225,100.6,592.0010528933968,5.9,4641.0,53.5,230.0
88,validation,264.34194690265485,94.6,616.9783138557987,11.8,4641.0,50.75,235.9
88,test,319.1690812720848,109.55,645.2644547764709,5.9,3986.5,59.0,259.6
89,train,270.49905374716127,95.2,590.5757020347219,5.9,4641.0,47.6,236.5
89,validation,331.20041055718474,117.9,797.581133623578,11.8,4641.0,60.4,236.0
89,test,211.21136094674557,95.2,402.7451110236417,5.9,3927.0,53.1,189.2
90,train,300.8958591086984,121.4,659.6214327617092,5.9,4641.0,59.0,238.0
90,validation,166.2654929577465,71.2,299.12262643197323,5.9,2142.0,47.4,165.1
90,test,235.20454009433965,94.4,547.4120400699948,5.9,3986.5,47.4,213.1
91,train,295.5204269833249,106.6,646.4683684153351,5.9,4641.0,59.0,237.2
91,validation,189.21804154302671,88.5,331.89074889073066,5.9,4391.1,47.4,190.4
91,test,236.88796511627908,94.9,601.9480128459713,5.9,4165.0,53.3,192.925
92,train,279.27369019063246,107.1,620.9538359092677,5.9,4641.0,59.0,236.5
92,validation,203.00374926772116,85.2,437.1632431061624,5.9,3808.0,47.6,186.55
92,test,299.44778499704665,101.3,663.3669873070369,11.8,4641.0,47.4,235.9
93,train,262.2359532193159,113.0,564.8061733762844,5.9,4641.0,56.2,236.5
93,validation,220.20557863501486,83.0,496.84410871573675,5.9,4641.0,47.6,186.5
93,test,361.800890736342,106.4,831.3797622960728,5.9,4391.1,59.0,265.65
94,train,277.6322027487076,130.2,594.9555689510803,5.9,4641.0,59.0,237.2
94,validation,301.298820058997,94.4,632.4881559841548,5.9,4391.1,47.6,222.1
94,test,208.2695575221239,71.1,615.1349557290982,5.9,4641.0,47.4,142.1
95,train,281.2060877237207,121.2,601.6411192493472,5.9,4641.0,59.0,237.2
95,validation,170.376800472255,70.8,441.2190403799156,11.8,4391.1,47.3,177.4
95,test,322.452451269935,94.8,733.6356193233191,5.9,4343.5,59.0,213.1
96,train,295.47872743340486,106.6,658.0868152683171,5.9,4641.0,59.0,237.2
96,validation,187.7531927357938,94.7,394.47417776412755,5.9,4641.0,47.4,189.4
96,test,239.0063201417602,94.9,498.50787593123323,5.9,3064.3,53.3,177.6
97,train,280.27337875346956,120.3,564.0067154938263,5.9,4343.5,59.0,237.2
97,validation,240.126603884638,77.8,679.5718315519064,5.9,4641.0,47.2,177.5
97,test,257.19192216981133,83.3,698.2811568624104,5.9,4289.9,47.4,177.9
98,train,288.99350846173274,118.3,612.877747377534,5.9,4641.0,59.0,238.0
98,validation,244.90962219598583,84.05,642.6699871353376,5.9,4391.1,47.6,189.4
98,test,212.1076067875951,82.9,514.182126173722,5.9,3808.0,47.6,160.1
99,train,248.38625472887767,106.1,563.3364462367866,5.9,4641.0,55.2,225.0
99,validation,303.72720848056537,94.9,675.5496200046094,5.9,4641.0,53.4,237.2
99,test,342.6979326639102,94.9,699.9468132963484,5.9,4391.1,53.2,261.0
