seed,row_balance_score,price_balance_score,combined_score,max_row_pct_deviation,train_rows,train_row_pct,train_components,train_price_mean,train_price_median,validation_rows,validation_row_pct,validation_components,validation_price_mean,validation_price_median,test_rows,test_row_pct,test_components,test_price_mean,test_price_median
32,0.09363130465507297,0.2347056821739531,0.32833698682902607,0.04681565232753826,7930,70.04681565232754,510,266.28010088272384,100.69999999999999,1695,14.972175602861936,178,294.04141592920354,107.1,1696,14.981008744810529,198,268.6426886792453,94.7
83,0.03798251037894218,0.3385716435736865,0.3765541539526287,0.01899125518947109,7926,70.01148308453317,488,273.1944991168307,106.4,1696,14.981008744810529,198,269.49251179245283,82.8,1699,15.007508170656303,200,260.87139493819893,95.2
23,0.17931278155641017,0.23426961372034194,0.4135823952767521,0.08965639077820065,7932,70.06448193622472,477,272.5744578920827,100.8,1701,15.025174454553486,207,260.57554379776604,94.4,1688,14.9103436092218,202,272.7013033175355,112.6
88,0.058298736860704636,0.38425191387197905,0.4425506507326837,0.029149368430353206,7928,70.02914936843035,512,261.80760595358225,100.6,1695,14.972175602861936,191,264.34194690265485,94.6,1698,14.998675028707712,183,319.1690812720848,109.55
45,0.13868032859287815,0.30559978730490495,0.4442801158977831,0.06934016429644174,7920,69.95848423284163,489,279.9555176767677,100.6,1695,14.972175602861936,196,257.55014749262534,106.4,1706,15.069340164296442,201,241.39753810082064,94.9
36,0.005299885169158358,0.4549233503814559,0.4602232355506143,0.002649942584582732,7925,70.00264994258458,503,268.74347003154577,107.1,1698,14.998675028707712,193,295.8967608951708,82.9,1698,14.998675028707712,190,255.23833922261485,94.9
87,0.09363130465507297,0.39109328032824947,0.48472458498332244,0.04681565232753826,7930,70.04681565232754,500,282.0253467843632,106.2,1695,14.972175602861936,191,249.14820058997051,94.9,1696,14.981008744810529,195,239.88926886792453,96.25
30,0.14663015634661392,0.3508326830667724,0.4974628394133863,0.07331507817330873,7933,70.07331507817331,510,280.7240388251607,101.1,1690,14.928009893118983,179,274.9215976331361,95.2,1698,14.998675028707712,197,220.26978798586572,95.2
55,0.09363130465506941,0.4197365438190619,0.5133678484741313,0.04681565232753826,7930,70.04681565232754,501,273.2936948297604,118.3,1693,14.954509318964757,185,257.394683992912,100.6,1698,14.998675028707712,200,272.45653710247353,82.6
10,0.022966169066336306,0.5164645694991443,0.5394307385654806,0.011483084533168153,7926,70.01148308453317,497,273.36685591723443,112.3,1697,14.98984188675912,207,242.2940483205657,89.0,1698,14.998675028707712,182,287.24422850412253,89.6
21,0.21464534935076962,0.33012093528042996,0.5447662846311996,0.10732267467538215,7935,70.0909813620705,495,278.2772148708255,106.6,1700,15.016341312604894,201,250.9114117647059,94.9,1686,14.892677325324618,190,255.59922894424673,94.9
76,0.10864764596767706,0.4728183593898163,0.5814660053574934,0.05432382298383587,7930,70.04681565232754,514,273.93409836065575,106.1,1692,14.945676177016164,192,302.14237588652486,94.4,1699,15.007508170656303,180,224.89529134785167,106.6
42,0.12101404469570021,0.4680659605477613,0.5890800052434615,0.060507022347849215,7921,69.96731737479021,513,270.8246938517864,106.2,1695,14.972175602861936,185,230.11492625368732,95.2,1705,15.06050702234785,188,311.06873900293255,94.6
56,0.05564879427612546,0.5469663724838596,0.602615166759985,0.027824397138063617,7926,70.01148308453317,478,290.8452308856926,107.1,1700,15.016341312604894,211,211.8514705882353,94.4,1695,14.972175602861936,197,236.12542772861354,100.5
20,0.050348909106974205,0.5604819208394799,0.6108308299464541,0.025174454553486214,7924,69.99381680063598,505,270.13806158505804,106.1,1696,14.981008744810529,185,234.65047169811322,106.8,1701,15.025174454553486,196,309.86372721928274,84.1
74,0.02031622648176601,0.6063666078350719,0.6266828343168379,0.01015811324088034,7925,70.00264994258458,488,285.94034069400635,112.1,1699,15.007508170656303,207,244.1941141848146,83.0,1697,14.98984188675912,191,226.66847377725398,100.6
58,0.04063245296351248,0.5996509912241086,0.6402834441876211,0.020316226481753574,7927,70.02031622648175,506,291.3500189226694,106.1,1698,14.998675028707712,175,242.46448763250885,94.8,1696,14.981008744810529,205,203.05607311320753,94.9
18,0.022966169066336306,0.6213045540690187,0.644270723135355,0.011483084533168153,7926,70.01148308453317,522,274.6647615442846,100.6,1697,14.98984188675912,188,244.02339422510312,94.4,1698,14.998675028707712,176,279.4574793875147,142.3
38,0.12101404469570021,0.539516150395325,0.6605301950910252,0.060507022347849215,7921,69.96731737479021,503,269.07899255144554,118.4,1705,15.06050702234785,175,292.9467448680352,90.0,1695,14.972175602861936,208,256.5017699115044,88.9
54,0.03798251037894751,0.6399146087378231,0.6778971191167706,0.01899125518947109,7925,70.00264994258458,529,271.6993943217666,106.2,1700,15.016341312604894,175,228.69329411764704,89.2,1696,14.981008744810529,182,308.7400353773585,117.9
19,0.18196272414098402,0.4960056570872211,0.6779683812282051,0.09098136207049379,7935,70.0909813620705,498,270.00671707624446,112.1,1691,14.936843035067573,205,252.94488468361916,82.8,1695,14.972175602861936,183,292.26330383480826,94.9
77,0.11129758855224736,0.5717573828346308,0.6830549713868782,0.05564879427612368,7931,70.05564879427612,515,262.4025974025974,101.4,1692,14.945676177016164,182,233.10969267139478,95.2,1698,14.998675028707712,189,347.5163722025913,94.9
9,0.09363130465506941,0.5947077624671714,0.6883390671222408,0.04681565232753826,7930,70.04681565232754,484,283.56408575031526,106.1,1693,14.954509318964757,214,279.10679267572357,85.4,1698,14.998675028707712,188,202.84358068315666,106.65
81,0.05034890910697598,0.6389642572801939,0.6893131663871699,0.025174454553486214,7922,69.9761505167388,514,281.57191365816715,118.3,1701,15.025174454553486,200,251.8657260435038,94.7,1698,14.998675028707712,172,239.4482332155477,82.6
85,0.21729529193533637,0.5007174882731626,0.718012780208499,0.10864764596766463,7937,70.10864764596766,493,273.1115156860275,112.4,1692,14.945676177016164,204,284.67340425531916,94.7,1692,14.945676177016164,189,246.02003546099291,83.15
75,0.0680151930041557,0.6502050932121892,0.7182202862163449,0.03400759650207519,7924,69.99381680063598,505,272.6966431095407,117.9,1702,15.034007596502075,181,313.75910693301995,94.4,1695,14.972175602861936,200,218.73345132743364,94.7
15,0.2172952919353346,0.5042875502918813,0.7215828422272159,0.10864764596766463,7937,70.10864764596766,500,258.16695224896057,112.5,1687,14.90151046727321,202,319.87522228808535,94.4,1697,14.98984188675912,184,281.0364172068356,94.7
62,0.06536525041957475,0.6597119799858002,0.725077230405375,0.032682625209787375,7921,69.96731737479021,492,277.58163110718345,124.9,1700,15.016341312604894,215,275.62047058823526,94.4,1700,15.016341312604894,179,234.31794117647058,82.6
99,0.09363130465506941,0.6379064908148356,0.731537795469905,0.04681565232753826,7930,70.04681565232754,513,248.38625472887767,106.1,1698,14.998675028707712,172,303.72720848056537,94.9,1693,14.954509318964757,201,342.6979326639102,94.9
46,0.126313929864855,0.6250628665862052,0.7513767964510603,0.06315696493242662,7928,70.02914936843035,525,286.3792885973764,107.1,1702,15.034007596502075,190,245.27861339600472,100.8,1691,14.936843035067573,171,223.38273211117684,77.3
41,0.06536525041957653,0.6869234062979602,0.7522886567175368,0.032682625209787375,7921,69.96731737479021,505,246.26477717459917,100.8,1699,15.007508170656303,174,254.9481459682166,100.8,1701,15.025174454553486,207,400.82257495590824,95.2
92,0.1563466124900632,0.6121369054339095,0.7684835179239727,0.07817330624503249,7921,69.96731737479021,481,279.27369019063246,107.1,1707,15.078173306245032,206,203.00374926772116,85.2,1693,14.954509318964757,199,299.44778499704665,101.3
33,0.16429644024379364,0.6459752546437605,0.8102716948875541,0.08214822012189416,7934,70.0821482201219,501,295.15644063524076,106.6,1695,14.972175602861936,177,272.2519174041298,100.8,1692,14.945676177016164,208,155.07163120567375,94.4
27,0.19697906545357924,0.6133331259840106,0.8103121914375898,0.09848953272678962,7926,70.01148308453317,516,283.9503028009084,106.1,1687,14.90151046727321,196,221.4767042086544,90.0,1708,15.087006448193621,174,258.4298009367681,118.4
70,0.15634661249006143,0.663776552607717,0.8201231650977784,0.07817330624503249,7918,69.94081794894444,483,286.22312452639557,112.0,1707,15.078173306245032,216,219.3306971294669,94.9,1696,14.981008744810529,187,250.53490566037738,83.3
84,0.0680151930041486,0.7540790128107361,0.8220942058148847,0.03400759650207519,7923,69.9849836586874,502,293.00006310740883,117.9,1702,15.034007596502075,195,167.60734430082258,94.6,1696,14.981008744810529,189,270.5850235849057,94.7
97,0.03798251037894218,0.7929092075926429,0.8308917179715851,0.01899125518947109,7926,70.01148308453317,479,280.27337875346956,120.3,1699,15.007508170656303,207,240.126603884638,77.8,1696,14.981008744810529,200,257.19192216981133,83.3
96,0.1563466124900632,0.6901445940149659,0.8464912065050291,0.07817330624503249,7921,69.96731737479021,510,295.47872743340486,106.6,1707,15.078173306245032,177,187.7531927357938,94.7,1693,14.954509318964757,199,239.0063201417602,94.9
79,0.08568147690133188,0.7811816870391085,0.8668631639404404,0.04284073845066594,7923,69.9849836586874,500,296.90853212167104,106.2,1703,15.042840738450666,195,173.2397533763946,88.5,1695,14.972175602861936,191,246.7172861356932,106.6
3,0.1466301563466157,0.7205975089477255,0.8672276652943411,0.07331507817330873,7933,70.07331507817331,508,286.78792386234716,118.0,1696,14.981008744810529,172,253.12906839622642,85.2,1692,14.945676177016164,206,213.48930260047283,94.7
89,0.14398021376203474,0.7235069321079293,0.867487145869964,0.07199010688101737,7926,70.01148308453317,494,270.49905374716127,95.2,1705,15.06050702234785,198,331.20041055718474,117.9,1690,14.928009893118983,194,211.21136094674557,95.2
66,0.050348909106968875,0.8254392728607892,0.8757881819677581,0.025174454553486214,7923,69.9849836586874,491,290.6199293197022,118.0,1701,15.025174454553486,216,246.23615520282186,82.9,1697,14.98984188675912,179,202.82262816735417,94.4
47,0.08568147690133365,0.808756859467533,0.8944383363688666,0.04284073845066594,7921,69.96731737479021,496,270.1133821487186,106.2,1697,14.98984188675912,185,184.71897466116675,96.0,1703,15.042840738450666,205,359.7082795067528,94.7
69,0.06801519300415748,0.848636010262696,0.9166512032668535,0.03400759650207519,7922,69.9761505167388,501,291.7938651855592,118.3,1697,14.98984188675912,185,223.70253388332353,94.7,1702,15.034007596502075,200,219.97955346651,83.0
2,0.1210140446956931,0.8060227334063959,0.927036778102089,0.060507022347849215,7920,69.95848423284163,490,259.0758207070707,106.6,1696,14.981008744810529,208,371.9307783018868,95.2,1705,15.06050702234785,188,224.6007624633431,90.0
28,0.16429644024379186,0.7700789823832938,0.9343754226270856,0.08214822012189416,7934,70.0821482201219,465,262.4685908747164,106.8,1698,14.998675028707712,193,261.8568315665489,118.0,1689,14.91917675117039,228,318.86364712847836,71.0
16,0.13868032859287993,0.8167493904743124,0.9554297190671923,0.06934016429644174,7923,69.9849836586874,513,278.4701754385965,106.4,1706,15.069340164296442,181,299.0075615474795,112.3,1692,14.945676177016164,192,206.37901891252955,73.19999999999999
37,0.1439802137620294,0.8294656128003914,0.9734458265624208,0.07199010688101737,7927,70.02031622648175,492,278.3984735713385,121.0,1704,15.051673880399258,206,233.16068075117371,72.5,1690,14.928009893118983,188,273.04668639053256,83.3
13,0.1210140446956931,0.8666046350126385,0.9876186797083316,0.060507022347849215,7920,69.95848423284163,512,298.4774621212121,107.1,1705,15.06050702234785,188,225.98627565982403,94.7,1696,14.981008744810529,186,186.53968160377357,84.05
67,0.19167918028442799,0.7970950065167266,0.9887741868011546,0.09583959014221222,7919,69.94965109089303,539,281.88609672938503,117.9,1709,15.095839590142212,187,210.71632533645408,82.8,1693,14.954509318964757,160,279.53290017720025,85.2
34,0.3939581309071567,0.61001980724263,1.0039779381497866,0.19697906545357569,7947,70.19697906545358,479,286.861570403926,106.2,1694,14.963342460913347,214,188.10785123966943,89.95,1680,14.839678473633072,193,278.1403571428571,94.9
8,0.2702941436268791,0.7469609871483505,1.0172551307752296,0.1351470718134351,7940,70.13514707181344,511,285.6118010075567,100.6,1691,14.936843035067573,186,173.5697220579539,94.7,1690,14.928009893118983,189,298.43508875739644,117.95
43,0.23496157583252675,0.7938349343058257,1.0287965101383525,0.11748078791626426,7938,70.11748078791626,499,274.91286218190976,112.5,1692,14.945676177016164,190,188.02003546099291,94.7,1691,14.936843035067573,197,334.25854523950323,94.4
60,0.3232929953184378,0.709785672133477,1.0330786674519148,0.1616464976592198,7943,70.16164649765922,477,251.36885307818204,118.4,1686,14.892677325324618,202,360.09223013048637,94.4,1692,14.945676177016164,207,272.9793735224586,94.4
35,0.18196272414098047,0.8573664571586738,1.0393291812996543,0.09098136207049379,7935,70.0909813620705,499,279.4141902961563,106.7,1693,14.954509318964757,205,155.49852333136445,94.7,1693,14.954509318964757,182,345.6637920850561,100.2
22,0.08568147690133365,0.9769371896878285,1.0626186665891622,0.04284073845066594,7921,69.96731737479021,477,303.6531119808105,112.1,1697,14.98984188675912,198,204.70082498526813,100.5,1703,15.042840738450666,211,183.7967116852613,83.0
5,0.10864764596767706,0.957634913704259,1.066282559671936,0.05432382298383587,7930,70.04681565232754,515,291.30590163934426,118.6,1692,14.945676177016164,179,242.5598108747045,71.4,1699,15.007508170656303,192,203.1503237198352,94.7
98,0.19167918028442266,0.8959082115244889,1.0875873918089116,0.09583959014221222,7918,69.94081794894444,499,288.99350846173274,118.3,1694,14.963342460913347,182,244.90962219598583,84.05,1709,15.095839590142212,205,212.1076067875951,82.9
86,0.058298736860704636,1.0605874504086379,1.1188861872693425,0.029149368430353206,7928,70.02914936843035,516,282.89689707366296,117.9,1697,14.98984188675912,181,172.40683559222157,85.1,1696,14.981008744810529,189,312.6405660377359,83.3
94,0.11129758855225091,1.0179179635440565,1.1292155520963074,0.05564879427612368,7931,70.05564879427612,514,277.6322027487076,130.2,1695,14.972175602861936,181,301.298820058997,94.4,1695,14.972175602861936,191,208.2695575221239,71.1
91,0.3860083031534316,0.7543421322146583,1.1403504353680898,0.1930041515767158,7916,69.92315166504726,491,295.5204269833249,106.6,1685,14.883844183376027,202,189.21804154302671,88.5,1720,15.193004151576716,193,236.88796511627908,94.9
1,0.14663015634661392,1.0000349424680213,1.1466650988146352,0.07331507817330873,7933,70.07331507817331,466,285.9381066431363,119.0,1694,14.963342460913347,204,300.02697756788666,94.6,1694,14.963342460913347,216,170.61788665879575,78.1
80,0.09363130465506941,1.0594453612353378,1.1530766658904072,0.04681565232753826,7930,70.04681565232754,492,302.0969104665826,118.4,1693,14.954509318964757,199,149.16261075014765,84.1,1698,14.998675028707712,195,245.85312131919903,94.4
14,0.19697906545358457,0.9703055035765622,1.1672845690301468,0.09848953272678962,7933,70.07331507817331,493,292.2009580234464,118.3,1701,15.025174454553486,189,256.23280423280426,95.2,1687,14.90151046727321,204,184.7879075281565,71.4
73,0.2270117480787892,0.9403203025288945,1.1673320506076839,0.1135058740393955,7918,69.94081794894444,495,284.3997600404142,118.3,1692,14.945676177016164,189,182.22789598108744,76.7,1711,15.113505874039395,202,295.3901227352425,94.7
39,0.05564879427613256,1.118079874622926,1.1737286688990585,0.027824397138063617,7925,70.00264994258458,484,304.90752050473185,118.0,1701,15.025174454553486,208,228.00805408583187,94.7,1695,14.972175602861936,194,154.2097935103245,83.3
48,0.17401289638724649,1.0062771578819814,1.1802900542692278,0.08700644819362147,7919,69.94965109089303,508,299.2535042303321,118.5,1708,15.087006448193621,201,214.1327868852459,83.3,1694,14.963342460913347,177,194.8595631641086,94.4
26,0.0909813620704849,1.094624161795352,1.185605523865837,0.04549068103524334,7929,70.03798251037894,513,309.03623407743726,118.0,1693,14.954509318964757,180,193.25310100413466,94.7,1699,15.007508170656303,193,169.5665685697469,94.4
57,0.03798251037894751,1.1527438237057577,1.1907263340847052,0.01899125518947109,7925,70.00264994258458,469,307.02822712933755,118.0,1700,15.016341312604894,190,209.81423529411765,106.6,1696,14.981008744810529,227,162.58048349056602,84.35
40,0.13868032859288526,1.0533270544582323,1.1920073830511175,0.06934016429644174,7919,69.94965109089303,476,298.9545018310393,123.8,1696,14.981008744810529,203,255.3308962264151,94.7,1706,15.069340164296442,207,155.42643610785464,82.8
72,0.03268262520978382,1.1634179539087015,1.1961005791184853,0.016341312604893687,7923,69.9849836586874,484,306.78504354411206,118.0,1700,15.016341312604894,214,207.34694117647058,82.6,1698,14.998675028707712,188,166.35553592461721,94.7
6,0.03798251037894751,1.1651718515950684,1.203154361974016,0.01899125518947109,7925,70.00264994258458,483,295.3601009463722,124.9,1700,15.016341312604894,191,155.26176470588234,84.0,1696,14.981008744810529,212,271.78396226415094,76.7
65,0.34095927921561575,0.8634147930164665,1.2043740722320821,0.1704796396078052,7944,70.1704796396078,517,292.9254405840886,117.9,1689,14.91917675117039,181,209.13812907045588,83.8,1688,14.9103436092218,188,228.3088862559242,94.75
82,0.2526278597297029,0.964314544817672,1.216942404547375,0.12631392986484968,7939,70.12631392986485,494,281.3983499181257,117.9,1693,14.954509318964757,200,160.43425871234496,94.4,1689,14.91917675117039,192,331.546891651865,94.6
4,0.16429644024379364,1.0758488566796425,1.2401452969234361,0.08214822012189416,7934,70.0821482201219,505,230.09953365263422,106.2,1695,14.972175602861936,203,455.29321533923303,84.1,1692,14.945676177016164,178,276.765780141844,100.85
90,0.10334776079851693,1.1892266650697143,1.2925744258682312,0.051673880399258465,7921,69.96731737479021,513,300.8958591086984,121.4,1704,15.051673880399258,184,166.2654929577465,71.2,1696,14.981008744810529,189,235.20454009433965,94.4
68,0.16164649765922157,1.1515896116454205,1.313236109304642,0.0808232488296099,7933,70.07331507817331,466,300.2534854405647,118.6,1699,15.007508170656303,216,268.11889346674513,94.7,1689,14.91917675117039,204,135.0944345766726,71.0
64,0.2526278597297029,1.069851989579491,1.3224798493091938,0.12631392986484968,7939,70.12631392986485,509,302.95004408615694,117.9,1690,14.928009893118983,182,222.01668639053256,84.5,1692,14.945676177016164,195,168.61158392434987,94.4
95,0.1642964402437901,1.1587105854280348,1.323007025671825,0.08214822012189416,7934,70.0821482201219,483,281.2060877237207,121.2,1694,14.963342460913347,204,170.376800472255,70.8,1693,14.954509318964757,199,322.452451269935,94.8
31,0.005299885169158358,1.3299931118736172,1.3352929970427756,0.002649942584582732,7925,70.00264994258458,471,316.2434952681388,118.4,1698,14.998675028707712,204,175.61142520612486,95.75,1698,14.998675028707712,211,153.8289163722026,85.15
59,0.08568147690132655,1.256717598042099,1.3423990749434256,0.04284073845066594,7920,69.95848423284163,536,307.05955808080813,106.8,1698,14.998675028707712,177,189.5040636042403,115.2,1703,15.042840738450666,173,183.1648854961832,71.2
93,0.48228955039308197,0.9103520060874243,1.3926415564805064,0.24114477519654542,7952,70.24114477519655,486,262.2359532193159,113.0,1685,14.883844183376027,185,220.20557863501486,83.0,1684,14.875011041427436,215,361.800890736342,106.4
7,0.0680151930041486,1.329229358346983,1.3972445513511316,0.03400759650207519,7923,69.9849836586874,478,317.4835542092642,118.5,1702,15.034007596502075,196,147.00663924794358,94.7,1696,14.981008744810529,212,176.88201650943398,88.9
49,0.03268262520979093,1.3783645484608302,1.4110471736706212,0.016341312604893687,7924,69.99381680063598,515,312.1582407874811,119.0,1697,14.98984188675912,191,178.14060106069533,82.6,1700,15.016341312604894,180,170.45464705882355,85.4
17,0.2879604275240695,1.138902953656008,1.4268633811800775,0.14398021376203474,7941,70.14398021376203,476,306.01430550308527,118.4,1690,14.928009893118983,207,160.54863905325445,94.9,1690,14.928009893118983,203,215.52224852071004,84.1
63,0.04769896652239858,1.391493873406373,1.4391928399287717,0.023849483261201954,7922,69.9761505167388,476,294.36123453673315,123.9,1699,15.007508170656303,208,116.46238964096527,72.4,1700,15.016341312604894,202,315.18829411764705,94.7
0,0.37629184700997875,1.0653815500738328,1.4416733970838116,0.18814592350499026,7946,70.18814592350499,470,278.23934054870375,129.8,1694,14.963342460913347,215,302.67131050767415,85.55000000000001,1681,14.848511615581664,201,203.45294467578825,77.3
11,0.2446780319759796,1.1995657144254086,1.4442437464013882,0.12233901598798802,7922,69.9761505167388,481,289.9468442312547,124.2,1687,14.90151046727321,212,151.90130409010078,70.8,1712,15.122339015987988,193,299.3008177570093,95.2
25,0.12896387244943952,1.3204016465853745,1.449365519034814,0.06448193622472331,7932,70.06448193622472,467,303.5207135653051,124.2,1697,14.98984188675912,222,243.70111962286387,90.0,1692,14.945676177016164,197,144.52263593380613,71.1
51,0.3860083031534334,1.1050889553239251,1.4910972584773585,0.1930041515767158,7914,69.90548538115007,498,286.1021101844832,118.5,1687,14.90151046727321,182,307.4956727919384,88.7,1720,15.193004151576716,206,164.33843023255812,78.1
71,0.030032682625208196,1.463706709483084,1.4937393921082922,0.015016341312602322,7923,69.9849836586874,481,315.7291556228701,117.9,1699,15.007508170656303,194,170.46409652736904,106.6,1699,15.007508170656303,211,161.5531489111242,71.2
50,0.07331507817330873,1.4697586139173944,1.543073692090703,0.03665753908665259,7928,70.02914936843035,483,312.48656659939456,124.9,1694,14.963342460913347,185,192.58955135773317,94.7,1699,15.007508170656303,218,154.19611536197763,70.8
78,0.20934546418161126,1.3393287831144645,1.5486742472960757,0.10467273209080474,7924,69.99381680063598,483,304.0692958101969,129.7,1687,14.90151046727321,203,224.15168938944873,94.4,1710,15.104672732090805,200,162.59087719298248,71.05
52,0.3409592792156122,1.2415327051671992,1.5824919843828114,0.1704796396078052,7944,70.1704796396078,518,309.7778449144008,118.6,1693,14.954509318964757,195,214.5479031305375,82.6,1684,14.875011041427436,173,143.41722090261283,94.4
29,0.030032682625208196,1.5971079247997158,1.627140607424924,0.015016341312602322,7923,69.9849836586874,484,310.7481383314401,129.8,1699,15.007508170656303,195,170.11035903472632,83.0,1699,15.007508170656303,207,185.13502060035316,70.8
61,0.5626711421252573,1.0813312468404312,1.6440023889656885,0.28133557106262685,7914,69.90548538115007,514,287.18971443012384,128.85000000000002,1677,14.813179047787298,174,302.868992248062,83.7,1730,15.281335571062627,198,164.675549132948,94.4
44,0.26234431587316465,1.3999816270354577,1.6623259429086223,0.13117215793657877,7915,69.91431852309866,475,312.65027163613394,118.6,1693,14.954509318964757,221,171.09935026580035,82.9,1713,15.131172157936579,190,175.90268534734383,83.3
12,0.1642964402437901,1.5251943971936481,1.6894908374374382,0.08214822012189416,7934,70.0821482201219,489,308.44940761280566,127.4,1694,14.963342460913347,213,178.76558441558444,82.9,1693,14.954509318964757,184,186.38682811577084,71.2
24,0.1210140446956931,1.6506570567804626,1.7716711014761557,0.060507022347849215,7920,69.95848423284163,498,308.1051136363636,141.5,1696,14.981008744810529,195,168.93944575471698,94.4,1705,15.06050702234785,193,198.7716129032258,60.1
53,0.6156699938168018,1.2054165750764212,1.821086568893223,0.3078349969084009,7906,69.83482024556135,490,261.44710346572225,118.0,1682,14.857344757530253,183,195.3087990487515,106.2,1733,15.3078349969084,213,386.6758222735141,76.9
