seed,check,status,leaked_value_count
0,product_id appears in only one split,PASS,0
0,identity key appears in only one split,PASS,0
0,connected component appears in only one split,PASS,0
1,product_id appears in only one split,PASS,0
1,identity key appears in only one split,PASS,0
1,connected component appears in only one split,PASS,0
2,product_id appears in only one split,PASS,0
2,identity key appears in only one split,PASS,0
2,connected component appears in only one split,PASS,0
3,product_id appears in only one split,PASS,0
3,identity key appears in only one split,PASS,0
3,connected component appears in only one split,PASS,0
4,product_id appears in only one split,PASS,0
4,identity key appears in only one split,PASS,0
4,connected component appears in only one split,PASS,0
5,product_id appears in only one split,PASS,0
5,identity key appears in only one split,PASS,0
5,connected component appears in only one split,PASS,0
6,product_id appears in only one split,PASS,0
6,identity key appears in only one split,PASS,0
6,connected component appears in only one split,PASS,0
7,product_id appears in only one split,PASS,0
7,identity key appears in only one split,PASS,0
7,connected component appears in only one split,PASS,0
8,product_id appears in only one split,PASS,0
8,identity key appears in only one split,PASS,0
8,connected component appears in only one split,PASS,0
9,product_id appears in only one split,PASS,0
9,identity key appears in only one split,PASS,0
9,connected component appears in only one split,PASS,0
10,product_id appears in only one split,PASS,0
10,identity key appears in only one split,PASS,0
10,connected component appears in only one split,PASS,0
11,product_id appears in only one split,PASS,0
11,identity key appears in only one split,PASS,0
11,connected component appears in only one split,PASS,0
12,product_id appears in only one split,PASS,0
12,identity key appears in only one split,PASS,0
12,connected component appears in only one split,PASS,0
13,product_id appears in only one split,PASS,0
13,identity key appears in only one split,PASS,0
13,connected component appears in only one split,PASS,0
14,product_id appears in only one split,PASS,0
14,identity key appears in only one split,PASS,0
14,connected component appears in only one split,PASS,0
15,product_id appears in only one split,PASS,0
15,identity key appears in only one split,PASS,0
15,connected component appears in only one split,PASS,0
16,product_id appears in only one split,PASS,0
16,identity key appears in only one split,PASS,0
16,connected component appears in only one split,PASS,0
17,product_id appears in only one split,PASS,0
17,identity key appears in only one split,PASS,0
17,connected component appears in only one split,PASS,0
18,product_id appears in only one split,PASS,0
18,identity key appears in only one split,PASS,0
18,connected component appears in only one split,PASS,0
19,product_id appears in only one split,PASS,0
19,identity key appears in only one split,PASS,0
19,connected component appears in only one split,PASS,0
20,product_id appears in only one split,PASS,0
20,identity key appears in only one split,PASS,0
20,connected component appears in only one split,PASS,0
21,product_id appears in only one split,PASS,0
21,identity key appears in only one split,PASS,0
21,connected component appears in only one split,PASS,0
22,product_id appears in only one split,PASS,0
22,identity key appears in only one split,PASS,0
22,connected component appears in only one split,PASS,0
23,product_id appears in only one split,PASS,0
23,identity key appears in only one split,PASS,0
23,connected component appears in only one split,PASS,0
24,product_id appears in only one split,PASS,0
24,identity key appears in only one split,PASS,0
24,connected component appears in only one split,PASS,0
25,product_id appears in only one split,PASS,0
25,identity key appears in only one split,PASS,0
25,connected component appears in only one split,PASS,0
26,product_id appears in only one split,PASS,0
26,identity key appears in only one split,PASS,0
26,connected component appears in only one split,PASS,0
27,product_id appears in only one split,PASS,0
27,identity key appears in only one split,PASS,0
27,connected component appears in only one split,PASS,0
28,product_id appears in only one split,PASS,0
28,identity key appears in only one split,PASS,0
28,connected component appears in only one split,PASS,0
29,product_id appears in only one split,PASS,0
29,identity key appears in only one split,PASS,0
29,connected component appears in only one split,PASS,0
30,product_id appears in only one split,PASS,0
30,identity key appears in only one split,PASS,0
30,connected component appears in only one split,PASS,0
31,product_id appears in only one split,PASS,0
31,identity key appears in only one split,PASS,0
31,connected component appears in only one split,PASS,0
32,product_id appears in only one split,PASS,0
32,identity key appears in only one split,PASS,0
32,connected component appears in only one split,PASS,0
33,product_id appears in only one split,PASS,0
33,identity key appears in only one split,PASS,0
33,connected component appears in only one split,PASS,0
34,product_id appears in only one split,PASS,0
34,identity key appears in only one split,PASS,0
34,connected component appears in only one split,PASS,0
35,product_id appears in only one split,PASS,0
35,identity key appears in only one split,PASS,0
35,connected component appears in only one split,PASS,0
36,product_id appears in only one split,PASS,0
36,identity key appears in only one split,PASS,0
36,connected component appears in only one split,PASS,0
37,product_id appears in only one split,PASS,0
37,identity key appears in only one split,PASS,0
37,connected component appears in only one split,PASS,0
38,product_id appears in only one split,PASS,0
38,identity key appears in only one split,PASS,0
38,connected component appears in only one split,PASS,0
39,product_id appears in only one split,PASS,0
39,identity key appears in only one split,PASS,0
39,connected component appears in only one split,PASS,0
40,product_id appears in only one split,PASS,0
40,identity key appears in only one split,PASS,0
40,connected component appears in only one split,PASS,0
41,product_id appears in only one split,PASS,0
41,identity key appears in only one split,PASS,0
41,connected component appears in only one split,PASS,0
42,product_id appears in only one split,PASS,0
42,identity key appears in only one split,PASS,0
42,connected component appears in only one split,PASS,0
43,product_id appears in only one split,PASS,0
43,identity key appears in only one split,PASS,0
43,connected component appears in only one split,PASS,0
44,product_id appears in only one split,PASS,0
44,identity key appears in only one split,PASS,0
44,connected component appears in only one split,PASS,0
45,product_id appears in only one split,PASS,0
45,identity key appears in only one split,PASS,0
45,connected component appears in only one split,PASS,0
46,product_id appears in only one split,PASS,0
46,identity key appears in only one split,PASS,0
46,connected component appears in only one split,PASS,0
47,product_id appears in only one split,PASS,0
47,identity key appears in only one split,PASS,0
47,connected component appears in only one split,PASS,0
48,product_id appears in only one split,PASS,0
48,identity key appears in only one split,PASS,0
48,connected component appears in only one split,PASS,0
49,product_id appears in only one split,PASS,0
49,identity key appears in only one split,PASS,0
49,connected component appears in only one split,PASS,0
50,product_id appears in only one split,PASS,0
50,identity key appears in only one split,PASS,0
50,connected component appears in only one split,PASS,0
51,product_id appears in only one split,PASS,0
51,identity key appears in only one split,PASS,0
51,connected component appears in only one split,PASS,0
52,product_id appears in only one split,PASS,0
52,identity key appears in only one split,PASS,0
52,connected component appears in only one split,PASS,0
53,product_id appears in only one split,PASS,0
53,identity key appears in only one split,PASS,0
53,connected component appears in only one split,PASS,0
54,product_id appears in only one split,PASS,0
54,identity key appears in only one split,PASS,0
54,connected component appears in only one split,PASS,0
55,product_id appears in only one split,PASS,0
55,identity key appears in only one split,PASS,0
55,connected component appears in only one split,PASS,0
56,product_id appears in only one split,PASS,0
56,identity key appears in only one split,PASS,0
56,connected component appears in only one split,PASS,0
57,product_id appears in only one split,PASS,0
57,identity key appears in only one split,PASS,0
57,connected component appears in only one split,PASS,0
58,product_id appears in only one split,PASS,0
58,identity key appears in only one split,PASS,0
58,connected component appears in only one split,PASS,0
59,product_id appears in only one split,PASS,0
59,identity key appears in only one split,PASS,0
59,connected component appears in only one split,PASS,0
60,product_id appears in only one split,PASS,0
60,identity key appears in only one split,PASS,0
60,connected component appears in only one split,PASS,0
61,product_id appears in only one split,PASS,0
61,identity key appears in only one split,PASS,0
61,connected component appears in only one split,PASS,0
62,product_id appears in only one split,PASS,0
62,identity key appears in only one split,PASS,0
62,connected component appears in only one split,PASS,0
63,product_id appears in only one split,PASS,0
63,identity key appears in only one split,PASS,0
63,connected component appears in only one split,PASS,0
64,product_id appears in only one split,PASS,0
64,identity key appears in only one split,PASS,0
64,connected component appears in only one split,PASS,0
65,product_id appears in only one split,PASS,0
65,identity key appears in only one split,PASS,0
65,connected component appears in only one split,PASS,0
66,product_id appears in only one split,PASS,0
66,identity key appears in only one split,PASS,0
66,connected component appears in only one split,PASS,0
67,product_id appears in only one split,PASS,0
67,identity key appears in only one split,PASS,0
67,connected component appears in only one split,PASS,0
68,product_id appears in only one split,PASS,0
68,identity key appears in only one split,PASS,0
68,connected component appears in only one split,PASS,0
69,product_id appears in only one split,PASS,0
69,identity key appears in only one split,PASS,0
69,connected component appears in only one split,PASS,0
70,product_id appears in only one split,PASS,0
70,identity key appears in only one split,PASS,0
70,connected component appears in only one split,PASS,0
71,product_id appears in only one split,PASS,0
71,identity key appears in only one split,PASS,0
71,connected component appears in only one split,PASS,0
72,product_id appears in only one split,PASS,0
72,identity key appears in only one split,PASS,0
72,connected component appears in only one split,PASS,0
73,product_id appears in only one split,PASS,0
73,identity key appears in only one split,PASS,0
73,connected component appears in only one split,PASS,0
74,product_id appears in only one split,PASS,0
74,identity key appears in only one split,PASS,0
74,connected component appears in only one split,PASS,0
75,product_id appears in only one split,PASS,0
75,identity key appears in only one split,PASS,0
75,connected component appears in only one split,PASS,0
76,product_id appears in only one split,PASS,0
76,identity key appears in only one split,PASS,0
76,connected component appears in only one split,PASS,0
77,product_id appears in only one split,PASS,0
77,identity key appears in only one split,PASS,0
77,connected component appears in only one split,PASS,0
78,product_id appears in only one split,PASS,0
78,identity key appears in only one split,PASS,0
78,connected component appears in only one split,PASS,0
79,product_id appears in only one split,PASS,0
79,identity key appears in only one split,PASS,0
79,connected component appears in only one split,PASS,0
80,product_id appears in only one split,PASS,0
80,identity key appears in only one split,PASS,0
80,connected component appears in only one split,PASS,0
81,product_id appears in only one split,PASS,0
81,identity key appears in only one split,PASS,0
81,connected component appears in only one split,PASS,0
82,product_id appears in only one split,PASS,0
82,identity key appears in only one split,PASS,0
82,connected component appears in only one split,PASS,0
83,product_id appears in only one split,PASS,0
83,identity key appears in only one split,PASS,0
83,connected component appears in only one split,PASS,0
84,product_id appears in only one split,PASS,0
84,identity key appears in only one split,PASS,0
84,connected component appears in only one split,PASS,0
85,product_id appears in only one split,PASS,0
85,identity key appears in only one split,PASS,0
85,connected component appears in only one split,PASS,0
86,product_id appears in only one split,PASS,0
86,identity key appears in only one split,PASS,0
86,connected component appears in only one split,PASS,0
87,product_id appears in only one split,PASS,0
87,identity key appears in only one split,PASS,0
87,connected component appears in only one split,PASS,0
88,product_id appears in only one split,PASS,0
88,identity key appears in only one split,PASS,0
88,connected component appears in only one split,PASS,0
89,product_id appears in only one split,PASS,0
89,identity key appears in only one split,PASS,0
89,connected component appears in only one split,PASS,0
90,product_id appears in only one split,PASS,0
90,identity key appears in only one split,PASS,0
90,connected component appears in only one split,PASS,0
91,product_id appears in only one split,PASS,0
91,identity key appears in only one split,PASS,0
91,connected component appears in only one split,PASS,0
92,product_id appears in only one split,PASS,0
92,identity key appears in only one split,PASS,0
92,connected component appears in only one split,PASS,0
93,product_id appears in only one split,PASS,0
93,identity key appears in only one split,PASS,0
93,connected component appears in only one split,PASS,0
94,product_id appears in only one split,PASS,0
94,identity key appears in only one split,PASS,0
94,connected component appears in only one split,PASS,0
95,product_id appears in only one split,PASS,0
95,identity key appears in only one split,PASS,0
95,connected component appears in only one split,PASS,0
96,product_id appears in only one split,PASS,0
96,identity key appears in only one split,PASS,0
96,connected component appears in only one split,PASS,0
97,product_id appears in only one split,PASS,0
97,identity key appears in only one split,PASS,0
97,connected component appears in only one split,PASS,0
98,product_id appears in only one split,PASS,0
98,identity key appears in only one split,PASS,0
98,connected component appears in only one split,PASS,0
99,product_id appears in only one split,PASS,0
99,identity key appears in only one split,PASS,0
99,connected component appears in only one split,PASS,0
